count,diff_srv_rate,dst_bytes,dst_host_count,dst_host_diff_srv_rate,dst_host_rerror_rate,dst_host_same_src_port_rate,dst_host_same_srv_rate,dst_host_serror_rate,dst_host_srv_count,dst_host_srv_diff_host_rate,dst_host_srv_rerror_rate,dst_host_srv_serror_rate,duration,flag_oth,flag_rej,flag_rsto,flag_rstos0,flag_rstr,flag_s0,flag_s1,flag_s2,flag_s3,flag_sf,flag_sh,hot,is_guest_login,is_host_login,label,land,logged_in,num_access_files,num_compromised,num_failed_logins,num_file_creations,num_outbound_cmds,num_root,num_shells,protocol_type_icmp,protocol_type_tcp,protocol_type_udp,rerror_rate,root_shell,same_srv_rate,serror_rate,service_aol,service_auth,service_bgp,service_courier,service_csnet_ns,service_ctf,service_daytime,service_discard,service_domain,service_domain_u,service_echo,service_eco_i,service_ecr_i,service_efs,service_exec,service_finger,service_ftp,service_ftp_data,service_gopher,service_harvest,service_hostnames,service_http,service_http_2784,service_http_443,service_http_8001,service_imap4,service_irc,service_iso_tsap,service_klogin,service_kshell,service_ldap,service_link,service_login,service_mtp,service_name,service_netbios_dgm,service_netbios_ns,service_netbios_ssn,service_netstat,service_nnsp,service_nntp,service_ntp_u,service_other,service_pm_dump,service_pop_2,service_pop_3,service_printer,service_private,service_red_i,service_remote_job,service_rje,service_shell,service_smtp,service_sql_net,service_ssh,service_sunrpc,service_supdup,service_systat,service_telnet,service_tftp_u,service_tim_i,service_time,service_urh_i,service_urp_i,service_uucp,service_uucp_path,service_vmnet,service_whois,service_x11,service_z39_50,src_bytes,srv_count,srv_diff_host_rate,srv_rerror_rate,srv_serror_rate,su_attempted,urgent,wrong_fragment
1,0.0,0,4,0.0,1.0,0.25,1.0,0.0,253,0.19,0.99,0.0,0,0,1,0,0,0,0,0,0,0,0,0,0,0,0,normal,0,0,0,0,0,0,0,0,0,0,1,0,1.0,0,1.0,0.0,0,0,0,0,0,0,0,0,0,0,0,0,0,0,0,0,0,0,0,0,0,1,0,0,0,0,0,0,0,0,0,0,0,0,0,0,0,0,0,0,0,0,0,0,0,0,0,0,0,0,0,0,0,0,0,0,0,0,0,0,0,0,0,0,0,0,0,0,0,0,0,2,1.0,1.0,0.0,0,0,0
8,0.0,318,255,0.0,0.0,0.0,1.0,0.0,255,0.0,0.0,0.0,0,0,0,0,0,0,0,0,0,0,1,0,0,0,0,normal,0,1,0,0,0,0,0,0,0,0,1,0,0.0,0,1.0,0.0,0,0,0,0,0,0,0,0,0,0,0,0,0,0,0,0,0,0,0,0,0,1,0,0,0,0,0,0,0,0,0,0,0,0,0,0,0,0,0,0,0,0,0,0,0,0,0,0,0,0,0,0,0,0,0,0,0,0,0,0,0,0,0,0,0,0,0,0,0,0,192,8,0.0,0.0,0.0,0,0,0
293,0.06,0,255,0.07,0.0,0.0,0.02,1.0,5,0.0,0.0,1.0,0,0,0,0,0,0,1,0,0,0,0,0,0,0,0,neptune,0,0,0,0,0,0,0,0,0,0,1,0,0.0,0,0.04,1.0,0,0,0,0,0,0,0,0,0,0,0,0,0,0,0,0,0,0,0,0,0,0,0,0,0,0,0,0,0,0,0,0,0,0,0,0,0,0,0,0,0,0,0,0,0,0,0,1,0,0,0,0,0,0,0,0,0,0,0,0,0,0,0,0,0,0,0,0,0,0,0,12,0.0,0.0,1.0,0,0,0
1,0.0,338,148,0.04,0.0,0.01,0.64,0.0,172,0.01,0.0,0.0,1,0,0,0,0,0,0,0,0,0,1,0,0,0,0,normal,0,1,0,0,0,0,0,0,0,0,1,0,0.0,0,1.0,0.0,0,0,0,0,0,0,0,0,0,0,0,0,0,0,0,0,0,0,0,0,0,0,0,0,0,0,0,0,0,0,0,0,0,0,0,0,0,0,0,0,0,0,0,0,0,0,0,0,0,0,0,0,1,0,0,0,0,0,0,0,0,0,0,0,0,0,0,0,0,0,787,2,1.0,0.0,0.0,0,0,0
105,0.07,0,255,0.08,1.0,0.0,0.05,0.0,12,0.0,1.0,0.0,0,0,1,0,0,0,0,0,0,0,0,0,0,0,0,neptune,0,0,0,0,0,0,0,0,0,0,1,0,1.0,0,0.14,0.0,0,0,1,0,0,0,0,0,0,0,0,0,0,0,0,0,0,0,0,0,0,0,0,0,0,0,0,0,0,0,0,0,0,0,0,0,0,0,0,0,0,0,0,0,0,0,0,0,0,0,0,0,0,0,0,0,0,0,0,0,0,0,0,0,0,0,0,0,0,0,0,15,0.0,1.0,0.0,0,0,0
162,0.0,81,255,0.01,0.0,0.01,1.0,0.0,254,0.0,0.0,0.0,0,0,0,0,0,0,0,0,0,0,1,0,0,0,0,normal,0,0,0,0,0,0,0,0,0,0,0,1,0.0,0,1.0,0.0,0,0,0,0,0,0,0,0,0,1,0,0,0,0,0,0,0,0,0,0,0,0,0,0,0,0,0,0,0,0,0,0,0,0,0,0,0,0,0,0,0,0,0,0,0,0,0,0,0,0,0,0,0,0,0,0,0,0,0,0,0,0,0,0,0,0,0,0,0,0,45,162,0.0,0.0,0.0,0,0,0
62,0.0,0,255,0.0,0.0,1.0,1.0,0.0,255,0.0,0.0,0.0,0,0,0,0,0,0,0,0,0,0,1,0,0,0,0,smurf,0,0,0,0,0,0,0,0,0,1,0,0,0.0,0,1.0,0.0,0,0,0,0,0,0,0,0,0,0,0,0,1,0,0,0,0,0,0,0,0,0,0,0,0,0,0,0,0,0,0,0,0,0,0,0,0,0,0,0,0,0,0,0,0,0,0,0,0,0,0,0,0,0,0,0,0,0,0,0,0,0,0,0,0,0,0,0,0,0,1032,62,0.0,0.0,0.0,0,0,0
1,0.0,4152,2,1.0,0.0,0.5,0.5,0.0,1,0.0,0.0,0.0,27,0,0,0,0,0,0,0,0,0,1,0,30,1,0,normal,0,1,0,0,0,0,0,0,0,0,1,0,0.0,0,1.0,0.0,0,0,0,0,0,0,0,0,0,0,0,0,0,0,0,0,1,0,0,0,0,0,0,0,0,0,0,0,0,0,0,0,0,0,0,0,0,0,0,0,0,0,0,0,0,0,0,0,0,0,0,0,0,0,0,0,0,0,0,0,0,0,0,0,0,0,0,0,0,0,1509,1,0.0,0.0,0.0,0,0,0
248,0.05,0,52,0.1,0.0,0.02,0.42,0.96,22,0.0,0.0,1.0,0,0,0,0,0,0,1,0,0,0,0,0,0,0,0,neptune,0,0,0,0,0,0,0,0,0,0,1,0,0.0,0,0.09,1.0,0,0,0,0,0,0,0,0,0,0,0,0,0,0,0,0,0,0,0,0,0,0,0,0,0,0,0,0,0,0,0,0,0,0,0,0,0,0,0,0,0,0,0,0,0,0,0,1,0,0,0,0,0,0,0,0,0,0,0,0,0,0,0,0,0,0,0,0,0,0,0,22,0.0,0.0,1.0,0,0,0
69,0.06,0,151,0.03,0.0,0.03,0.25,0.99,39,0.05,0.0,0.92,0,0,0,0,0,0,1,0,0,0,0,0,0,0,0,neptune,0,0,0,0,0,0,0,0,0,0,1,0,0.0,0,0.23,1.0,0,0,0,0,0,0,0,0,0,0,0,0,0,0,0,0,0,0,0,0,0,0,0,0,0,0,0,0,0,0,0,0,0,0,0,0,0,0,0,0,0,0,0,0,0,0,0,0,0,0,0,0,0,0,0,0,0,0,1,0,0,0,0,0,0,0,0,0,0,0,0,16,0.0,0.0,1.0,0,0,0
1,0.0,0,159,0.94,0.0,0.95,0.01,0.95,1,0.0,0.0,1.0,0,0,0,0,0,0,0,0,0,0,0,1,0,0,0,nmap,0,0,0,0,0,0,0,0,0,0,1,0,0.0,0,1.0,1.0,0,0,0,0,0,0,0,0,0,0,0,0,0,0,0,0,0,0,0,0,0,0,0,0,0,0,0,0,0,0,0,0,0,0,0,0,0,0,0,0,0,0,0,0,0,0,0,1,0,0,0,0,0,0,0,0,0,0,0,0,0,0,0,0,0,0,0,0,0,0,0,1,0.0,0.0,1.0,0,0,0
104,0.07,0,255,0.06,0.0,0.0,0.02,1.0,4,0.0,0.0,1.0,0,0,0,0,0,0,1,0,0,0,0,0,0,0,0,neptune,0,0,0,0,0,0,0,0,0,0,1,0,0.0,0,0.04,1.0,0,0,0,0,0,0,0,0,0,0,0,0,0,0,0,0,0,0,0,0,0,0,0,0,0,0,0,0,0,0,1,0,0,0,0,0,0,0,0,0,0,0,0,0,0,0,0,0,0,0,0,0,0,0,0,0,0,0,0,0,0,0,0,0,0,0,0,0,0,0,0,4,0.0,0.0,1.0,0,0,0
4,0.75,105,255,0.84,0.0,1.0,0.0,0.0,1,0.0,0.0,0.0,2630,0,0,0,0,0,0,0,0,0,1,0,0,0,0,normal,0,0,0,0,0,0,0,0,0,0,0,1,0.0,0,0.25,0.0,0,0,0,0,0,0,0,0,0,0,0,0,0,0,0,0,0,0,0,0,0,0,0,0,0,0,0,0,0,0,0,0,0,0,0,0,0,0,0,0,0,0,1,0,0,0,0,0,0,0,0,0,0,0,0,0,0,0,0,0,0,0,0,0,0,0,0,0,0,0,146,1,0.0,0.0,0.0,0,0,0
17,0.0,269,255,0.0,0.0,0.0,1.0,0.0,255,0.0,0.0,0.0,0,0,0,0,0,0,0,0,0,0,1,0,0,0,0,normal,0,1,0,0,0,0,0,0,0,0,1,0,0.0,0,1.0,0.0,0,0,0,0,0,0,0,0,0,0,0,0,0,0,0,0,0,0,0,0,0,1,0,0,0,0,0,0,0,0,0,0,0,0,0,0,0,0,0,0,0,0,0,0,0,0,0,0,0,0,0,0,0,0,0,0,0,0,0,0,0,0,0,0,0,0,0,0,0,0,219,19,0.16,0.0,0.0,0,0,0
1,0.0,7161,128,0.0,0.0,0.01,1.0,0.01,255,0.01,0.0,0.0,16,0,0,0,0,0,0,0,0,0,1,0,0,0,0,normal,0,1,0,0,0,0,0,0,0,0,1,0,0.0,0,1.0,0.0,0,0,0,0,0,0,0,0,0,0,0,0,0,0,0,0,0,0,0,0,0,1,0,0,0,0,0,0,0,0,0,0,0,0,0,0,0,0,0,0,0,0,0,0,0,0,0,0,0,0,0,0,0,0,0,0,0,0,0,0,0,0,0,0,0,0,0,0,0,0,326,1,0.0,0.0,0.0,0,0,0
1,0.0,1553,1,0.0,0.0,1.0,1.0,0.0,255,0.08,0.0,0.0,0,0,0,0,0,0,0,0,0,0,1,0,0,0,0,normal,0,1,0,0,0,0,0,0,0,0,1,0,0.0,0,1.0,0.0,0,0,0,0,0,0,0,0,0,0,0,0,0,0,0,0,0,0,0,0,0,1,0,0,0,0,0,0,0,0,0,0,0,0,0,0,0,0,0,0,0,0,0,0,0,0,0,0,0,0,0,0,0,0,0,0,0,0,0,0,0,0,0,0,0,0,0,0,0,0,233,1,0.0,0.0,0.0,0,0,0
2,0.0,0,216,0.01,0.0,0.85,0.85,0.0,184,0.0,0.0,0.0,0,0,0,0,0,0,0,0,0,0,1,0,0,0,0,nmap,0,0,0,0,0,0,0,0,0,0,0,1,0.0,0,1.0,0.0,0,0,0,0,0,0,0,0,0,0,0,0,0,0,0,0,0,0,0,0,0,0,0,0,0,0,0,0,0,0,0,0,0,0,0,0,0,0,0,0,0,0,0,0,0,0,0,1,0,0,0,0,0,0,0,0,0,0,0,0,0,0,0,0,0,0,0,0,0,0,207,2,0.0,0.0,0.0,0,0,0
18,0.0,716,19,0.0,0.0,0.05,1.0,0.0,137,0.06,0.0,0.0,0,0,0,0,0,0,0,0,0,0,1,0,0,0,0,normal,0,1,0,0,0,0,0,0,0,0,1,0,0.0,0,1.0,0.0,0,0,0,0,0,0,0,0,0,0,0,0,0,0,0,0,0,0,0,0,0,1,0,0,0,0,0,0,0,0,0,0,0,0,0,0,0,0,0,0,0,0,0,0,0,0,0,0,0,0,0,0,0,0,0,0,0,0,0,0,0,0,0,0,0,0,0,0,0,0,204,19,0.11,0.0,0.0,0,0,0
137,0.07,0,255,0.06,0.0,0.0,0.07,1.0,19,0.0,0.0,1.0,0,0,0,0,0,0,1,0,0,0,0,0,0,0,0,neptune,0,0,0,0,0,0,0,0,0,0,1,0,0.0,0,0.14,1.0,0,0,0,0,0,0,0,0,0,0,0,0,0,0,0,0,0,0,0,0,0,0,0,0,0,0,0,0,1,0,0,0,0,0,0,0,0,0,0,0,0,0,0,0,0,0,0,0,0,0,0,0,0,0,0,0,0,0,0,0,0,0,0,0,0,0,0,0,0,0,0,19,0.0,0.0,1.0,0,0,0
97,0.08,0,255,0.07,0.0,0.0,0.01,1.0,2,0.0,0.0,1.0,0,0,0,0,0,0,1,0,0,0,0,0,0,0,0,neptune,0,0,0,0,0,0,0,0,0,0,1,0,0.0,0,0.02,1.0,0,0,0,0,0,0,0,0,0,0,0,0,0,0,1,0,0,0,0,0,0,0,0,0,0,0,0,0,0,0,0,0,0,0,0,0,0,0,0,0,0,0,0,0,0,0,0,0,0,0,0,0,0,0,0,0,0,0,0,0,0,0,0,0,0,0,0,0,0,0,0,2,0.0,0.0,1.0,0,0,0
1,0.0,0,156,0.04,0.0,0.01,0.01,0.01,1,0.0,0.0,1.0,0,0,0,0,0,0,0,1,0,0,0,0,0,0,0,normal,0,0,0,0,0,0,0,0,0,0,1,0,0.0,0,1.0,1.0,0,0,0,0,0,0,0,0,0,0,0,0,0,0,0,0,0,0,0,0,0,0,0,0,0,0,0,0,0,0,0,0,0,0,0,0,0,0,0,0,0,0,0,0,0,0,0,0,0,0,0,0,0,0,0,0,0,0,1,0,0,0,0,0,0,0,0,0,0,0,0,1,0.0,0.0,1.0,0,0,0
190,0.06,0,255,0.07,0.0,0.0,0.08,1.0,20,0.0,0.0,1.0,0,0,0,0,0,0,1,0,0,0,0,0,0,0,0,neptune,0,0,0,0,0,0,0,0,0,0,1,0,0.0,0,0.03,1.0,0,0,0,0,0,0,0,0,0,0,0,0,0,0,0,0,0,0,0,0,0,0,0,0,0,0,0,0,0,0,0,0,0,0,0,0,0,0,0,0,0,0,0,0,0,0,0,1,0,0,0,0,0,0,0,0,0,0,0,0,0,0,0,0,0,0,0,0,0,0,0,6,0.0,0.0,1.0,0,0,0
15,0.0,0,255,0.02,0.0,0.12,0.29,0.66,73,0.0,0.0,0.59,0,0,0,0,0,0,0,0,0,0,1,0,0,0,0,normal,0,1,0,0,0,0,0,0,0,0,1,0,0.0,0,1.0,0.0,0,0,0,0,0,0,0,0,0,0,0,0,0,0,0,0,0,1,0,0,0,0,0,0,0,0,0,0,0,0,0,0,0,0,0,0,0,0,0,0,0,0,0,0,0,0,0,0,0,0,0,0,0,0,0,0,0,0,0,0,0,0,0,0,0,0,0,0,0,0,15876,15,0.0,0.0,0.0,0,0,0
4,0.75,715,255,0.03,0.39,0.0,0.13,0.0,33,0.0,0.82,0.03,3,0,0,0,0,0,0,0,0,0,1,0,0,0,0,mscan,0,0,0,0,0,0,0,0,0,0,1,0,0.75,0,0.5,0.0,0,0,0,0,0,0,0,0,0,0,0,0,0,0,0,0,0,0,0,0,0,0,0,0,0,0,0,0,0,0,0,0,0,0,0,0,0,0,0,0,0,0,0,0,0,0,0,0,0,0,0,0,0,0,0,0,0,0,1,0,0,0,0,0,0,0,0,0,0,0,24,11,0.55,0.45,0.09,0,0,0
132,0.0,70,255,0.01,0.0,0.01,0.99,0.0,253,0.0,0.0,0.0,0,0,0,0,0,0,0,0,0,0,1,0,0,0,0,normal,0,0,0,0,0,0,0,0,0,0,0,1,0.0,0,1.0,0.0,0,0,0,0,0,0,0,0,0,1,0,0,0,0,0,0,0,0,0,0,0,0,0,0,0,0,0,0,0,0,0,0,0,0,0,0,0,0,0,0,0,0,0,0,0,0,0,0,0,0,0,0,0,0,0,0,0,0,0,0,0,0,0,0,0,0,0,0,0,0,43,132,0.0,0.0,0.0,0,0,0
373,1.0,0,255,1.0,0.91,0.0,0.0,0.09,1,0.0,1.0,0.0,0,0,1,0,0,0,0,0,0,0,0,0,0,0,0,satan,0,0,0,0,0,0,0,0,0,0,1,0,0.92,0,0.0,0.06,0,0,0,0,0,0,0,0,0,0,0,0,0,0,0,0,0,0,0,0,0,0,0,0,0,0,0,0,0,0,0,0,0,0,0,0,0,0,0,0,0,0,0,0,0,0,0,1,0,0,0,0,0,0,0,0,0,0,0,0,0,0,0,0,0,0,0,0,0,0,0,1,0.0,1.0,0.0,0,0,0
124,0.06,0,255,0.06,0.3,0.0,0.07,0.7,18,0.0,1.0,0.0,0,0,1,0,0,0,0,0,0,0,0,0,0,0,0,neptune,0,0,0,0,0,0,0,0,0,0,1,0,0.32,0,0.15,0.68,0,0,0,0,0,0,0,0,0,0,0,0,0,0,0,0,0,0,0,0,0,0,0,0,0,0,0,0,0,0,0,0,0,0,0,0,0,0,0,0,0,0,0,0,0,0,0,1,0,0,0,0,0,0,0,0,0,0,0,0,0,0,0,0,0,0,0,0,0,0,0,18,0.0,1.0,0.0,0,0,0
211,0.06,0,255,0.07,0.0,0.0,0.07,1.0,18,0.0,0.0,1.0,0,0,0,0,0,0,1,0,0,0,0,0,0,0,0,neptune,0,0,0,0,0,0,0,0,0,0,1,0,0.0,0,0.01,1.0,0,0,0,0,0,0,0,0,0,0,0,0,0,0,0,0,0,0,0,0,0,0,0,0,0,0,0,0,0,0,0,0,0,0,0,1,0,0,0,0,0,0,0,0,0,0,0,0,0,0,0,0,0,0,0,0,0,0,0,0,0,0,0,0,0,0,0,0,0,0,0,3,0.0,0.0,1.0,0,0,0
212,0.06,0,255,0.07,0.0,0.0,0.05,1.0,14,0.0,0.0,1.0,0,0,0,0,0,0,1,0,0,0,0,0,0,0,0,neptune,0,0,0,0,0,0,0,0,0,0,1,0,0.0,0,0.07,1.0,0,0,0,0,0,0,0,0,0,0,1,0,0,0,0,0,0,0,0,0,0,0,0,0,0,0,0,0,0,0,0,0,0,0,0,0,0,0,0,0,0,0,0,0,0,0,0,0,0,0,0,0,0,0,0,0,0,0,0,0,0,0,0,0,0,0,0,0,0,0,0,15,0.0,0.0,1.0,0,0,0
116,0.07,0,255,0.07,0.0,0.0,0.01,1.0,2,0.0,0.0,1.0,0,0,0,0,0,0,1,0,0,0,0,0,0,0,0,neptune,0,0,0,0,0,0,0,0,0,0,1,0,0.0,0,0.02,1.0,0,0,0,0,0,0,0,0,0,0,0,0,0,0,0,0,0,0,0,0,0,0,0,0,0,0,0,0,0,0,0,0,0,0,0,0,0,0,0,0,0,0,0,0,0,0,0,0,0,0,0,0,0,0,0,0,0,1,0,0,0,0,0,0,0,0,0,0,0,0,0,2,0.0,0.0,1.0,0,0,0
238,0.07,0,255,0.08,1.0,0.0,0.0,0.0,1,0.0,1.0,0.0,0,0,1,0,0,0,0,0,0,0,0,0,0,0,0,neptune,0,0,0,0,0,0,0,0,0,0,1,0,1.0,0,0.0,0.0,0,0,0,0,0,0,0,0,0,0,0,0,0,0,0,0,0,0,0,0,0,0,0,0,0,0,0,0,0,0,0,0,0,0,0,0,0,0,0,0,0,0,0,0,0,0,0,0,0,0,0,0,0,0,0,0,0,0,0,0,0,0,0,0,0,0,0,0,0,1,0,1,0.0,1.0,0.0,0,0,0
1,0.0,329,117,0.05,0.01,0.01,0.79,0.01,159,0.01,0.0,0.01,0,0,0,0,0,0,0,0,0,0,1,0,0,0,0,normal,0,1,0,0,0,0,0,0,0,0,1,0,0.0,0,1.0,0.0,0,0,0,0,0,0,0,0,0,0,0,0,0,0,0,0,0,0,0,0,0,0,0,0,0,0,0,0,0,0,0,0,0,0,0,0,0,0,0,0,0,0,0,0,0,0,0,0,0,0,0,0,1,0,0,0,0,0,0,0,0,0,0,0,0,0,0,0,0,0,4358,2,1.0,0.0,0.0,0,0,0
2,0.0,0,2,0.0,0.0,1.0,1.0,0.0,2,0.0,0.0,0.0,0,0,0,0,0,0,0,0,0,0,1,0,0,0,0,normal,0,1,0,0,0,0,0,0,0,0,1,0,0.0,0,1.0,0.0,0,0,0,0,0,0,0,0,0,0,0,0,0,0,0,0,0,1,0,0,0,0,0,0,0,0,0,0,0,0,0,0,0,0,0,0,0,0,0,0,0,0,0,0,0,0,0,0,0,0,0,0,0,0,0,0,0,0,0,0,0,0,0,0,0,0,0,0,0,0,383,2,0.0,0.0,0.0,0,0,0
1,0.0,0,1,0.0,0.0,1.0,1.0,0.0,87,1.0,0.0,0.0,0,0,0,0,0,0,0,0,0,0,1,0,0,0,0,ipsweep,0,0,0,0,0,0,0,0,0,1,0,0,0.0,0,1.0,0.0,0,0,0,0,0,0,0,0,0,0,0,1,0,0,0,0,0,0,0,0,0,0,0,0,0,0,0,0,0,0,0,0,0,0,0,0,0,0,0,0,0,0,0,0,0,0,0,0,0,0,0,0,0,0,0,0,0,0,0,0,0,0,0,0,0,0,0,0,0,0,18,1,0.0,0.0,0.0,0,0,0
127,0.07,0,255,0.08,1.0,0.0,0.01,0.0,3,0.0,1.0,0.0,0,0,0,1,0,0,0,0,0,0,0,0,0,0,0,neptune,0,0,0,0,0,0,0,0,0,0,1,0,1.0,0,0.02,0.0,0,0,0,0,0,0,0,0,0,0,0,0,0,0,0,0,0,0,0,0,0,0,0,0,0,0,0,0,0,0,0,0,0,0,0,0,0,0,0,0,0,0,0,0,0,0,0,1,0,0,0,0,0,0,0,0,0,0,0,0,0,0,0,0,0,0,0,0,0,0,0,3,0.0,1.0,0.0,0,0,0
1,0.0,331,105,0.03,0.0,0.01,0.6,0.0,142,0.01,0.0,0.0,1,0,0,0,0,0,0,0,0,0,1,0,0,0,0,normal,0,1,0,0,0,0,0,0,0,0,1,0,0.0,0,1.0,0.0,0,0,0,0,0,0,0,0,0,0,0,0,0,0,0,0,0,0,0,0,0,0,0,0,0,0,0,0,0,0,0,0,0,0,0,0,0,0,0,0,0,0,0,0,0,0,0,0,0,0,0,0,1,0,0,0,0,0,0,0,0,0,0,0,0,0,0,0,0,0,898,1,0.0,0.0,0.0,0,0,0
1,0.0,1458,142,0.03,0.0,0.01,0.77,0.0,110,0.0,0.0,0.0,27,0,0,0,0,0,0,0,0,0,1,0,0,0,0,normal,0,1,0,0,0,0,0,0,0,0,1,0,0.0,0,1.0,0.0,0,0,0,0,0,0,0,0,0,0,0,0,0,0,0,0,0,0,0,0,0,0,0,0,0,0,0,0,0,0,0,0,0,0,0,0,0,0,0,0,0,0,0,0,0,0,0,0,0,0,0,0,1,0,0,0,0,0,0,0,0,0,0,0,0,0,0,0,0,0,12035,1,0.0,0.0,0.0,0,0,0
274,0.01,135,255,0.01,0.0,0.0,0.98,0.0,251,0.0,0.0,0.0,0,0,0,0,0,0,0,0,0,0,1,0,0,0,0,normal,0,0,0,0,0,0,0,0,0,0,0,1,0.0,0,1.0,0.0,0,0,0,0,0,0,0,0,0,1,0,0,0,0,0,0,0,0,0,0,0,0,0,0,0,0,0,0,0,0,0,0,0,0,0,0,0,0,0,0,0,0,0,0,0,0,0,0,0,0,0,0,0,0,0,0,0,0,0,0,0,0,0,0,0,0,0,0,0,0,43,273,0.0,0.0,0.0,0,0,0
1,0.0,330,124,0.02,0.0,0.01,0.74,0.0,201,0.01,0.0,0.0,0,0,0,0,0,0,0,0,0,0,1,0,0,0,0,normal,0,1,0,0,0,0,0,0,0,0,1,0,0.0,0,1.0,0.0,0,0,0,0,0,0,0,0,0,0,0,0,0,0,0,0,0,0,0,0,0,0,0,0,0,0,0,0,0,0,0,0,0,0,0,0,0,0,0,0,0,0,0,0,0,0,0,0,0,0,0,0,1,0,0,0,0,0,0,0,0,0,0,0,0,0,0,0,0,0,1201,1,0.0,0.0,0.0,0,0,0
216,0.05,0,174,0.07,0.0,0.01,0.05,0.99,9,0.0,0.0,1.0,0,0,0,0,0,0,1,0,0,0,0,0,0,0,0,neptune,0,0,0,0,0,0,0,0,0,0,1,0,0.0,0,0.04,1.0,0,0,1,0,0,0,0,0,0,0,0,0,0,0,0,0,0,0,0,0,0,0,0,0,0,0,0,0,0,0,0,0,0,0,0,0,0,0,0,0,0,0,0,0,0,0,0,0,0,0,0,0,0,0,0,0,0,0,0,0,0,0,0,0,0,0,0,0,0,0,0,9,0.0,0.0,1.0,0,0,0
5,0.0,10066,5,0.0,0.0,0.2,1.0,0.0,255,0.03,0.0,0.01,0,0,0,0,0,0,0,0,0,0,1,0,0,0,0,normal,0,1,0,0,0,0,0,0,0,0,1,0,0.0,0,1.0,0.0,0,0,0,0,0,0,0,0,0,0,0,0,0,0,0,0,0,0,0,0,0,1,0,0,0,0,0,0,0,0,0,0,0,0,0,0,0,0,0,0,0,0,0,0,0,0,0,0,0,0,0,0,0,0,0,0,0,0,0,0,0,0,0,0,0,0,0,0,0,0,241,5,0.0,0.0,0.0,0,0,0
1,0.0,0,2,0.0,0.0,1.0,1.0,0.0,129,0.5,0.0,0.0,0,0,0,0,0,0,0,0,0,0,1,0,0,0,0,ipsweep,0,0,0,0,0,0,0,0,0,1,0,0,0.0,0,1.0,0.0,0,0,0,0,0,0,0,0,0,0,0,1,0,0,0,0,0,0,0,0,0,0,0,0,0,0,0,0,0,0,0,0,0,0,0,0,0,0,0,0,0,0,0,0,0,0,0,0,0,0,0,0,0,0,0,0,0,0,0,0,0,0,0,0,0,0,0,0,0,0,8,11,1.0,0.0,0.0,0,0,0
286,0.06,0,255,0.07,1.0,0.0,0.12,0.0,31,0.0,1.0,0.0,0,0,1,0,0,0,0,0,0,0,0,0,0,0,0,neptune,0,0,0,0,0,0,0,0,0,0,1,0,1.0,0,0.06,0.0,0,0,0,0,0,0,0,0,0,0,0,0,0,0,0,0,0,0,0,0,0,0,0,0,0,0,0,0,0,0,0,0,0,0,0,0,0,0,0,0,0,0,0,0,0,0,0,1,0,0,0,0,0,0,0,0,0,0,0,0,0,0,0,0,0,0,0,0,0,0,0,17,0.0,1.0,0.0,0,0,0
272,0.06,0,255,0.07,1.0,0.0,0.03,0.0,7,0.0,1.0,0.0,0,0,1,0,0,0,0,0,0,0,0,0,0,0,0,neptune,0,0,0,0,0,0,0,0,0,0,1,0,1.0,0,0.03,0.0,0,0,0,0,0,0,0,0,0,0,0,0,0,0,0,0,0,0,0,0,0,0,0,0,0,0,0,0,0,0,0,0,0,1,0,0,0,0,0,0,0,0,0,0,0,0,0,0,0,0,0,0,0,0,0,0,0,0,0,0,0,0,0,0,0,0,0,0,0,0,0,7,0.0,1.0,0.0,0,0,0
7,0.0,1054,7,0.0,0.0,0.14,1.0,0.0,255,0.01,0.0,0.01,0,0,0,0,0,0,0,0,0,0,1,0,0,0,0,normal,0,1,0,0,0,0,0,0,0,0,1,0,0.0,0,1.0,0.0,0,0,0,0,0,0,0,0,0,0,0,0,0,0,0,0,0,0,0,0,0,1,0,0,0,0,0,0,0,0,0,0,0,0,0,0,0,0,0,0,0,0,0,0,0,0,0,0,0,0,0,0,0,0,0,0,0,0,0,0,0,0,0,0,0,0,0,0,0,0,237,17,0.18,0.0,0.0,0,0,0
509,0.0,0,255,0.16,0.0,0.69,0.69,0.0,176,0.0,0.0,0.0,0,0,0,0,0,0,0,0,0,0,1,0,0,0,0,smurf,0,0,0,0,0,0,0,0,0,1,0,0,0.0,0,1.0,0.0,0,0,0,0,0,0,0,0,0,0,0,0,1,0,0,0,0,0,0,0,0,0,0,0,0,0,0,0,0,0,0,0,0,0,0,0,0,0,0,0,0,0,0,0,0,0,0,0,0,0,0,0,0,0,0,0,0,0,0,0,0,0,0,0,0,0,0,0,0,0,1032,508,0.0,0.0,0.0,0,0,0
1,0.0,7129,7,0.0,0.0,0.14,1.0,0.14,255,0.09,0.0,0.0,0,0,0,0,0,0,0,0,0,0,1,0,0,0,0,normal,0,1,0,0,0,0,0,0,0,0,1,0,0.0,0,1.0,0.0,0,0,0,0,0,0,0,0,0,0,0,0,0,0,0,0,0,0,0,0,0,1,0,0,0,0,0,0,0,0,0,0,0,0,0,0,0,0,0,0,0,0,0,0,0,0,0,0,0,0,0,0,0,0,0,0,0,0,0,0,0,0,0,0,0,0,0,0,0,0,217,14,0.14,0.0,0.0,0,0,0
1,0.0,5921,49,0.0,0.0,0.02,1.0,0.0,255,0.07,0.0,0.0,0,0,0,0,0,0,0,0,0,0,1,0,0,0,0,normal,0,1,0,0,0,0,0,0,0,0,1,0,0.0,0,1.0,0.0,0,0,0,0,0,0,0,0,0,0,0,0,0,0,0,0,0,0,0,0,0,1,0,0,0,0,0,0,0,0,0,0,0,0,0,0,0,0,0,0,0,0,0,0,0,0,0,0,0,0,0,0,0,0,0,0,0,0,0,0,0,0,0,0,0,0,0,0,0,0,284,1,0.0,0.0,0.0,0,0,0
122,0.05,0,255,0.06,0.0,0.0,0.03,1.0,8,0.0,0.0,1.0,0,0,0,0,0,0,1,0,0,0,0,0,0,0,0,neptune,0,0,0,0,0,0,0,0,0,0,1,0,0.0,0,0.07,1.0,0,0,0,0,0,0,0,0,0,0,0,0,0,0,0,0,0,0,0,0,0,0,0,0,0,0,0,0,0,0,0,0,0,0,0,0,0,0,0,0,0,0,0,0,0,0,0,1,0,0,0,0,0,0,0,0,0,0,0,0,0,0,0,0,0,0,0,0,0,0,0,8,0.0,0.0,1.0,0,0,0
249,0.05,0,53,0.11,0.0,0.02,0.02,0.96,1,0.0,0.0,1.0,0,0,0,0,0,0,1,0,0,0,0,0,0,0,0,neptune,0,0,0,0,0,0,0,0,0,0,1,0,0.0,0,0.1,1.0,0,0,0,0,0,0,0,0,0,0,0,0,0,0,0,0,0,0,0,0,0,0,0,0,0,0,0,0,0,0,0,0,0,0,0,0,0,0,0,0,0,0,0,0,0,0,0,1,0,0,0,0,0,0,0,0,0,0,0,0,0,0,0,0,0,0,0,0,0,0,0,25,0.0,0.0,1.0,0,0,0
2,0.0,0,6,0.0,0.0,1.0,1.0,0.0,22,0.14,0.0,0.0,280,0,0,0,0,0,0,0,0,0,1,0,0,0,0,warezmaster,0,0,0,0,0,0,0,0,0,0,1,0,0.0,0,1.0,0.0,0,0,0,0,0,0,0,0,0,0,0,0,0,0,0,0,0,1,0,0,0,0,0,0,0,0,0,0,0,0,0,0,0,0,0,0,0,0,0,0,0,0,0,0,0,0,0,0,0,0,0,0,0,0,0,0,0,0,0,0,0,0,0,0,0,0,0,0,0,0,283618,2,0.0,0.0,0.0,0,0,0
1,0.0,146,157,0.01,0.0,0.01,0.86,0.0,135,0.0,0.0,0.0,0,0,0,0,0,0,0,0,0,0,1,0,0,0,0,normal,0,0,0,0,0,0,0,0,0,0,0,1,0.0,0,1.0,0.0,0,0,0,0,0,0,0,0,0,0,0,0,0,0,0,0,0,0,0,0,0,0,0,0,0,0,0,0,0,0,0,0,0,0,0,0,0,0,0,0,0,0,0,0,0,0,0,1,0,0,0,0,0,0,0,0,0,0,0,0,0,0,0,0,0,0,0,0,0,0,105,1,0.0,0.0,0.0,0,0,0
21,0.0,0,255,0.03,0.0,0.44,0.44,0.0,112,0.0,0.0,0.0,0,0,0,0,0,0,0,0,0,0,1,0,0,0,0,normal,0,0,0,0,0,0,0,0,0,0,1,0,0.0,0,1.0,0.0,0,0,0,0,0,0,0,0,0,0,0,0,0,0,0,0,0,1,0,0,0,0,0,0,0,0,0,0,0,0,0,0,0,0,0,0,0,0,0,0,0,0,0,0,0,0,0,0,0,0,0,0,0,0,0,0,0,0,0,0,0,0,0,0,0,0,0,0,0,0,4539,21,0.0,0.0,0.0,0,0,0
1,0.0,147,255,0.01,0.0,0.01,0.83,0.0,212,0.0,0.0,0.0,0,0,0,0,0,0,0,0,0,0,1,0,0,0,0,normal,0,0,0,0,0,0,0,0,0,0,0,1,0.0,0,1.0,0.0,0,0,0,0,0,0,0,0,0,0,0,0,0,0,0,0,0,0,0,0,0,0,0,0,0,0,0,0,0,0,0,0,0,0,0,0,0,0,0,0,0,0,0,0,0,0,0,1,0,0,0,0,0,0,0,0,0,0,0,0,0,0,0,0,0,0,0,0,0,0,105,1,0.0,0.0,0.0,0,0,0
138,0.06,0,255,0.06,0.0,0.0,0.04,1.0,10,0.0,0.0,1.0,0,0,0,0,0,0,1,0,0,0,0,0,0,0,0,neptune,0,0,0,0,0,0,0,0,0,0,1,0,0.0,0,0.09,1.0,0,0,0,0,0,0,0,0,0,0,0,0,0,0,0,0,0,0,0,0,0,0,0,0,0,0,0,0,0,0,0,0,0,0,0,0,0,0,0,0,0,0,0,0,0,0,0,1,0,0,0,0,0,0,0,0,0,0,0,0,0,0,0,0,0,0,0,0,0,0,0,12,0.0,0.0,1.0,0,0,0
19,0.0,7091,255,0.0,0.0,0.0,1.0,0.0,255,0.0,0.0,0.0,0,0,0,0,0,0,0,0,0,0,1,0,0,0,0,normal,0,1,0,0,0,0,0,0,0,0,1,0,0.0,0,1.0,0.0,0,0,0,0,0,0,0,0,0,0,0,0,0,0,0,0,0,0,0,0,0,1,0,0,0,0,0,0,0,0,0,0,0,0,0,0,0,0,0,0,0,0,0,0,0,0,0,0,0,0,0,0,0,0,0,0,0,0,0,0,0,0,0,0,0,0,0,0,0,0,253,19,0.0,0.0,0.0,0,0,0
3,0.0,34513,29,0.0,0.0,0.03,1.0,0.0,255,0.02,0.0,0.0,0,0,0,0,0,0,0,0,0,0,1,0,0,0,0,normal,0,1,0,0,0,0,0,0,0,0,1,0,0.0,0,1.0,0.0,0,0,0,0,0,0,0,0,0,0,0,0,0,0,0,0,0,0,0,0,0,1,0,0,0,0,0,0,0,0,0,0,0,0,0,0,0,0,0,0,0,0,0,0,0,0,0,0,0,0,0,0,0,0,0,0,0,0,0,0,0,0,0,0,0,0,0,0,0,0,237,3,0.0,0.0,0.0,0,0,0
7,0.0,761,255,0.0,0.0,0.0,1.0,0.0,255,0.0,0.0,0.0,0,0,0,0,0,0,0,0,0,0,1,0,0,0,0,normal,0,1,0,0,0,0,0,0,0,0,1,0,0.0,0,1.0,0.0,0,0,0,0,0,0,0,0,0,0,0,0,0,0,0,0,0,0,0,0,0,1,0,0,0,0,0,0,0,0,0,0,0,0,0,0,0,0,0,0,0,0,0,0,0,0,0,0,0,0,0,0,0,0,0,0,0,0,0,0,0,0,0,0,0,0,0,0,0,0,251,7,0.0,0.0,0.0,0,0,0
272,0.06,0,255,0.08,0.0,0.0,0.04,1.0,10,0.0,0.0,1.0,0,0,0,0,0,0,1,0,0,0,0,0,0,0,0,neptune,0,0,0,0,0,0,0,0,0,0,1,0,0.0,0,0.04,1.0,0,0,0,0,0,0,0,0,0,0,0,0,0,0,0,0,0,0,0,0,0,0,0,0,0,0,0,0,0,0,0,0,0,0,0,0,0,0,0,0,0,0,0,0,0,0,0,0,0,0,0,0,0,0,0,0,0,0,0,0,0,0,0,0,0,1,0,0,0,0,0,10,0.0,0.0,1.0,0,0,0
77,0.0,129,255,0.01,0.0,0.0,1.0,0.0,254,0.0,0.0,0.0,0,0,0,0,0,0,0,0,0,0,1,0,0,0,0,normal,0,0,0,0,0,0,0,0,0,0,0,1,0.0,0,1.0,0.0,0,0,0,0,0,0,0,0,0,1,0,0,0,0,0,0,0,0,0,0,0,0,0,0,0,0,0,0,0,0,0,0,0,0,0,0,0,0,0,0,0,0,0,0,0,0,0,0,0,0,0,0,0,0,0,0,0,0,0,0,0,0,0,0,0,0,0,0,0,0,45,154,0.01,0.0,0.0,0,0,0
1,0.0,0,131,0.07,0.08,0.08,0.01,0.0,1,0.0,1.0,0.0,0,0,0,0,0,1,0,0,0,0,0,0,0,0,0,portsweep,0,0,0,0,0,0,0,0,0,0,1,0,1.0,0,1.0,0.0,0,0,0,0,0,0,0,0,0,0,0,0,0,0,0,0,0,0,0,0,0,0,0,0,0,0,0,0,0,0,0,0,0,0,0,0,0,0,0,0,0,0,0,0,0,0,0,1,0,0,0,0,0,0,0,0,0,0,0,0,0,0,0,0,0,0,0,0,0,0,0,1,0.0,1.0,0.0,0,0,0
3,0.0,2271,13,0.0,0.0,0.08,1.0,0.0,255,0.05,0.0,0.0,0,0,0,0,0,0,0,0,0,0,1,0,0,0,0,normal,0,1,0,0,0,0,0,0,0,0,1,0,0.0,0,1.0,0.0,0,0,0,0,0,0,0,0,0,0,0,0,0,0,0,0,0,0,0,0,0,1,0,0,0,0,0,0,0,0,0,0,0,0,0,0,0,0,0,0,0,0,0,0,0,0,0,0,0,0,0,0,0,0,0,0,0,0,0,0,0,0,0,0,0,0,0,0,0,0,218,4,0.5,0.0,0.0,0,0,0
12,0.0,535,255,0.0,0.0,0.0,1.0,0.0,255,0.0,0.0,0.0,0,0,0,0,0,0,0,0,0,0,1,0,0,0,0,normal,0,1,0,0,0,0,0,0,0,0,1,0,0.0,0,1.0,0.0,0,0,0,0,0,0,0,0,0,0,0,0,0,0,0,0,0,0,0,0,0,1,0,0,0,0,0,0,0,0,0,0,0,0,0,0,0,0,0,0,0,0,0,0,0,0,0,0,0,0,0,0,0,0,0,0,0,0,0,0,0,0,0,0,0,0,0,0,0,0,315,16,0.19,0.0,0.0,0,0,0
1,0.0,174,255,0.01,0.02,0.0,0.98,0.0,250,0.0,0.02,0.0,0,0,0,0,0,0,0,0,0,0,1,0,0,0,0,guess_passwd,0,0,0,0,1,0,0,0,0,0,1,0,0.0,0,1.0,0.0,0,0,0,0,0,0,0,0,0,0,0,0,0,0,0,0,0,0,0,0,0,0,0,0,0,0,0,0,0,0,0,0,0,0,0,0,0,0,0,0,0,0,0,0,0,0,0,0,0,0,0,0,0,0,0,0,0,0,1,0,0,0,0,0,0,0,0,0,0,0,122,1,0.0,0.0,0.0,0,0,0
13,0.38,0,255,0.08,0.0,0.0,0.02,1.0,4,0.0,0.0,1.0,0,0,0,0,0,0,1,0,0,0,0,0,0,0,0,neptune,0,0,0,0,0,0,0,0,0,0,1,0,0.0,0,0.31,1.0,0,0,0,0,0,0,0,0,1,0,0,0,0,0,0,0,0,0,0,0,0,0,0,0,0,0,0,0,0,0,0,0,0,0,0,0,0,0,0,0,0,0,0,0,0,0,0,0,0,0,0,0,0,0,0,0,0,0,0,0,0,0,0,0,0,0,0,0,0,0,0,4,0.0,0.0,1.0,0,0,0
1,0.0,597,255,0.02,0.21,0.0,0.06,0.18,15,0.0,0.0,0.0,282,0,0,0,0,0,0,0,0,0,1,0,2,1,0,warezmaster,0,1,0,0,0,0,0,0,0,0,1,0,0.0,0,1.0,0.0,0,0,0,0,0,0,0,0,0,0,0,0,0,0,0,0,1,0,0,0,0,0,0,0,0,0,0,0,0,0,0,0,0,0,0,0,0,0,0,0,0,0,0,0,0,0,0,0,0,0,0,0,0,0,0,0,0,0,0,0,0,0,0,0,0,0,0,0,0,0,156,1,0.0,0.0,0.0,0,0,0
8,0.0,4359,255,0.0,0.0,0.0,1.0,0.0,255,0.0,0.0,0.0,0,0,0,0,0,0,0,0,0,0,1,0,0,0,0,normal,0,1,0,0,0,0,0,0,0,0,1,0,0.0,0,1.0,0.0,0,0,0,0,0,0,0,0,0,0,0,0,0,0,0,0,0,0,0,0,0,1,0,0,0,0,0,0,0,0,0,0,0,0,0,0,0,0,0,0,0,0,0,0,0,0,0,0,0,0,0,0,0,0,0,0,0,0,0,0,0,0,0,0,0,0,0,0,0,0,311,10,0.3,0.0,0.0,0,0,0
242,0.07,0,255,0.08,1.0,0.0,0.01,0.0,3,0.0,1.0,0.0,0,0,1,0,0,0,0,0,0,0,0,0,0,0,0,neptune,0,0,0,0,0,0,0,0,0,0,1,0,1.0,0,0.01,0.0,0,0,0,0,0,0,0,0,0,0,0,0,0,0,0,0,0,0,0,0,0,0,0,0,0,0,0,0,0,0,0,0,0,0,0,0,0,0,0,0,0,0,0,0,0,0,0,0,0,0,0,0,0,0,0,0,0,0,0,0,0,0,0,0,0,0,0,0,0,1,0,3,0.0,1.0,0.0,0,0,0
11,0.0,1767,75,0.0,0.0,0.01,1.0,0.0,255,0.01,0.0,0.0,0,0,0,0,0,0,0,0,0,0,1,0,0,0,0,normal,0,1,0,0,0,0,0,0,0,0,1,0,0.0,0,1.0,0.0,0,0,0,0,0,0,0,0,0,0,0,0,0,0,0,0,0,0,0,0,0,1,0,0,0,0,0,0,0,0,0,0,0,0,0,0,0,0,0,0,0,0,0,0,0,0,0,0,0,0,0,0,0,0,0,0,0,0,0,0,0,0,0,0,0,0,0,0,0,0,282,11,0.0,0.0,0.0,0,0,0
1,0.0,0,3,0.0,0.0,1.0,1.0,0.0,243,0.25,0.0,0.0,0,0,0,0,0,0,0,0,0,0,1,0,0,0,0,nmap,0,0,0,0,0,0,0,0,0,1,0,0,0.0,0,1.0,0.0,0,0,0,0,0,0,0,0,0,0,0,1,0,0,0,0,0,0,0,0,0,0,0,0,0,0,0,0,0,0,0,0,0,0,0,0,0,0,0,0,0,0,0,0,0,0,0,0,0,0,0,0,0,0,0,0,0,0,0,0,0,0,0,0,0,0,0,0,0,0,8,46,1.0,0.0,0.0,0,0,0
145,0.06,0,255,0.06,1.0,0.0,0.06,0.0,16,0.0,1.0,0.0,0,0,1,0,0,0,0,0,0,0,0,0,0,0,0,neptune,0,0,0,0,0,0,0,0,0,0,1,0,1.0,0,0.11,0.0,0,0,0,0,0,0,0,0,0,0,0,0,0,0,0,0,0,0,0,0,0,0,0,1,0,0,0,0,0,0,0,0,0,0,0,0,0,0,0,0,0,0,0,0,0,0,0,0,0,0,0,0,0,0,0,0,0,0,0,0,0,0,0,0,0,0,0,0,0,0,0,16,0.0,1.0,0.0,0,0,0
32,0.0,1769,255,0.0,0.0,0.0,1.0,0.0,255,0.0,0.0,0.0,0,0,0,0,0,0,0,0,0,0,1,0,0,0,0,normal,0,1,0,0,0,0,0,0,0,0,1,0,0.0,0,1.0,0.0,0,0,0,0,0,0,0,0,0,0,0,0,0,0,0,0,0,0,0,0,0,1,0,0,0,0,0,0,0,0,0,0,0,0,0,0,0,0,0,0,0,0,0,0,0,0,0,0,0,0,0,0,0,0,0,0,0,0,0,0,0,0,0,0,0,0,0,0,0,0,288,32,0.0,0.0,0.0,0,0,0
1,0.0,0,7,0.0,0.0,1.0,1.0,0.0,41,0.17,0.0,0.0,0,0,0,0,0,0,0,0,0,0,1,0,0,0,0,warezclient,0,1,0,0,0,0,0,0,0,0,1,0,0.0,0,1.0,0.0,0,0,0,0,0,0,0,0,0,0,0,0,0,0,0,0,0,1,0,0,0,0,0,0,0,0,0,0,0,0,0,0,0,0,0,0,0,0,0,0,0,0,0,0,0,0,0,0,0,0,0,0,0,0,0,0,0,0,0,0,0,0,0,0,0,0,0,0,0,0,334,1,0.0,0.0,0.0,0,0,0
276,0.04,0,255,0.05,0.0,0.0,0.07,1.0,19,0.0,0.0,1.0,0,0,0,0,0,0,1,0,0,0,0,0,0,0,0,neptune,0,0,0,0,0,0,0,0,0,0,1,0,0.0,0,0.07,1.0,0,1,0,0,0,0,0,0,0,0,0,0,0,0,0,0,0,0,0,0,0,0,0,0,0,0,0,0,0,0,0,0,0,0,0,0,0,0,0,0,0,0,0,0,0,0,0,0,0,0,0,0,0,0,0,0,0,0,0,0,0,0,0,0,0,0,0,0,0,0,0,19,0.0,0.0,1.0,0,0,0
4,0.5,105,255,0.63,0.0,0.89,0.01,0.0,2,0.0,0.0,0.0,7250,0,0,0,0,0,0,0,0,0,1,0,0,0,0,normal,0,0,0,0,0,0,0,0,0,0,0,1,0.0,0,0.5,0.25,0,0,0,0,0,0,0,0,0,0,0,0,0,0,0,0,0,0,0,0,0,0,0,0,0,0,0,0,0,0,0,0,0,0,0,0,0,0,0,0,0,0,1,0,0,0,0,0,0,0,0,0,0,0,0,0,0,0,0,0,0,0,0,0,0,0,0,0,0,0,147,2,0.0,0.0,0.0,0,0,0
7,0.0,0,255,0.07,0.0,0.0,0.03,1.0,7,0.0,0.0,1.0,0,0,0,0,0,0,1,0,0,0,0,0,0,0,0,neptune,0,0,0,0,0,0,0,0,0,0,1,0,0.0,0,1.0,1.0,0,0,0,0,0,0,0,0,0,0,0,0,0,0,0,0,0,0,0,0,0,0,0,0,0,0,0,0,1,0,0,0,0,0,0,0,0,0,0,0,0,0,0,0,0,0,0,0,0,0,0,0,0,0,0,0,0,0,0,0,0,0,0,0,0,0,0,0,0,0,0,7,0.0,0.0,1.0,0,0,0
32,0.19,0,255,0.09,0.0,0.0,0.04,1.0,9,0.0,0.0,1.0,0,0,0,0,0,0,1,0,0,0,0,0,0,0,0,neptune,0,0,0,0,0,0,0,0,0,0,1,0,0.0,0,0.09,1.0,0,0,0,0,0,0,0,0,0,0,0,0,0,0,0,0,0,0,0,0,0,0,0,0,0,0,0,0,0,0,0,0,0,0,0,0,0,0,0,0,0,0,0,0,0,0,0,0,0,0,0,0,0,0,0,0,0,1,0,0,0,0,0,0,0,0,0,0,0,0,0,3,0.0,0.0,1.0,0,0,0
2,0.0,8314,149,0.0,0.01,0.01,1.0,0.0,149,0.0,0.01,0.0,0,0,0,0,0,0,0,0,0,0,1,0,2,0,0,back,0,1,0,1,0,0,0,0,0,0,1,0,0.0,0,1.0,0.0,0,0,0,0,0,0,0,0,0,0,0,0,0,0,0,0,0,0,0,0,0,1,0,0,0,0,0,0,0,0,0,0,0,0,0,0,0,0,0,0,0,0,0,0,0,0,0,0,0,0,0,0,0,0,0,0,0,0,0,0,0,0,0,0,0,0,0,0,0,0,54540,2,0.0,0.0,0.0,0,0,0
511,1.0,0,255,1.0,1.0,0.0,0.0,0.0,1,0.0,1.0,0.0,0,0,1,0,0,0,0,0,0,0,0,0,0,0,0,satan,0,0,0,0,0,0,0,0,0,0,1,0,0.88,0,0.0,0.12,0,0,0,0,0,0,0,0,0,0,0,0,0,0,0,0,0,0,0,0,0,0,0,0,0,0,0,0,0,0,0,0,0,0,0,0,0,0,0,0,0,0,1,0,0,0,0,0,0,0,0,0,0,0,0,0,0,0,0,0,0,0,0,0,0,0,0,0,0,0,0,1,0.0,1.0,0.0,0,0,0
170,0.06,0,255,0.07,0.0,0.0,0.04,1.0,9,0.0,0.0,1.0,0,0,0,0,0,0,1,0,0,0,0,0,0,0,0,neptune,0,0,0,0,0,0,0,0,0,0,1,0,0.0,0,0.05,1.0,0,0,0,0,0,0,0,0,0,0,0,0,0,0,0,0,0,0,0,0,0,0,0,0,0,0,0,0,0,0,0,0,0,0,0,0,0,0,0,0,0,0,0,0,0,0,0,1,0,0,0,0,0,0,0,0,0,0,0,0,0,0,0,0,0,0,0,0,0,0,0,9,0.0,0.0,1.0,0,0,0
2,0.0,7300,255,0.0,0.04,0.0,1.0,0.01,255,0.0,0.04,0.01,0,0,0,0,0,1,0,0,0,0,0,0,1,0,0,back,0,1,0,0,0,0,0,0,0,0,1,0,0.5,0,1.0,0.0,0,0,0,0,0,0,0,0,0,0,0,0,0,0,0,0,0,0,0,0,0,1,0,0,0,0,0,0,0,0,0,0,0,0,0,0,0,0,0,0,0,0,0,0,0,0,0,0,0,0,0,0,0,0,0,0,0,0,0,0,0,0,0,0,0,0,0,0,0,0,54540,2,0.0,0.5,0.0,0,0,0
7,0.0,0,249,0.02,0.03,0.24,0.24,0.0,63,0.03,0.0,0.0,0,0,0,0,0,0,0,0,0,0,1,0,0,0,0,normal,0,1,0,0,0,0,0,0,1,0,1,0,0.0,0,1.0,0.0,0,0,0,0,0,0,0,0,0,0,0,0,0,0,0,0,0,1,0,0,0,0,0,0,0,0,0,0,0,0,0,0,0,0,0,0,0,0,0,0,0,0,0,0,0,0,0,0,0,0,0,0,0,0,0,0,0,0,0,0,0,0,0,0,0,0,0,0,0,0,4316,7,0.0,0.0,0.0,0,0,0
211,0.06,0,255,0.08,0.0,0.0,0.05,1.0,12,0.0,0.0,1.0,0,0,0,0,0,0,1,0,0,0,0,0,0,0,0,neptune,0,0,0,0,0,0,0,0,0,0,1,0,0.0,0,0.07,1.0,0,0,0,0,0,0,0,0,0,0,0,0,0,0,0,0,0,0,0,0,0,0,0,0,0,0,0,0,0,0,0,0,0,0,0,0,0,0,0,0,0,0,0,0,0,0,0,1,0,0,0,0,0,0,0,0,0,0,0,0,0,0,0,0,0,0,0,0,0,0,0,15,0.0,0.0,1.0,0,0,0
141,0.06,0,255,0.06,0.0,0.0,0.07,1.0,18,0.0,0.0,1.0,0,0,0,0,0,0,1,0,0,0,0,0,0,0,0,neptune,0,0,0,0,0,0,0,0,0,0,1,0,0.0,0,0.13,1.0,0,0,0,0,0,0,0,0,0,0,0,0,0,0,0,0,0,0,0,0,0,0,0,0,0,0,0,0,0,0,0,0,0,0,0,0,0,0,0,0,0,0,0,0,0,0,0,0,0,0,0,0,0,0,0,0,0,0,0,0,0,0,0,0,1,0,0,0,0,0,0,18,0.0,0.0,1.0,0,0,0
246,0.07,0,255,0.08,1.0,0.0,0.02,0.0,5,0.0,1.0,0.0,0,0,1,0,0,0,0,0,0,0,0,0,0,0,0,neptune,0,0,0,0,0,0,0,0,0,0,1,0,1.0,0,0.02,0.0,0,0,0,0,0,0,0,0,0,0,0,0,0,0,0,0,0,0,1,0,0,0,0,0,0,0,0,0,0,0,0,0,0,0,0,0,0,0,0,0,0,0,0,0,0,0,0,0,0,0,0,0,0,0,0,0,0,0,0,0,0,0,0,0,0,0,0,0,0,0,0,5,0.0,1.0,0.0,0,0,0
129,0.0,0,255,0.01,0.0,0.51,0.51,0.0,129,0.0,0.0,0.0,0,0,0,0,0,0,0,0,0,0,1,0,0,0,0,smurf,0,0,0,0,0,0,0,0,0,1,0,0,0.0,0,1.0,0.0,0,0,0,0,0,0,0,0,0,0,0,0,1,0,0,0,0,0,0,0,0,0,0,0,0,0,0,0,0,0,0,0,0,0,0,0,0,0,0,0,0,0,0,0,0,0,0,0,0,0,0,0,0,0,0,0,0,0,0,0,0,0,0,0,0,0,0,0,0,0,1032,129,0.0,0.0,0.0,0,0,0
149,0.04,0,255,0.05,0.0,0.0,0.1,1.0,25,0.0,0.0,1.0,0,0,0,0,0,0,1,0,0,0,0,0,0,0,0,neptune,0,0,0,0,0,0,0,0,0,0,1,0,0.0,0,0.17,1.0,0,0,0,0,1,0,0,0,0,0,0,0,0,0,0,0,0,0,0,0,0,0,0,0,0,0,0,0,0,0,0,0,0,0,0,0,0,0,0,0,0,0,0,0,0,0,0,0,0,0,0,0,0,0,0,0,0,0,0,0,0,0,0,0,0,0,0,0,0,0,0,25,0.0,0.0,1.0,0,0,0
297,0.06,0,255,0.06,0.0,0.0,0.02,1.0,5,0.0,0.0,1.0,0,0,0,0,0,0,1,0,0,0,0,0,0,0,0,neptune,0,0,0,0,0,0,0,0,0,0,1,0,0.0,0,0.02,1.0,0,0,0,0,0,0,0,0,0,0,0,0,0,0,0,0,0,0,0,0,0,0,0,0,0,0,0,0,0,0,0,0,0,0,0,0,0,1,0,0,0,0,0,0,0,0,0,0,0,0,0,0,0,0,0,0,0,0,0,0,0,0,0,0,0,0,0,0,0,0,0,5,0.0,0.0,1.0,0,0,0
142,0.06,0,255,0.07,0.0,0.0,0.05,1.0,13,0.0,0.0,1.0,0,0,0,0,0,0,1,0,0,0,0,0,0,0,0,neptune,0,0,0,0,0,0,0,0,0,0,1,0,0.0,0,0.14,1.0,0,0,0,0,0,0,0,0,0,0,0,0,0,0,1,0,0,0,0,0,0,0,0,0,0,0,0,0,0,0,0,0,0,0,0,0,0,0,0,0,0,0,0,0,0,0,0,0,0,0,0,0,0,0,0,0,0,0,0,0,0,0,0,0,0,0,0,0,0,0,0,20,0.0,0.0,1.0,0,0,0
282,0.06,0,255,0.07,0.0,0.0,0.05,1.0,13,0.0,0.0,1.0,0,0,0,0,0,0,1,0,0,0,0,0,0,0,0,neptune,0,0,0,0,0,0,0,0,0,0,1,0,0.0,0,0.05,1.0,0,0,0,0,0,0,0,0,0,0,0,0,0,0,0,0,0,0,0,0,0,0,0,0,0,0,0,0,0,0,0,0,0,0,0,0,0,0,0,0,0,0,0,0,1,0,0,0,0,0,0,0,0,0,0,0,0,0,0,0,0,0,0,0,0,0,0,0,0,0,0,13,0.0,0.0,1.0,0,0,0
266,0.07,0,255,0.08,0.0,0.0,0.07,1.0,17,0.0,0.0,1.0,0,0,0,0,0,0,1,0,0,0,0,0,0,0,0,neptune,0,0,0,0,0,0,0,0,0,0,1,0,0.0,0,0.06,1.0,0,0,0,0,0,0,0,0,0,0,0,0,0,0,0,0,0,1,0,0,0,0,0,0,0,0,0,0,0,0,0,0,0,0,0,0,0,0,0,0,0,0,0,0,0,0,0,0,0,0,0,0,0,0,0,0,0,0,0,0,0,0,0,0,0,0,0,0,0,0,0,17,0.0,0.0,1.0,0,0,0
1,0.0,0,1,0.0,0.0,1.0,1.0,0.0,25,0.52,0.0,0.0,0,0,0,0,0,0,0,0,0,0,1,0,0,0,0,ipsweep,0,0,0,0,0,0,0,0,0,1,0,0,0.0,0,1.0,0.0,0,0,0,0,0,0,0,0,0,0,0,1,0,0,0,0,0,0,0,0,0,0,0,0,0,0,0,0,0,0,0,0,0,0,0,0,0,0,0,0,0,0,0,0,0,0,0,0,0,0,0,0,0,0,0,0,0,0,0,0,0,0,0,0,0,0,0,0,0,0,8,43,1.0,0.0,0.0,0,0,0
510,0.0,56,255,0.0,0.0,0.95,1.0,0.0,255,0.0,0.0,0.0,0,0,0,0,0,0,0,0,0,0,1,0,0,0,0,normal,0,0,0,0,0,0,0,0,0,0,0,1,0.0,0,1.0,0.0,0,0,0,0,0,0,0,0,0,0,0,0,0,0,0,0,0,0,0,0,0,0,0,0,0,0,0,0,0,0,0,0,0,0,0,0,0,0,0,0,0,0,0,0,0,0,0,1,0,0,0,0,0,0,0,0,0,0,0,0,0,0,0,0,0,0,0,0,0,0,55,510,0.0,0.0,0.0,0,0,0
296,0.06,0,255,0.07,1.0,0.0,0.02,0.0,6,0.0,1.0,0.0,0,0,0,1,0,0,0,0,0,0,0,0,0,0,0,neptune,0,0,0,0,0,0,0,0,0,0,1,0,1.0,0,0.02,0.0,0,0,0,0,0,0,0,1,0,0,0,0,0,0,0,0,0,0,0,0,0,0,0,0,0,0,0,0,0,0,0,0,0,0,0,0,0,0,0,0,0,0,0,0,0,0,0,0,0,0,0,0,0,0,0,0,0,0,0,0,0,0,0,0,0,0,0,0,0,0,0,6,0.0,1.0,0.0,0,0,0
1,0.0,0,2,0.0,0.0,1.0,1.0,0.0,20,0.5,0.0,0.0,0,0,0,0,0,0,0,0,0,0,1,0,0,0,0,ipsweep,0,0,0,0,0,0,0,0,0,1,0,0,0.0,0,1.0,0.0,0,0,0,0,0,0,0,0,0,0,0,1,0,0,0,0,0,0,0,0,0,0,0,0,0,0,0,0,0,0,0,0,0,0,0,0,0,0,0,0,0,0,0,0,0,0,0,0,0,0,0,0,0,0,0,0,0,0,0,0,0,0,0,0,0,0,0,0,0,0,8,48,1.0,0.0,0.0,0,0,0
1,0.0,330,77,0.04,0.0,0.01,0.45,0.0,148,0.01,0.0,0.0,1,0,0,0,0,0,0,0,0,0,1,0,0,0,0,normal,0,1,0,0,0,0,0,0,0,0,1,0,0.0,0,1.0,0.0,0,0,0,0,0,0,0,0,0,0,0,0,0,0,0,0,0,0,0,0,0,0,0,0,0,0,0,0,0,0,0,0,0,0,0,0,0,0,0,0,0,0,0,0,0,0,0,0,0,0,0,0,1,0,0,0,0,0,0,0,0,0,0,0,0,0,0,0,0,0,1896,2,1.0,0.0,0.0,0,0,0
102,0.05,0,255,0.05,0.0,0.0,0.04,1.0,10,0.0,0.0,1.0,0,0,0,0,0,0,1,0,0,0,0,0,0,0,0,neptune,0,0,0,0,0,0,0,0,0,0,1,0,0.0,0,0.1,1.0,0,0,0,0,0,0,0,0,0,0,0,0,0,1,0,0,0,0,0,0,0,0,0,0,0,0,0,0,0,0,0,0,0,0,0,0,0,0,0,0,0,0,0,0,0,0,0,0,0,0,0,0,0,0,0,0,0,0,0,0,0,0,0,0,0,0,0,0,0,0,0,10,0.0,0.0,1.0,0,0,0
30,0.17,0,255,0.08,0.0,0.0,0.05,1.0,14,0.0,0.0,1.0,0,0,0,0,0,0,1,0,0,0,0,0,0,0,0,neptune,0,0,0,0,0,0,0,0,0,0,1,0,0.0,0,0.03,1.0,0,0,0,0,0,0,0,0,0,0,0,0,0,0,0,0,0,0,0,0,0,0,0,0,0,0,0,0,0,0,0,0,0,0,0,0,0,0,0,0,0,0,0,0,0,0,0,1,0,0,0,0,0,0,0,0,0,0,0,0,0,0,0,0,0,0,0,0,0,0,0,1,0.0,0.0,1.0,0,0,0
1,0.0,0,101,0.02,0.01,0.01,0.01,0.01,155,0.5,0.0,0.0,0,0,0,0,0,0,0,0,0,0,1,0,0,0,0,ipsweep,0,0,0,0,0,0,0,0,0,1,0,0,0.0,0,1.0,0.0,0,0,0,0,0,0,0,0,0,0,0,1,0,0,0,0,0,0,0,0,0,0,0,0,0,0,0,0,0,0,0,0,0,0,0,0,0,0,0,0,0,0,0,0,0,0,0,0,0,0,0,0,0,0,0,0,0,0,0,0,0,0,0,0,0,0,0,0,0,0,8,44,1.0,0.0,0.0,0,0,0
1,0.0,0,255,0.51,1.0,1.0,0.0,0.0,1,0.0,1.0,0.0,0,0,0,0,0,1,0,0,0,0,0,0,0,0,0,portsweep,0,0,0,0,0,0,0,0,0,0,1,0,1.0,0,1.0,0.0,0,0,0,0,0,0,0,0,0,0,0,0,0,0,0,0,0,0,0,0,0,0,0,0,0,0,0,0,0,0,0,0,0,0,0,0,0,0,0,0,0,0,0,0,0,0,0,1,0,0,0,0,0,0,0,0,0,0,0,0,0,0,0,0,0,0,0,0,0,0,0,1,0.0,1.0,0.0,0,0,0
1,0.0,4815,62,0.0,0.0,0.02,1.0,0.0,255,0.02,0.0,0.0,0,0,0,0,0,0,0,0,0,0,1,0,0,0,0,normal,0,1,0,0,0,0,0,0,0,0,1,0,0.0,0,1.0,0.0,0,0,0,0,0,0,0,0,0,0,0,0,0,0,0,0,0,0,0,0,0,1,0,0,0,0,0,0,0,0,0,0,0,0,0,0,0,0,0,0,0,0,0,0,0,0,0,0,0,0,0,0,0,0,0,0,0,0,0,0,0,0,0,0,0,0,0,0,0,0,263,2,1.0,0.0,0.0,0,0,0
1,0.0,2325,255,0.0,0.0,0.0,1.0,0.0,255,0.0,0.0,0.0,0,0,0,0,0,0,0,0,0,0,1,0,0,0,0,normal,0,1,0,0,0,0,0,0,0,0,1,0,0.0,0,1.0,0.0,0,0,0,0,0,0,0,0,0,0,0,0,0,0,0,0,0,0,0,0,0,1,0,0,0,0,0,0,0,0,0,0,0,0,0,0,0,0,0,0,0,0,0,0,0,0,0,0,0,0,0,0,0,0,0,0,0,0,0,0,0,0,0,0,0,0,0,0,0,0,308,4,0.75,0.0,0.0,0,0,0
140,0.06,0,255,0.07,1.0,0.0,0.02,0.0,4,0.0,1.0,0.0,0,0,1,0,0,0,0,0,0,0,0,0,0,0,0,neptune,0,0,0,0,0,0,0,0,0,0,1,0,1.0,0,0.1,0.0,0,0,0,0,0,0,0,0,0,0,0,0,0,0,0,0,0,0,0,0,0,0,0,0,0,0,0,0,0,0,0,0,0,0,0,0,0,0,0,0,0,0,0,0,0,0,0,0,0,0,0,0,0,0,0,0,0,0,0,0,0,0,0,0,0,0,1,0,0,0,0,14,0.0,1.0,0.0,0,0,0
1,0.0,1166,41,0.05,0.07,0.02,0.12,0.0,5,0.0,0.6,0.0,373,0,0,0,0,0,0,0,0,0,1,0,0,0,0,normal,0,0,0,0,0,0,0,0,0,0,1,0,0.0,0,1.0,0.0,0,0,0,0,0,0,0,0,0,0,0,0,0,0,0,0,0,0,0,0,0,0,0,0,0,0,1,0,0,0,0,0,0,0,0,0,0,0,0,0,0,0,0,0,0,0,0,0,0,0,0,0,0,0,0,0,0,0,0,0,0,0,0,0,0,0,0,0,0,0,399,1,0.0,0.0,0.0,0,0,0
10,0.0,401,213,0.0,0.0,0.0,1.0,0.0,255,0.01,0.0,0.0,0,0,0,0,0,0,0,0,0,0,1,0,0,0,0,normal,0,1,0,0,0,0,0,0,0,0,1,0,0.0,0,1.0,0.0,0,0,0,0,0,0,0,0,0,0,0,0,0,0,0,0,0,0,0,0,0,1,0,0,0,0,0,0,0,0,0,0,0,0,0,0,0,0,0,0,0,0,0,0,0,0,0,0,0,0,0,0,0,0,0,0,0,0,0,0,0,0,0,0,0,0,0,0,0,0,231,17,0.29,0.0,0.0,0,0,0
19,0.0,1350,81,0.0,0.0,0.01,1.0,0.0,255,0.02,0.01,0.0,0,0,0,0,0,0,0,0,0,0,1,0,0,0,0,normal,0,1,0,0,0,0,0,0,0,0,1,0,0.0,0,1.0,0.0,0,0,0,0,0,0,0,0,0,0,0,0,0,0,0,0,0,0,0,0,0,1,0,0,0,0,0,0,0,0,0,0,0,0,0,0,0,0,0,0,0,0,0,0,0,0,0,0,0,0,0,0,0,0,0,0,0,0,0,0,0,0,0,0,0,0,0,0,0,0,203,19,0.0,0.0,0.0,0,0,0
109,0.07,0,255,0.06,0.0,0.0,0.03,1.0,8,0.0,0.0,1.0,0,0,0,0,0,0,1,0,0,0,0,0,0,0,0,neptune,0,0,0,0,0,0,0,0,0,0,1,0,0.0,0,0.07,1.0,0,0,0,0,0,0,0,0,0,0,0,0,0,0,0,0,0,0,0,0,0,0,0,0,0,0,0,0,0,1,0,0,0,0,0,0,0,0,0,0,0,0,0,0,0,0,0,0,0,0,0,0,0,0,0,0,0,0,0,0,0,0,0,0,0,0,0,0,0,0,0,8,0.0,0.0,1.0,0,0,0
1,0.0,327,188,0.02,0.0,0.01,0.79,0.0,148,0.0,0.0,0.0,41,0,0,0,0,0,0,0,0,0,1,0,0,0,0,normal,0,1,0,0,0,0,0,0,0,0,1,0,0.0,0,1.0,0.0,0,0,0,0,0,0,0,0,0,0,0,0,0,0,0,0,0,0,0,0,0,0,0,0,0,0,0,0,0,0,0,0,0,0,0,0,0,0,0,0,0,0,0,0,0,0,0,0,0,0,0,0,1,0,0,0,0,0,0,0,0,0,0,0,0,0,0,0,0,0,550,1,0.0,0.0,0.0,0,0,0
8,0.0,1680,255,0.0,0.0,0.0,1.0,0.0,255,0.0,0.0,0.0,0,0,0,0,0,0,0,0,0,0,1,0,0,0,0,normal,0,1,0,0,0,0,0,0,0,0,1,0,0.0,0,1.0,0.0,0,0,0,0,0,0,0,0,0,0,0,0,0,0,0,0,0,0,0,0,0,1,0,0,0,0,0,0,0,0,0,0,0,0,0,0,0,0,0,0,0,0,0,0,0,0,0,0,0,0,0,0,0,0,0,0,0,0,0,0,0,0,0,0,0,0,0,0,0,0,206,8,0.0,0.0,0.0,0,0,0
1,0.0,38864,14,0.21,0.0,0.07,0.29,0.0,4,0.0,0.0,0.0,6869,0,0,0,0,0,0,0,0,0,1,0,1,0,0,normal,0,1,0,5,0,1,0,0,0,0,1,0,0.0,0,1.0,0.0,0,0,0,0,0,0,0,0,0,0,0,0,0,0,0,0,0,0,0,0,0,0,0,0,0,0,0,0,0,0,0,0,0,0,0,0,0,0,0,0,0,0,0,0,0,0,0,0,0,0,0,0,0,0,0,0,0,0,1,0,0,0,0,0,0,0,0,0,0,0,1143,1,0.0,0.0,0.0,0,0,0
2,1.0,0,255,0.01,0.0,0.56,0.11,0.0,29,0.0,0.0,0.0,0,0,0,0,0,0,0,0,0,0,1,0,0,0,0,normal,0,0,0,0,0,0,0,0,0,1,0,0,0.0,0,0.5,0.0,0,0,0,0,0,0,0,0,0,0,0,1,0,0,0,0,0,0,0,0,0,0,0,0,0,0,0,0,0,0,0,0,0,0,0,0,0,0,0,0,0,0,0,0,0,0,0,0,0,0,0,0,0,0,0,0,0,0,0,0,0,0,0,0,0,0,0,0,0,0,30,1,0.0,0.0,0.0,0,0,0
1,0.0,0,28,0.14,0.0,0.07,0.07,0.0,2,0.0,0.0,0.0,0,0,0,0,0,0,0,0,0,0,1,0,0,0,0,normal,0,0,0,0,0,0,0,0,0,0,0,1,0.0,0,1.0,0.0,0,0,0,0,0,0,0,0,0,1,0,0,0,0,0,0,0,0,0,0,0,0,0,0,0,0,0,0,0,0,0,0,0,0,0,0,0,0,0,0,0,0,0,0,0,0,0,0,0,0,0,0,0,0,0,0,0,0,0,0,0,0,0,0,0,0,0,0,0,0,31,2,1.0,0.0,0.0,0,0,0
19,0.0,9284,223,0.0,0.0,0.0,1.0,0.0,255,0.01,0.0,0.0,0,0,0,0,0,0,0,0,0,0,1,0,0,0,0,normal,0,1,0,0,0,0,0,0,0,0,1,0,0.0,0,1.0,0.0,0,0,0,0,0,0,0,0,0,0,0,0,0,0,0,0,0,0,0,0,0,1,0,0,0,0,0,0,0,0,0,0,0,0,0,0,0,0,0,0,0,0,0,0,0,0,0,0,0,0,0,0,0,0,0,0,0,0,0,0,0,0,0,0,0,0,0,0,0,0,226,19,0.0,0.0,0.0,0,0,0
68,0.07,0,248,0.06,0.0,0.0,0.02,1.0,6,0.0,0.0,1.0,0,0,0,0,0,0,1,0,0,0,0,0,0,0,0,neptune,0,0,0,0,0,0,0,0,0,0,1,0,0.0,0,0.09,1.0,0,0,0,0,0,0,0,0,0,0,0,0,0,0,0,0,0,0,0,0,0,0,0,0,0,0,0,0,0,0,0,0,0,0,0,0,0,0,0,0,0,0,0,0,0,0,0,1,0,0,0,0,0,0,0,0,0,0,0,0,0,0,0,0,0,0,0,0,0,0,0,6,0.0,0.0,1.0,0,0,0
18,0.0,868,142,0.0,0.0,0.01,1.0,0.0,255,0.02,0.0,0.0,0,0,0,0,0,0,0,0,0,0,1,0,0,0,0,normal,0,1,0,0,0,0,0,0,0,0,1,0,0.0,0,1.0,0.0,0,0,0,0,0,0,0,0,0,0,0,0,0,0,0,0,0,0,0,0,0,1,0,0,0,0,0,0,0,0,0,0,0,0,0,0,0,0,0,0,0,0,0,0,0,0,0,0,0,0,0,0,0,0,0,0,0,0,0,0,0,0,0,0,0,0,0,0,0,0,287,24,0.17,0.0,0.0,0,0,0
1,0.0,0,1,0.0,0.0,1.0,1.0,0.0,251,0.5,0.0,0.0,0,0,0,0,0,0,0,0,0,0,1,0,0,0,0,ipsweep,0,0,0,0,0,0,0,0,0,1,0,0,0.0,0,1.0,0.0,0,0,0,0,0,0,0,0,0,0,0,1,0,0,0,0,0,0,0,0,0,0,0,0,0,0,0,0,0,0,0,0,0,0,0,0,0,0,0,0,0,0,0,0,0,0,0,0,0,0,0,0,0,0,0,0,0,0,0,0,0,0,0,0,0,0,0,0,0,0,8,49,1.0,0.0,0.0,0,0,0
112,0.0,115,255,0.0,0.0,0.0,1.0,0.0,255,0.0,0.0,0.0,0,0,0,0,0,0,0,0,0,0,1,0,0,0,0,normal,0,0,0,0,0,0,0,0,0,0,0,1,0.0,0,1.0,0.0,0,0,0,0,0,0,0,0,0,1,0,0,0,0,0,0,0,0,0,0,0,0,0,0,0,0,0,0,0,0,0,0,0,0,0,0,0,0,0,0,0,0,0,0,0,0,0,0,0,0,0,0,0,0,0,0,0,0,0,0,0,0,0,0,0,0,0,0,0,0,44,117,0.03,0.0,0.0,0,0,0
185,0.08,0,255,0.07,0.0,0.0,0.04,1.0,11,0.0,0.0,1.0,0,0,0,0,0,0,1,0,0,0,0,0,0,0,0,neptune,0,0,0,0,0,0,0,0,0,0,1,0,0.0,0,0.06,1.0,0,0,0,0,0,0,0,0,0,0,0,0,0,0,0,0,0,0,0,0,0,0,0,0,0,0,0,0,0,0,0,0,0,0,0,0,0,0,0,0,0,0,0,0,0,0,0,1,0,0,0,0,0,0,0,0,0,0,0,0,0,0,0,0,0,0,0,0,0,0,0,11,0.0,0.0,1.0,0,0,0
511,0.0,0,255,0.03,0.0,0.67,0.67,0.0,170,0.0,0.0,0.0,0,0,0,0,0,0,0,0,0,0,1,0,0,0,0,smurf,0,0,0,0,0,0,0,0,0,1,0,0,0.0,0,1.0,0.0,0,0,0,0,0,0,0,0,0,0,0,0,1,0,0,0,0,0,0,0,0,0,0,0,0,0,0,0,0,0,0,0,0,0,0,0,0,0,0,0,0,0,0,0,0,0,0,0,0,0,0,0,0,0,0,0,0,0,0,0,0,0,0,0,0,0,0,0,0,0,1032,511,0.0,0.0,0.0,0,0,0
129,0.05,0,255,0.07,0.0,0.0,0.08,1.0,20,0.0,0.0,1.0,0,0,0,0,0,0,1,0,0,0,0,0,0,0,0,neptune,0,0,0,0,0,0,0,0,0,0,1,0,0.0,0,0.16,1.0,0,0,0,0,0,0,0,0,0,0,0,0,0,0,0,0,0,0,0,0,0,0,0,0,0,0,0,0,0,1,0,0,0,0,0,0,0,0,0,0,0,0,0,0,0,0,0,0,0,0,0,0,0,0,0,0,0,0,0,0,0,0,0,0,0,0,0,0,0,0,0,20,0.0,0.0,1.0,0,0,0
2,0.0,106191,6,0.0,0.0,0.17,1.0,0.0,255,0.06,0.0,0.0,0,0,0,0,0,0,0,0,0,0,1,0,0,0,0,normal,0,1,0,0,0,0,0,0,0,0,1,0,0.0,0,1.0,0.0,0,0,0,0,0,0,0,0,0,0,0,0,0,0,0,0,0,0,0,0,0,1,0,0,0,0,0,0,0,0,0,0,0,0,0,0,0,0,0,0,0,0,0,0,0,0,0,0,0,0,0,0,0,0,0,0,0,0,0,0,0,0,0,0,0,0,0,0,0,0,247,3,0.67,0.0,0.0,0,0,0
22,0.0,315,72,0.0,0.0,0.01,1.0,0.0,255,0.02,0.0,0.0,0,0,0,0,0,0,0,0,0,0,1,0,0,0,0,normal,0,1,0,0,0,0,0,0,0,0,1,0,0.0,0,1.0,0.0,0,0,0,0,0,0,0,0,0,0,0,0,0,0,0,0,0,0,0,0,0,1,0,0,0,0,0,0,0,0,0,0,0,0,0,0,0,0,0,0,0,0,0,0,0,0,0,0,0,0,0,0,0,0,0,0,0,0,0,0,0,0,0,0,0,0,0,0,0,0,303,22,0.0,0.0,0.0,0,0,0
254,0.06,0,255,0.08,0.0,0.0,0.01,1.0,3,0.0,0.0,1.0,0,0,0,0,0,0,1,0,0,0,0,0,0,0,0,neptune,0,0,0,0,0,0,0,0,0,0,1,0,0.0,0,0.06,1.0,0,0,0,0,0,0,0,0,0,0,0,0,0,0,0,0,0,0,0,0,0,0,0,0,0,0,0,0,0,0,0,0,0,0,0,0,0,0,0,0,0,0,0,0,0,0,0,1,0,0,0,0,0,0,0,0,0,0,0,0,0,0,0,0,0,0,0,0,0,0,0,14,0.0,0.0,1.0,0,0,0
121,0.07,0,255,0.07,1.0,0.0,0.04,0.0,11,0.0,1.0,0.0,0,0,1,0,0,0,0,0,0,0,0,0,0,0,0,neptune,0,0,0,0,0,0,0,0,0,0,1,0,1.0,0,0.09,0.0,0,0,0,0,0,0,0,0,0,0,0,0,0,0,0,0,0,0,0,0,0,0,0,0,0,0,0,0,0,0,0,0,0,0,0,0,0,0,0,0,0,0,0,0,0,0,0,0,0,0,0,0,0,0,1,0,0,0,0,0,0,0,0,0,0,0,0,0,0,0,0,11,0.0,1.0,0.0,0,0,0
1,0.0,184,11,0.0,0.0,0.09,1.0,0.0,255,0.09,0.0,0.0,0,0,0,0,0,0,0,0,0,0,1,0,0,0,0,normal,0,1,0,0,0,0,0,0,0,0,1,0,0.0,0,1.0,0.0,0,0,0,0,0,0,0,0,0,0,0,0,0,0,0,0,0,0,0,0,0,1,0,0,0,0,0,0,0,0,0,0,0,0,0,0,0,0,0,0,0,0,0,0,0,0,0,0,0,0,0,0,0,0,0,0,0,0,0,0,0,0,0,0,0,0,0,0,0,0,220,1,0.0,0.0,0.0,0,0,0
17,0.0,8103,34,0.0,0.0,0.03,1.0,0.0,255,0.02,0.0,0.0,0,0,0,0,0,0,0,0,0,0,1,0,0,0,0,normal,0,1,0,0,0,0,0,0,0,0,1,0,0.0,0,1.0,0.0,0,0,0,0,0,0,0,0,0,0,0,0,0,0,0,0,0,0,0,0,0,1,0,0,0,0,0,0,0,0,0,0,0,0,0,0,0,0,0,0,0,0,0,0,0,0,0,0,0,0,0,0,0,0,0,0,0,0,0,0,0,0,0,0,0,0,0,0,0,0,219,28,0.11,0.0,0.0,0,0,0
83,0.06,0,255,0.06,0.0,0.0,0.05,1.0,13,0.0,0.0,1.0,0,0,0,0,0,0,1,0,0,0,0,0,0,0,0,neptune,0,0,0,0,0,0,0,0,0,0,1,0,0.0,0,0.16,1.0,0,0,0,0,0,0,0,0,0,0,0,0,0,0,0,0,0,0,0,0,0,0,0,0,0,0,0,0,0,0,0,0,0,0,0,0,0,0,0,0,0,0,0,0,0,0,0,1,0,0,0,0,0,0,0,0,0,0,0,0,0,0,0,0,0,0,0,0,0,0,0,13,0.0,0.0,1.0,0,0,0
205,0.06,0,255,0.07,0.0,0.0,0.07,1.0,17,0.0,0.0,1.0,0,0,0,0,0,0,1,0,0,0,0,0,0,0,0,neptune,0,0,0,0,0,0,0,0,0,0,1,0,0.0,0,0.08,1.0,0,0,0,0,0,0,0,0,0,0,0,0,0,0,0,0,0,0,0,0,0,0,0,0,0,0,0,0,0,0,0,0,0,0,0,0,0,0,0,0,0,0,0,0,0,0,0,0,0,0,0,0,0,0,0,1,0,0,0,0,0,0,0,0,0,0,0,0,0,0,0,17,0.0,0.0,1.0,0,0,0
267,0.04,0,255,0.05,0.0,0.0,0.08,1.0,21,0.0,0.0,1.0,0,0,0,0,0,0,1,0,0,0,0,0,0,0,0,neptune,0,0,0,0,0,0,0,0,0,0,1,0,0.0,0,0.08,1.0,0,0,0,0,0,0,0,0,0,0,0,0,0,0,0,0,0,0,0,0,0,0,0,0,0,0,0,0,0,0,0,0,0,0,0,0,0,0,0,0,0,0,0,0,0,0,0,1,0,0,0,0,0,0,0,0,0,0,0,0,0,0,0,0,0,0,0,0,0,0,0,21,0.0,0.0,1.0,0,0,0
1,0.0,0,1,0.0,0.0,1.0,1.0,0.0,247,1.0,0.0,0.0,0,0,0,0,0,0,0,0,0,0,1,0,0,0,0,ipsweep,0,0,0,0,0,0,0,0,0,1,0,0,0.0,0,1.0,0.0,0,0,0,0,0,0,0,0,0,0,0,1,0,0,0,0,0,0,0,0,0,0,0,0,0,0,0,0,0,0,0,0,0,0,0,0,0,0,0,0,0,0,0,0,0,0,0,0,0,0,0,0,0,0,0,0,0,0,0,0,0,0,0,0,0,0,0,0,0,0,18,1,0.0,0.0,0.0,0,0,0
1,0.0,22129,255,0.0,0.0,0.0,1.0,0.0,255,0.0,0.0,0.0,0,0,0,0,0,0,0,0,0,0,1,0,0,0,0,normal,0,1,0,0,0,0,0,0,0,0,1,0,0.0,0,1.0,0.0,0,0,0,0,0,0,0,0,0,0,0,0,0,0,0,0,0,0,0,0,0,1,0,0,0,0,0,0,0,0,0,0,0,0,0,0,0,0,0,0,0,0,0,0,0,0,0,0,0,0,0,0,0,0,0,0,0,0,0,0,0,0,0,0,0,0,0,0,0,0,198,1,0.0,0.0,0.0,0,0,0
1,0.0,105,255,0.52,0.0,0.85,0.0,0.0,1,0.0,0.0,0.0,2099,0,0,0,0,0,0,0,0,0,1,0,0,0,0,normal,0,0,0,0,0,0,0,0,0,0,0,1,0.0,0,1.0,0.0,0,0,0,0,0,0,0,0,0,0,0,0,0,0,0,0,0,0,0,0,0,0,0,0,0,0,0,0,0,0,0,0,0,0,0,0,0,0,0,0,0,0,1,0,0,0,0,0,0,0,0,0,0,0,0,0,0,0,0,0,0,0,0,0,0,0,0,0,0,0,147,1,0.0,0.0,0.0,0,0,0
142,0.01,71,255,0.0,0.0,0.0,1.0,0.0,255,0.0,0.0,0.0,0,0,0,0,0,0,0,0,0,0,1,0,0,0,0,normal,0,0,0,0,0,0,0,0,0,0,0,1,0.0,0,0.99,0.0,0,0,0,0,0,0,0,0,0,1,0,0,0,0,0,0,0,0,0,0,0,0,0,0,0,0,0,0,0,0,0,0,0,0,0,0,0,0,0,0,0,0,0,0,0,0,0,0,0,0,0,0,0,0,0,0,0,0,0,0,0,0,0,0,0,0,0,0,0,0,45,142,0.01,0.0,0.0,0,0,0
1,0.0,0,3,0.0,0.0,1.0,1.0,0.0,29,0.21,0.0,0.0,0,0,0,0,0,0,0,0,0,0,1,0,0,0,0,warezclient,0,1,0,0,0,0,0,0,0,0,1,0,0.0,0,1.0,0.0,0,0,0,0,0,0,0,0,0,0,0,0,0,0,0,0,0,1,0,0,0,0,0,0,0,0,0,0,0,0,0,0,0,0,0,0,0,0,0,0,0,0,0,0,0,0,0,0,0,0,0,0,0,0,0,0,0,0,0,0,0,0,0,0,0,0,0,0,0,0,334,1,0.0,0.0,0.0,0,0,0
219,0.08,0,255,0.08,0.0,0.0,0.0,1.0,1,0.0,0.0,1.0,0,0,0,0,0,0,1,0,0,0,0,0,0,0,0,neptune,0,0,0,0,0,0,0,0,0,0,1,0,0.0,0,0.0,1.0,0,0,0,0,0,0,0,0,0,0,0,0,0,0,0,0,0,0,0,0,0,0,0,0,0,0,0,0,0,0,0,0,0,0,0,0,0,0,0,0,0,0,0,0,0,0,0,1,0,0,0,0,0,0,0,0,0,0,0,0,0,0,0,0,0,0,0,0,0,0,0,1,0.0,0.0,1.0,0,0,0
290,0.06,0,255,0.06,0.0,0.0,0.0,1.0,1,0.0,0.0,1.0,0,0,0,0,0,0,1,0,0,0,0,0,0,0,0,neptune,0,0,0,0,0,0,0,0,0,0,1,0,0.0,0,0.02,1.0,0,0,0,0,0,0,0,0,0,0,0,0,0,0,0,0,0,0,0,0,0,0,0,0,0,0,0,0,0,0,0,0,0,0,0,0,0,0,0,0,0,0,0,0,0,0,0,0,0,0,0,0,0,0,0,0,0,0,0,0,0,0,0,0,0,1,0,0,0,0,0,6,0.0,0.0,1.0,0,0,0
4,0.0,2507,255,0.01,0.0,0.0,0.99,0.0,252,0.0,0.0,0.0,0,0,0,0,0,0,0,0,0,0,1,0,0,0,0,normal,0,1,0,0,0,0,0,0,0,0,1,0,0.0,0,1.0,0.0,0,0,0,0,0,0,0,0,0,0,0,0,0,0,0,0,0,0,0,0,0,1,0,0,0,0,0,0,0,0,0,0,0,0,0,0,0,0,0,0,0,0,0,0,0,0,0,0,0,0,0,0,0,0,0,0,0,0,0,0,0,0,0,0,0,0,0,0,0,0,298,4,0.0,0.0,0.0,0,0,0
3,0.0,1296,255,0.0,0.0,0.0,1.0,0.0,255,0.0,0.0,0.0,0,0,0,0,0,0,0,0,0,0,1,0,0,0,0,normal,0,1,0,0,0,0,0,0,0,0,1,0,0.0,0,1.0,0.0,0,0,0,0,0,0,0,0,0,0,0,0,0,0,0,0,0,0,0,0,0,1,0,0,0,0,0,0,0,0,0,0,0,0,0,0,0,0,0,0,0,0,0,0,0,0,0,0,0,0,0,0,0,0,0,0,0,0,0,0,0,0,0,0,0,0,0,0,0,0,257,4,0.5,0.0,0.0,0,0,0
10,0.0,1065,255,0.0,0.0,0.0,1.0,0.0,255,0.0,0.0,0.0,0,0,0,0,0,0,0,0,0,0,1,0,0,0,0,normal,0,1,0,0,0,0,0,0,0,0,1,0,0.0,0,1.0,0.0,0,0,0,0,0,0,0,0,0,0,0,0,0,0,0,0,0,0,0,0,0,1,0,0,0,0,0,0,0,0,0,0,0,0,0,0,0,0,0,0,0,0,0,0,0,0,0,0,0,0,0,0,0,0,0,0,0,0,0,0,0,0,0,0,0,0,0,0,0,0,234,54,0.07,0.0,0.0,0,0,0
1,0.0,7203,34,0.0,0.0,0.03,1.0,0.0,255,0.04,0.0,0.0,0,0,0,0,0,0,0,0,0,0,1,0,0,0,0,normal,0,1,0,0,0,0,0,0,0,0,1,0,0.0,0,1.0,0.0,0,0,0,0,0,0,0,0,0,0,0,0,0,0,0,0,0,0,0,0,0,1,0,0,0,0,0,0,0,0,0,0,0,0,0,0,0,0,0,0,0,0,0,0,0,0,0,0,0,0,0,0,0,0,0,0,0,0,0,0,0,0,0,0,0,0,0,0,0,0,234,1,0.0,0.0,0.0,0,0,0
2,0.0,1032,78,0.0,0.0,0.01,1.0,0.0,255,0.02,0.0,0.0,0,0,0,0,0,0,0,0,0,0,1,0,0,0,0,normal,0,1,0,0,0,0,0,0,0,0,1,0,0.0,0,1.0,0.0,0,0,0,0,0,0,0,0,0,0,0,0,0,0,0,0,0,0,0,0,0,1,0,0,0,0,0,0,0,0,0,0,0,0,0,0,0,0,0,0,0,0,0,0,0,0,0,0,0,0,0,0,0,0,0,0,0,0,0,0,0,0,0,0,0,0,0,0,0,0,328,2,0.0,0.0,0.0,0,0,0
216,0.07,0,255,0.08,1.0,0.0,0.01,0.0,2,0.0,1.0,0.0,0,0,1,0,0,0,0,0,0,0,0,0,0,0,0,neptune,0,0,0,0,0,0,0,0,0,0,1,0,1.0,0,0.01,0.0,0,0,0,0,0,0,0,0,0,0,0,0,0,0,0,0,0,0,0,0,0,0,0,0,0,0,0,0,0,0,0,0,0,0,0,0,0,0,0,0,0,0,0,0,0,0,0,1,0,0,0,0,0,0,0,0,0,0,0,0,0,0,0,0,0,0,0,0,0,0,0,2,0.0,1.0,0.0,0,0,0
158,0.1,0,255,0.1,0.0,0.0,0.0,1.0,1,0.0,0.0,1.0,0,0,0,0,0,0,1,0,0,0,0,0,0,0,0,neptune,0,0,0,0,0,0,0,0,0,0,1,0,0.0,0,0.01,1.0,0,0,0,0,0,0,0,0,0,0,0,0,0,0,0,0,0,0,0,0,0,0,0,0,0,0,0,0,0,0,0,0,0,0,0,0,1,0,0,0,0,0,0,0,0,0,0,0,0,0,0,0,0,0,0,0,0,0,0,0,0,0,0,0,0,0,0,0,0,0,0,1,0.0,0.0,1.0,0,0,0
247,0.06,0,255,0.08,0.0,0.0,0.07,1.0,18,0.0,0.0,1.0,0,0,0,0,0,0,1,0,0,0,0,0,0,0,0,neptune,0,0,0,0,0,0,0,0,0,0,1,0,0.0,0,0.01,1.0,0,0,0,0,0,0,0,0,0,0,0,0,0,0,0,0,0,0,0,0,0,0,0,0,0,0,0,0,0,0,0,1,0,0,0,0,0,0,0,0,0,0,0,0,0,0,0,0,0,0,0,0,0,0,0,0,0,0,0,0,0,0,0,0,0,0,0,0,0,0,0,3,0.0,0.0,1.0,0,0,0
280,0.06,0,255,0.07,0.0,0.0,0.02,1.0,6,0.0,0.0,1.0,0,0,0,0,0,0,1,0,0,0,0,0,0,0,0,neptune,0,0,0,0,0,0,0,0,0,0,1,0,0.0,0,0.03,1.0,0,0,0,0,1,0,0,0,0,0,0,0,0,0,0,0,0,0,0,0,0,0,0,0,0,0,0,0,0,0,0,0,0,0,0,0,0,0,0,0,0,0,0,0,0,0,0,0,0,0,0,0,0,0,0,0,0,0,0,0,0,0,0,0,0,0,0,0,0,0,0,7,0.0,0.0,1.0,0,0,0
101,0.0,130,255,0.0,0.0,0.0,1.0,0.0,255,0.0,0.0,0.0,0,0,0,0,0,0,0,0,0,0,1,0,0,0,0,normal,0,0,0,0,0,0,0,0,0,0,0,1,0.0,0,1.0,0.0,0,0,0,0,0,0,0,0,0,1,0,0,0,0,0,0,0,0,0,0,0,0,0,0,0,0,0,0,0,0,0,0,0,0,0,0,0,0,0,0,0,0,0,0,0,0,0,0,0,0,0,0,0,0,0,0,0,0,0,0,0,0,0,0,0,0,0,0,0,0,44,167,0.01,0.0,0.0,0,0,0
223,0.0,126,255,0.01,0.0,0.0,0.99,0.0,253,0.0,0.0,0.0,0,0,0,0,0,0,0,0,0,0,1,0,0,0,0,normal,0,0,0,0,0,0,0,0,0,0,0,1,0.0,0,1.0,0.0,0,0,0,0,0,0,0,0,0,1,0,0,0,0,0,0,0,0,0,0,0,0,0,0,0,0,0,0,0,0,0,0,0,0,0,0,0,0,0,0,0,0,0,0,0,0,0,0,0,0,0,0,0,0,0,0,0,0,0,0,0,0,0,0,0,0,0,0,0,0,44,303,0.01,0.0,0.0,0,0,0
2,0.0,0,255,0.74,1.0,1.0,0.01,0.0,2,0.0,1.0,0.0,26648,0,0,0,0,1,0,0,0,0,0,0,0,0,0,portsweep,0,0,0,0,0,0,0,0,0,0,1,0,1.0,0,1.0,0.0,0,0,0,0,0,0,0,0,0,0,0,0,0,0,0,0,0,0,0,0,0,0,0,0,0,0,0,0,0,0,0,0,0,0,0,0,0,0,0,0,0,0,0,0,0,0,0,1,0,0,0,0,0,0,0,0,0,0,0,0,0,0,0,0,0,0,0,0,0,0,1,2,0.0,1.0,0.0,0,0,0
2,0.0,0,7,0.29,0.0,0.86,0.86,0.0,55,0.05,0.0,0.0,1,0,0,0,0,0,0,0,0,0,1,0,0,0,0,normal,0,0,0,0,0,0,0,0,0,0,1,0,0.0,0,1.0,0.0,0,0,0,0,0,0,0,0,0,0,0,0,0,0,0,0,0,1,0,0,0,0,0,0,0,0,0,0,0,0,0,0,0,0,0,0,0,0,0,0,0,0,0,0,0,0,0,0,0,0,0,0,0,0,0,0,0,0,0,0,0,0,0,0,0,0,0,0,0,0,501760,2,0.0,0.0,0.0,0,0,0
22,0.0,10131,45,0.0,0.0,0.02,1.0,0.0,255,0.01,0.0,0.0,0,0,0,0,0,0,0,0,0,0,1,0,0,0,0,normal,0,1,0,0,0,0,0,0,0,0,1,0,0.0,0,1.0,0.0,0,0,0,0,0,0,0,0,0,0,0,0,0,0,0,0,0,0,0,0,0,1,0,0,0,0,0,0,0,0,0,0,0,0,0,0,0,0,0,0,0,0,0,0,0,0,0,0,0,0,0,0,0,0,0,0,0,0,0,0,0,0,0,0,0,0,0,0,0,0,221,22,0.0,0.0,0.0,0,0,0
21,0.1,0,255,0.07,0.01,0.99,0.02,0.0,5,0.0,0.0,0.0,0,0,0,0,0,0,0,0,0,0,1,0,0,0,0,satan,0,0,0,0,0,0,0,0,0,0,0,1,0.0,0,0.24,0.0,0,0,0,0,0,0,0,0,0,0,0,0,0,0,0,0,0,0,0,0,0,0,0,0,0,0,0,0,0,0,0,0,0,0,0,0,0,0,0,0,0,0,1,0,0,0,0,0,0,0,0,0,0,0,0,0,0,0,0,0,0,0,0,0,0,0,0,0,0,0,1,5,0.0,0.0,0.0,0,0,0
10,0.0,24684,21,0.0,0.0,0.05,1.0,0.0,97,0.07,0.0,0.0,0,0,0,0,0,0,0,0,0,0,1,0,0,0,0,normal,0,1,0,0,0,0,0,0,0,0,1,0,0.0,0,1.0,0.0,0,0,0,0,0,0,0,0,0,0,0,0,0,0,0,0,0,0,0,0,0,1,0,0,0,0,0,0,0,0,0,0,0,0,0,0,0,0,0,0,0,0,0,0,0,0,0,0,0,0,0,0,0,0,0,0,0,0,0,0,0,0,0,0,0,0,0,0,0,0,373,10,0.0,0.0,0.0,0,0,0
2,0.0,52,255,0.01,0.0,0.04,0.96,0.0,244,0.0,0.0,0.0,0,0,0,0,0,0,0,0,0,0,1,0,0,0,0,normal,0,0,0,0,0,0,0,0,0,0,0,1,0.0,0,1.0,0.0,0,0,0,0,0,0,0,0,0,1,0,0,0,0,0,0,0,0,0,0,0,0,0,0,0,0,0,0,0,0,0,0,0,0,0,0,0,0,0,0,0,0,0,0,0,0,0,0,0,0,0,0,0,0,0,0,0,0,0,0,0,0,0,0,0,0,0,0,0,0,40,3,0.67,0.0,0.0,0,0,0
15,0.0,1856,255,0.0,0.0,0.0,1.0,0.0,255,0.0,0.0,0.0,0,0,0,0,0,0,0,0,0,0,1,0,0,0,0,normal,0,1,0,0,0,0,0,0,0,0,1,0,0.0,0,1.0,0.0,0,0,0,0,0,0,0,0,0,0,0,0,0,0,0,0,0,0,0,0,0,1,0,0,0,0,0,0,0,0,0,0,0,0,0,0,0,0,0,0,0,0,0,0,0,0,0,0,0,0,0,0,0,0,0,0,0,0,0,0,0,0,0,0,0,0,0,0,0,0,216,17,0.12,0.0,0.0,0,0,0
20,0.0,714,31,0.0,0.0,0.03,1.0,0.0,255,0.09,0.0,0.01,0,0,0,0,0,0,0,0,0,0,1,0,0,0,0,normal,0,1,0,0,0,0,0,0,0,0,1,0,0.0,0,1.0,0.0,0,0,0,0,0,0,0,0,0,0,0,0,0,0,0,0,0,0,0,0,0,1,0,0,0,0,0,0,0,0,0,0,0,0,0,0,0,0,0,0,0,0,0,0,0,0,0,0,0,0,0,0,0,0,0,0,0,0,0,0,0,0,0,0,0,0,0,0,0,0,298,21,0.1,0.0,0.0,0,0,0
142,0.06,0,255,0.06,1.0,0.0,0.04,0.0,10,0.0,1.0,0.0,0,0,1,0,0,0,0,0,0,0,0,0,0,0,0,neptune,0,0,0,0,0,0,0,0,0,0,1,0,1.0,0,0.08,0.0,0,0,0,0,0,0,0,0,0,0,0,0,0,0,0,0,0,0,0,0,0,0,0,0,0,0,0,0,0,0,0,0,0,0,0,0,0,0,0,0,0,0,0,0,0,0,0,0,0,0,0,0,0,0,0,0,0,1,0,0,0,0,0,0,0,0,0,0,0,0,0,12,0.0,1.0,0.0,0,0,0
132,0.07,0,255,0.06,1.0,0.0,0.04,0.0,11,0.0,1.0,0.0,0,0,1,0,0,0,0,0,0,0,0,0,0,0,0,neptune,0,0,0,0,0,0,0,0,0,0,1,0,1.0,0,0.08,0.0,0,0,0,0,0,0,0,0,0,0,0,0,0,0,0,0,0,0,0,0,0,0,0,0,0,0,0,0,0,0,0,0,0,0,0,0,0,0,0,0,0,0,0,0,0,0,0,1,0,0,0,0,0,0,0,0,0,0,0,0,0,0,0,0,0,0,0,0,0,0,0,11,0.0,1.0,0.0,0,0,0
94,0.06,0,255,0.06,0.0,0.0,0.05,1.0,13,0.0,0.0,1.0,0,0,0,0,0,0,1,0,0,0,0,0,0,0,0,neptune,0,0,0,0,0,0,0,0,0,0,1,0,0.0,0,0.14,1.0,0,0,0,0,0,0,0,0,0,0,0,0,0,0,0,0,0,0,0,0,0,0,0,0,0,0,0,0,0,0,0,0,0,0,0,0,0,0,0,0,0,0,0,0,0,0,0,0,0,0,0,0,0,0,0,0,0,0,0,0,0,0,0,0,1,0,0,0,0,0,0,13,0.0,0.0,1.0,0,0,0
3,1.0,0,255,0.04,0.0,0.0,0.16,1.0,42,0.0,0.0,1.0,0,0,0,0,0,0,1,0,0,0,0,0,0,0,0,neptune,0,0,0,0,0,0,0,0,0,0,1,0,0.67,0,0.33,0.33,0,0,0,0,0,0,0,0,0,0,0,0,0,0,0,0,0,0,0,0,0,1,0,0,0,0,0,0,0,0,0,0,0,0,0,0,0,0,0,0,0,0,0,0,0,0,0,0,0,0,0,0,0,0,0,0,0,0,0,0,0,0,0,0,0,0,0,0,0,0,0,2,1.0,0.5,0.5,0,0,0
207,0.06,0,255,0.06,1.0,0.0,0.05,0.0,14,0.0,1.0,0.0,0,0,1,0,0,0,0,0,0,0,0,0,0,0,0,neptune,0,0,0,0,0,0,0,0,0,0,1,0,1.0,0,0.07,0.0,0,0,0,0,0,0,0,0,0,0,0,0,0,0,0,0,0,0,0,0,0,1,0,0,0,0,0,0,0,0,0,0,0,0,0,0,0,0,0,0,0,0,0,0,0,0,0,0,0,0,0,0,0,0,0,0,0,0,0,0,0,0,0,0,0,0,0,0,0,0,0,14,0.0,1.0,0.0,0,0,0
13,0.0,268,255,0.01,0.0,0.0,0.98,0.0,249,0.0,0.0,0.0,0,0,0,0,0,0,0,0,0,0,1,0,0,0,0,normal,0,1,0,0,0,0,0,0,0,0,1,0,0.0,0,1.0,0.0,0,0,0,0,0,0,0,0,0,0,0,0,0,0,0,0,0,0,0,0,0,1,0,0,0,0,0,0,0,0,0,0,0,0,0,0,0,0,0,0,0,0,0,0,0,0,0,0,0,0,0,0,0,0,0,0,0,0,0,0,0,0,0,0,0,0,0,0,0,0,323,13,0.0,0.0,0.0,0,0,0
121,0.06,0,112,0.12,0.0,0.01,0.01,1.0,1,0.0,0.0,1.0,0,0,0,0,0,0,1,0,0,0,0,0,0,0,0,neptune,0,0,0,0,0,0,0,0,0,0,1,0,0.0,0,0.01,1.0,0,0,0,0,0,0,0,0,0,0,0,0,0,0,0,0,0,0,0,0,0,0,0,0,0,0,0,0,0,0,0,0,0,0,0,0,0,0,0,0,0,0,0,0,0,0,0,1,0,0,0,0,0,0,0,0,0,0,0,0,0,0,0,0,0,0,0,0,0,0,0,1,0.0,0.0,1.0,0,0,0
190,0.06,0,255,0.07,0.0,0.0,0.01,1.0,2,0.0,0.0,1.0,0,0,0,0,0,0,1,0,0,0,0,0,0,0,0,neptune,0,0,0,0,0,0,0,0,0,0,1,0,0.0,0,0.01,1.0,0,0,0,0,0,0,0,0,0,0,0,0,0,0,0,0,0,0,0,0,0,0,0,0,0,0,0,0,0,0,0,0,0,1,0,0,0,0,0,0,0,0,0,0,0,0,0,0,0,0,0,0,0,0,0,0,0,0,0,0,0,0,0,0,0,0,0,0,0,0,0,2,0.0,0.0,1.0,0,0,0
20,0.0,426,255,0.0,0.0,0.0,1.0,0.0,255,0.0,0.0,0.0,0,0,0,0,0,0,0,0,0,0,1,0,0,0,0,normal,0,1,0,0,0,0,0,0,0,0,1,0,0.0,0,1.0,0.0,0,0,0,0,0,0,0,0,0,0,0,0,0,0,0,0,0,0,0,0,0,1,0,0,0,0,0,0,0,0,0,0,0,0,0,0,0,0,0,0,0,0,0,0,0,0,0,0,0,0,0,0,0,0,0,0,0,0,0,0,0,0,0,0,0,0,0,0,0,0,239,21,0.1,0.0,0.0,0,0,0
93,0.09,0,255,0.08,0.0,0.0,0.03,1.0,7,0.0,0.0,1.0,0,0,0,0,0,0,1,0,0,0,0,0,0,0,0,neptune,0,0,0,0,0,0,0,0,0,0,1,0,0.0,0,0.1,1.0,0,0,0,0,0,0,0,0,0,0,0,0,0,0,0,0,0,0,0,0,0,0,0,0,0,0,0,0,0,0,0,0,0,0,0,0,0,0,0,0,0,0,0,0,0,0,0,1,0,0,0,0,0,0,0,0,0,0,0,0,0,0,0,0,0,0,0,0,0,0,0,9,0.0,0.0,1.0,0,0,0
114,0.06,0,255,0.05,0.0,0.0,0.06,1.0,16,0.0,0.0,1.0,0,0,0,0,0,0,1,0,0,0,0,0,0,0,0,neptune,0,0,0,0,0,0,0,0,0,0,1,0,0.0,0,0.14,1.0,0,0,0,0,0,0,0,0,0,0,0,0,0,0,0,0,0,0,0,0,0,0,0,0,0,0,0,0,0,0,0,0,0,0,0,0,0,0,0,0,0,0,0,0,0,0,0,1,0,0,0,0,0,0,0,0,0,0,0,0,0,0,0,0,0,0,0,0,0,0,0,16,0.0,0.0,1.0,0,0,0
2,1.0,0,255,0.04,0.0,0.13,0.13,0.0,33,0.0,0.0,0.0,0,0,0,0,0,0,0,0,0,0,1,0,0,0,0,warezmaster,0,0,0,0,0,0,0,0,0,0,1,0,0.0,0,0.5,0.0,0,0,0,0,0,0,0,0,0,0,0,0,0,0,0,0,0,1,0,0,0,0,0,0,0,0,0,0,0,0,0,0,0,0,0,0,0,0,0,0,0,0,0,0,0,0,0,0,0,0,0,0,0,0,0,0,0,0,0,0,0,0,0,0,0,0,0,0,0,0,12,1,0.0,0.0,0.0,0,0,0
221,0.07,0,255,0.08,0.0,0.0,0.02,1.0,4,0.0,0.0,1.0,0,0,0,0,0,0,1,0,0,0,0,0,0,0,0,neptune,0,0,0,0,0,0,0,0,0,0,1,0,0.0,0,0.02,1.0,0,0,0,0,0,0,0,0,0,0,0,0,0,0,0,0,0,0,0,0,0,0,0,0,0,0,0,0,0,0,0,0,0,0,0,0,0,0,0,0,0,0,0,0,0,0,0,1,0,0,0,0,0,0,0,0,0,0,0,0,0,0,0,0,0,0,0,0,0,0,0,4,0.0,0.0,1.0,0,0,0
188,0.07,0,255,0.07,0.99,0.0,0.0,0.01,1,0.0,1.0,0.0,0,0,1,0,0,0,0,0,0,0,0,0,0,0,0,neptune,0,0,0,0,0,0,0,0,0,0,1,0,0.99,0,0.01,0.01,0,0,0,0,0,0,0,0,0,0,0,0,0,0,0,0,0,0,0,0,0,0,0,0,0,0,0,0,0,0,0,0,0,0,0,0,0,0,0,0,0,0,0,0,0,0,0,1,0,0,0,0,0,0,0,0,0,0,0,0,0,0,0,0,0,0,0,0,0,0,0,1,0.0,1.0,0.0,0,0,0
1,0.0,337,214,0.01,0.0,0.0,0.95,0.0,241,0.01,0.0,0.0,0,0,0,0,0,0,0,0,0,0,1,0,0,0,0,normal,0,1,0,0,0,0,0,0,0,0,1,0,0.0,0,1.0,0.0,0,0,0,0,0,0,0,0,0,0,0,0,0,0,0,0,0,0,0,0,0,0,0,0,0,0,0,0,0,0,0,0,0,0,0,0,0,0,0,0,0,0,0,0,0,0,0,0,0,0,0,0,1,0,0,0,0,0,0,0,0,0,0,0,0,0,0,0,0,0,2652,1,0.0,0.0,0.0,0,0,0
115,0.06,0,255,0.05,0.0,0.0,0.01,1.0,2,0.0,0.0,1.0,0,0,0,0,0,0,1,0,0,0,0,0,0,0,0,neptune,0,0,0,0,0,0,0,0,0,0,1,0,0.0,0,0.02,1.0,0,0,0,0,0,0,0,0,0,0,0,0,0,0,0,0,0,0,0,0,0,0,0,0,0,0,0,0,0,0,0,0,0,0,0,0,0,0,0,0,0,0,0,0,0,0,0,1,0,0,0,0,0,0,0,0,0,0,0,0,0,0,0,0,0,0,0,0,0,0,0,2,0.0,0.0,1.0,0,0,0
237,0.07,0,255,0.08,0.99,0.0,0.07,0.01,18,0.0,1.0,0.0,0,0,1,0,0,0,0,0,0,0,0,0,0,0,0,neptune,0,0,0,0,0,0,0,0,0,0,1,0,0.99,0,0.08,0.01,0,0,0,0,0,0,0,0,0,0,0,0,0,0,0,0,0,1,0,0,0,0,0,0,0,0,0,0,0,0,0,0,0,0,0,0,0,0,0,0,0,0,0,0,0,0,0,0,0,0,0,0,0,0,0,0,0,0,0,0,0,0,0,0,0,0,0,0,0,0,0,22,0.09,0.82,0.0,0,0,0
181,0.09,0,255,0.1,0.0,0.0,0.07,1.0,18,0.0,0.0,1.0,0,0,0,0,0,0,1,0,0,0,0,0,0,0,0,neptune,0,0,0,0,0,0,0,0,0,0,1,0,0.0,0,0.1,1.0,0,0,0,0,0,0,0,0,0,0,0,0,0,0,0,0,0,0,0,0,0,0,0,0,0,0,0,0,0,0,0,0,0,0,0,0,0,0,0,0,0,0,0,0,0,0,0,1,0,0,0,0,0,0,0,0,0,0,0,0,0,0,0,0,0,0,0,0,0,0,0,18,0.0,0.0,1.0,0,0,0
1,0.0,332,255,0.03,0.0,0.0,0.39,0.0,99,0.0,0.0,0.0,0,0,0,0,0,0,0,0,0,0,1,0,0,0,0,normal,0,1,0,0,0,0,0,0,0,0,1,0,0.0,0,1.0,0.0,0,0,0,0,0,0,0,0,0,0,0,0,0,0,0,0,0,0,0,0,0,0,0,0,0,0,0,0,0,0,0,0,0,0,0,0,0,0,0,0,0,0,0,0,0,0,0,0,0,0,0,0,1,0,0,0,0,0,0,0,0,0,0,0,0,0,0,0,0,0,2645,1,0.0,0.0,0.0,0,0,0
262,0.06,0,255,0.06,0.0,0.0,0.07,1.0,19,0.0,0.0,1.0,0,0,0,0,0,0,1,0,0,0,0,0,0,0,0,neptune,0,0,0,0,0,0,0,0,0,0,1,0,0.0,0,0.07,1.0,0,1,0,0,0,0,0,0,0,0,0,0,0,0,0,0,0,0,0,0,0,0,0,0,0,0,0,0,0,0,0,0,0,0,0,0,0,0,0,0,0,0,0,0,0,0,0,0,0,0,0,0,0,0,0,0,0,0,0,0,0,0,0,0,0,0,0,0,0,0,0,19,0.0,0.0,1.0,0,0,0
4,0.0,335,255,0.0,0.0,0.0,1.0,0.0,255,0.0,0.0,0.0,0,0,0,0,0,0,0,0,0,0,1,0,0,0,0,normal,0,1,0,0,0,0,0,0,0,0,1,0,0.0,0,1.0,0.0,0,0,0,0,0,0,0,0,0,0,0,0,0,0,0,0,0,0,0,0,0,1,0,0,0,0,0,0,0,0,0,0,0,0,0,0,0,0,0,0,0,0,0,0,0,0,0,0,0,0,0,0,0,0,0,0,0,0,0,0,0,0,0,0,0,0,0,0,0,0,203,4,0.0,0.0,0.0,0,0,0
283,0.06,0,255,0.06,1.0,0.0,0.07,0.0,17,0.0,1.0,0.0,0,0,1,0,0,0,0,0,0,0,0,0,0,0,0,neptune,0,0,0,0,0,0,0,0,0,0,1,0,1.0,0,0.06,0.0,0,0,0,0,0,0,0,0,0,0,0,0,0,0,0,0,0,0,0,0,0,0,0,0,0,0,0,0,0,0,0,0,0,0,0,0,0,0,0,0,0,0,0,0,0,0,0,1,0,0,0,0,0,0,0,0,0,0,0,0,0,0,0,0,0,0,0,0,0,0,0,17,0.0,1.0,0.0,0,0,0
1,0.0,367,27,0.07,0.0,0.04,0.96,0.0,160,0.01,0.0,0.0,2,0,0,0,0,0,0,0,0,0,1,0,0,0,0,normal,0,1,0,0,0,0,0,0,0,0,1,0,0.0,0,1.0,0.0,0,0,0,0,0,0,0,0,0,0,0,0,0,0,0,0,0,0,0,0,0,0,0,0,0,0,0,0,0,0,0,0,0,0,0,0,0,0,0,0,0,0,0,0,0,0,0,0,0,0,0,0,1,0,0,0,0,0,0,0,0,0,0,0,0,0,0,0,0,0,1273,1,0.0,0.0,0.0,0,0,0
1,0.0,332,136,0.04,0.0,0.01,0.48,0.0,142,0.01,0.0,0.0,2,0,0,0,0,0,0,0,0,0,1,0,0,0,0,normal,0,1,0,0,0,0,0,0,0,0,1,0,0.0,0,1.0,0.0,0,0,0,0,0,0,0,0,0,0,0,0,0,0,0,0,0,0,0,0,0,0,0,0,0,0,0,0,0,0,0,0,0,0,0,0,0,0,0,0,0,0,0,0,0,0,0,0,0,0,0,0,1,0,0,0,0,0,0,0,0,0,0,0,0,0,0,0,0,0,2032,3,1.0,0.0,0.0,0,0,0
1,0.0,4152,138,0.03,0.0,0.01,0.23,0.0,32,0.0,0.0,0.0,31,0,0,0,0,0,0,0,0,0,1,0,30,1,0,normal,0,1,0,0,0,0,0,0,0,0,1,0,0.0,0,1.0,0.0,0,0,0,0,0,0,0,0,0,0,0,0,0,0,0,0,1,0,0,0,0,0,0,0,0,0,0,0,0,0,0,0,0,0,0,0,0,0,0,0,0,0,0,0,0,0,0,0,0,0,0,0,0,0,0,0,0,0,0,0,0,0,0,0,0,0,0,0,0,0,1449,1,0.0,0.0,0.0,0,0,0
32,0.0,1411,69,0.0,0.0,0.01,1.0,0.01,255,0.02,0.0,0.0,0,0,0,0,0,0,0,0,0,0,1,0,0,0,0,normal,0,1,0,0,0,0,0,0,0,0,1,0,0.0,0,1.0,0.03,0,0,0,0,0,0,0,0,0,0,0,0,0,0,0,0,0,0,0,0,0,1,0,0,0,0,0,0,0,0,0,0,0,0,0,0,0,0,0,0,0,0,0,0,0,0,0,0,0,0,0,0,0,0,0,0,0,0,0,0,0,0,0,0,0,0,0,0,0,0,225,35,0.09,0.0,0.03,0,0,0
1,0.0,146,91,0.02,0.0,0.01,0.99,0.0,90,0.0,0.0,0.0,0,0,0,0,0,0,0,0,0,0,1,0,0,0,0,normal,0,0,0,0,0,0,0,0,0,0,0,1,0.0,0,1.0,0.0,0,0,0,0,0,0,0,0,0,0,0,0,0,0,0,0,0,0,0,0,0,0,0,0,0,0,0,0,0,0,0,0,0,0,0,0,0,0,0,0,0,0,0,0,0,0,0,1,0,0,0,0,0,0,0,0,0,0,0,0,0,0,0,0,0,0,0,0,0,0,105,1,0.0,0.0,0.0,0,0,0
141,0.07,0,255,0.07,1.0,0.0,0.04,0.0,10,0.0,1.0,0.0,0,0,1,0,0,0,0,0,0,0,0,0,0,0,0,neptune,0,0,0,0,0,0,0,0,0,0,1,0,1.0,0,0.07,0.0,0,0,0,0,0,0,0,0,0,0,0,0,0,0,0,0,0,0,0,0,0,0,0,0,0,0,0,0,0,0,0,0,0,0,0,0,0,0,0,0,0,0,0,0,0,0,0,1,0,0,0,0,0,0,0,0,0,0,0,0,0,0,0,0,0,0,0,0,0,0,0,10,0.0,1.0,0.0,0,0,0
149,0.06,0,255,0.07,1.0,0.0,0.01,0.0,2,0.0,1.0,0.0,0,0,1,0,0,0,0,0,0,0,0,0,0,0,0,neptune,0,0,0,0,0,0,0,0,0,0,1,0,1.0,0,0.13,0.0,0,0,0,0,0,0,0,0,0,0,0,0,0,0,0,0,0,0,0,0,0,0,0,0,0,0,0,0,0,0,0,0,0,0,0,0,0,0,0,0,0,0,0,0,0,0,0,1,0,0,0,0,0,0,0,0,0,0,0,0,0,0,0,0,0,0,0,0,0,0,0,20,0.0,1.0,0.0,0,0,0
2,0.0,398,2,0.0,0.0,0.5,1.0,0.0,255,0.01,0.0,0.0,0,0,0,0,0,0,0,0,0,0,1,0,0,0,0,normal,0,1,0,0,0,0,0,0,0,0,1,0,0.0,0,1.0,0.0,0,0,0,0,0,0,0,0,0,0,0,0,0,0,0,0,0,0,0,0,0,1,0,0,0,0,0,0,0,0,0,0,0,0,0,0,0,0,0,0,0,0,0,0,0,0,0,0,0,0,0,0,0,0,0,0,0,0,0,0,0,0,0,0,0,0,0,0,0,0,220,2,0.0,0.0,0.0,0,0,0
258,0.07,0,255,0.07,0.0,0.0,0.0,1.0,1,0.0,0.0,1.0,0,0,0,0,0,0,1,0,0,0,0,0,0,0,0,neptune,0,0,0,0,0,0,0,0,0,0,1,0,0.0,0,0.0,1.0,0,0,0,0,0,0,0,0,0,0,0,0,0,0,0,0,0,0,0,0,0,0,0,0,0,0,0,0,0,0,0,0,0,0,0,0,0,0,0,0,0,0,0,0,0,0,0,1,0,0,0,0,0,0,0,0,0,0,0,0,0,0,0,0,0,0,0,0,0,0,0,1,0.0,0.0,1.0,0,0,0
230,0.0,0,255,0.0,0.0,1.0,1.0,0.0,255,0.0,0.0,0.0,0,0,0,0,0,0,0,0,0,0,1,0,0,0,0,smurf,0,0,0,0,0,0,0,0,0,1,0,0,0.0,0,1.0,0.0,0,0,0,0,0,0,0,0,0,0,0,0,1,0,0,0,0,0,0,0,0,0,0,0,0,0,0,0,0,0,0,0,0,0,0,0,0,0,0,0,0,0,0,0,0,0,0,0,0,0,0,0,0,0,0,0,0,0,0,0,0,0,0,0,0,0,0,0,0,0,1032,230,0.0,0.0,0.0,0,0,0
40,0.0,0,255,0.01,0.0,0.16,0.16,0.0,40,0.0,0.0,0.0,0,0,0,0,0,0,0,0,0,0,1,0,0,0,0,teardrop,0,0,0,0,0,0,0,0,0,0,0,1,0.0,0,1.0,0.0,0,0,0,0,0,0,0,0,0,0,0,0,0,0,0,0,0,0,0,0,0,0,0,0,0,0,0,0,0,0,0,0,0,0,0,0,0,0,0,0,0,0,0,0,0,0,0,1,0,0,0,0,0,0,0,0,0,0,0,0,0,0,0,0,0,0,0,0,0,0,28,40,0.0,0.0,0.0,0,0,3
4,0.0,16193,196,0.0,0.0,0.01,1.0,0.0,255,0.01,0.0,0.0,0,0,0,0,0,0,0,0,0,0,1,0,0,0,0,normal,0,1,0,0,0,0,0,0,0,0,1,0,0.0,0,1.0,0.0,0,0,0,0,0,0,0,0,0,0,0,0,0,0,0,0,0,0,0,0,0,1,0,0,0,0,0,0,0,0,0,0,0,0,0,0,0,0,0,0,0,0,0,0,0,0,0,0,0,0,0,0,0,0,0,0,0,0,0,0,0,0,0,0,0,0,0,0,0,0,268,4,0.0,0.0,0.0,0,0,0
2,0.0,0,171,0.0,0.0,0.01,1.0,0.01,255,0.02,0.0,0.0,0,0,0,0,0,0,1,0,0,0,0,0,0,0,0,normal,0,0,0,0,0,0,0,0,0,0,1,0,0.0,0,1.0,0.5,0,0,0,0,0,0,0,0,0,0,0,0,0,0,0,0,0,0,0,0,0,1,0,0,0,0,0,0,0,0,0,0,0,0,0,0,0,0,0,0,0,0,0,0,0,0,0,0,0,0,0,0,0,0,0,0,0,0,0,0,0,0,0,0,0,0,0,0,0,0,0,27,0.07,0.0,0.04,0,0,0
1,0.0,30915,35,0.0,0.0,0.03,1.0,0.0,255,0.03,0.0,0.0,0,0,0,0,0,0,0,0,0,0,1,0,0,0,0,normal,0,1,0,0,0,0,0,0,0,0,1,0,0.0,0,1.0,0.0,0,0,0,0,0,0,0,0,0,0,0,0,0,0,0,0,0,0,0,0,0,1,0,0,0,0,0,0,0,0,0,0,0,0,0,0,0,0,0,0,0,0,0,0,0,0,0,0,0,0,0,0,0,0,0,0,0,0,0,0,0,0,0,0,0,0,0,0,0,0,259,1,0.0,0.0,0.0,0,0,0
5,0.0,608,255,0.0,0.0,0.0,1.0,0.0,255,0.0,0.0,0.0,0,0,0,0,0,0,0,0,0,0,1,0,0,0,0,normal,0,1,0,0,0,0,0,0,0,0,1,0,0.0,0,1.0,0.0,0,0,0,0,0,0,0,0,0,0,0,0,0,0,0,0,0,0,0,0,0,1,0,0,0,0,0,0,0,0,0,0,0,0,0,0,0,0,0,0,0,0,0,0,0,0,0,0,0,0,0,0,0,0,0,0,0,0,0,0,0,0,0,0,0,0,0,0,0,0,321,5,0.0,0.0,0.0,0,0,0
1,0.0,41,255,0.02,0.0,0.0,0.01,0.0,3,0.0,0.0,0.0,1,0,0,0,0,0,0,0,0,0,1,0,0,0,0,normal,0,1,0,0,0,0,0,0,0,0,1,0,0.0,0,1.0,0.0,0,1,0,0,0,0,0,0,0,0,0,0,0,0,0,0,0,0,0,0,0,0,0,0,0,0,0,0,0,0,0,0,0,0,0,0,0,0,0,0,0,0,0,0,0,0,0,0,0,0,0,0,0,0,0,0,0,0,0,0,0,0,0,0,0,0,0,0,0,0,14,1,0.0,0.0,0.0,0,0,0
206,0.05,0,255,0.05,0.0,0.0,0.06,1.0,15,0.0,0.0,1.0,0,0,0,0,0,0,1,0,0,0,0,0,0,0,0,neptune,0,0,0,0,0,0,0,0,0,0,1,0,0.0,0,0.07,1.0,0,0,0,0,0,0,0,0,0,0,0,0,0,0,0,0,0,0,0,0,0,0,0,0,0,0,0,0,0,0,0,0,0,0,0,0,0,0,1,0,0,0,0,0,0,0,0,0,0,0,0,0,0,0,0,0,0,0,0,0,0,0,0,0,0,0,0,0,0,0,0,15,0.0,0.0,1.0,0,0,0
39,0.0,1622,86,0.0,0.0,0.01,1.0,0.0,255,0.05,0.0,0.0,0,0,0,0,0,0,0,0,0,0,1,0,0,0,0,normal,0,1,0,0,0,0,0,0,0,0,1,0,0.0,0,1.0,0.0,0,0,0,0,0,0,0,0,0,0,0,0,0,0,0,0,0,0,0,0,0,1,0,0,0,0,0,0,0,0,0,0,0,0,0,0,0,0,0,0,0,0,0,0,0,0,0,0,0,0,0,0,0,0,0,0,0,0,0,0,0,0,0,0,0,0,0,0,0,0,315,39,0.0,0.0,0.0,0,0,0
1,0.0,19706,15,0.0,0.0,0.07,1.0,0.0,78,0.04,0.0,0.0,0,0,0,0,0,0,0,0,0,0,1,0,3,0,0,normal,0,1,0,0,0,0,0,0,0,0,1,0,0.0,1,1.0,0.0,0,0,0,0,0,0,0,0,0,0,0,0,0,0,0,0,0,0,0,0,0,1,0,0,0,0,0,0,0,0,0,0,0,0,0,0,0,0,0,0,0,0,0,0,0,0,0,0,0,0,0,0,0,0,0,0,0,0,0,0,0,0,0,0,0,0,0,0,0,0,152,1,0.0,0.0,0.0,0,0,0
263,1.0,0,255,0.97,0.92,0.0,0.0,0.04,1,0.0,1.0,0.0,0,0,1,0,0,0,0,0,0,0,0,0,0,0,0,satan,0,0,0,0,0,0,0,0,0,0,1,0,0.94,0,0.0,0.03,0,0,0,0,0,0,0,0,0,0,0,0,0,0,0,0,0,0,0,0,0,0,0,0,0,0,0,0,0,0,0,0,0,0,0,0,0,0,0,0,0,0,0,0,0,0,0,1,0,0,0,0,0,0,0,0,0,0,0,0,0,0,0,0,0,0,0,0,0,0,0,1,0.0,1.0,0.0,0,0,0
1,0.0,44,255,0.03,0.11,0.0,0.51,0.22,131,0.0,0.1,0.42,0,0,0,0,0,0,0,0,0,1,0,0,0,0,0,processtable,0,0,0,0,0,0,0,0,0,0,1,0,0.0,0,1.0,1.0,0,0,0,0,0,0,0,0,0,0,0,0,0,0,0,0,0,0,0,0,0,0,0,0,0,0,0,0,0,0,0,0,0,0,0,0,0,0,0,0,0,0,0,0,0,0,0,0,0,0,0,0,0,0,0,0,0,0,1,0,0,0,0,0,0,0,0,0,0,0,0,1,0.0,0.0,1.0,0,0,0
282,0.05,0,255,0.05,0.0,0.0,0.01,1.0,2,0.0,0.0,1.0,0,0,0,0,0,0,1,0,0,0,0,0,0,0,0,neptune,0,0,0,0,0,0,0,0,0,0,1,0,0.0,0,0.01,1.0,0,0,0,0,0,0,0,0,0,0,0,0,0,0,0,0,0,0,0,0,0,0,0,0,0,0,0,0,0,0,0,0,0,0,0,0,0,0,0,0,0,0,0,0,0,0,0,0,0,0,0,0,0,0,0,0,0,0,1,0,0,0,0,0,0,0,0,0,0,0,0,2,0.0,0.0,1.0,0,0,0
4,0.0,1380,255,0.01,0.0,0.0,0.91,0.0,233,0.0,0.0,0.0,0,0,0,0,0,0,0,0,0,0,1,0,0,0,0,normal,0,1,0,0,0,0,0,0,0,0,1,0,0.0,0,1.0,0.0,0,0,0,0,0,0,0,0,0,0,0,0,0,0,0,0,0,0,0,0,0,1,0,0,0,0,0,0,0,0,0,0,0,0,0,0,0,0,0,0,0,0,0,0,0,0,0,0,0,0,0,0,0,0,0,0,0,0,0,0,0,0,0,0,0,0,0,0,0,0,226,4,0.0,0.0,0.0,0,0,0
510,0.0,0,255,0.03,0.0,0.6,0.6,0.0,152,0.0,0.0,0.0,0,0,0,0,0,0,0,0,0,0,1,0,0,0,0,smurf,0,0,0,0,0,0,0,0,0,1,0,0,0.0,0,1.0,0.0,0,0,0,0,0,0,0,0,0,0,0,0,1,0,0,0,0,0,0,0,0,0,0,0,0,0,0,0,0,0,0,0,0,0,0,0,0,0,0,0,0,0,0,0,0,0,0,0,0,0,0,0,0,0,0,0,0,0,0,0,0,0,0,0,0,0,0,0,0,0,1032,510,0.0,0.0,0.0,0,0,0
25,0.16,0,255,0.06,0.0,0.01,0.02,1.0,4,0.0,0.0,1.0,0,0,0,0,0,0,1,0,0,0,0,0,0,0,0,neptune,0,0,0,0,0,0,0,0,0,0,1,0,0.08,0,0.12,0.92,0,0,0,0,0,0,0,0,0,0,0,0,0,0,0,1,0,0,0,0,0,0,0,0,0,0,0,0,0,0,0,0,0,0,0,0,0,0,0,0,0,0,0,0,0,0,0,0,0,0,0,0,0,0,0,0,0,0,0,0,0,0,0,0,0,0,0,0,0,0,0,3,0.0,0.0,1.0,0,0,0
115,0.07,0,255,0.08,0.0,0.0,0.02,1.0,6,0.0,0.0,1.0,0,0,0,0,0,0,1,0,0,0,0,0,0,0,0,neptune,0,0,0,0,0,0,0,0,0,0,1,0,0.0,0,0.16,1.0,0,0,0,0,0,0,0,0,0,0,0,0,0,0,0,0,0,0,0,0,0,0,0,0,0,0,0,0,0,0,0,0,0,0,0,0,0,0,0,0,0,0,0,0,0,0,0,1,0,0,0,0,0,0,0,0,0,0,0,0,0,0,0,0,0,0,0,0,0,0,0,18,0.0,0.0,1.0,0,0,0
4,0.0,1030,4,0.0,0.0,0.25,1.0,0.25,255,0.05,0.0,0.0,0,0,0,0,0,0,0,0,0,0,1,0,0,0,0,normal,0,1,0,0,0,0,0,0,0,0,1,0,0.0,0,1.0,0.25,0,0,0,0,0,0,0,0,0,0,0,0,0,0,0,0,0,0,0,0,0,1,0,0,0,0,0,0,0,0,0,0,0,0,0,0,0,0,0,0,0,0,0,0,0,0,0,0,0,0,0,0,0,0,0,0,0,0,0,0,0,0,0,0,0,0,0,0,0,0,204,4,0.0,0.0,0.25,0,0,0
307,0.0,83,255,0.01,0.0,0.0,0.85,0.0,218,0.0,0.0,0.0,0,0,0,0,0,0,0,0,0,0,1,0,0,0,0,normal,0,0,0,0,0,0,0,0,0,0,0,1,0.0,0,1.0,0.0,0,0,0,0,0,0,0,0,0,1,0,0,0,0,0,0,0,0,0,0,0,0,0,0,0,0,0,0,0,0,0,0,0,0,0,0,0,0,0,0,0,0,0,0,0,0,0,0,0,0,0,0,0,0,0,0,0,0,0,0,0,0,0,0,0,0,0,0,0,0,45,307,0.0,0.0,0.0,0,0,0
1,0.0,0,1,0.0,0.0,1.0,1.0,0.0,49,0.51,0.0,0.0,0,0,0,0,0,0,0,0,0,0,1,0,0,0,0,ipsweep,0,0,0,0,0,0,0,0,0,1,0,0,0.0,0,1.0,0.0,0,0,0,0,0,0,0,0,0,0,0,1,0,0,0,0,0,0,0,0,0,0,0,0,0,0,0,0,0,0,0,0,0,0,0,0,0,0,0,0,0,0,0,0,0,0,0,0,0,0,0,0,0,0,0,0,0,0,0,0,0,0,0,0,0,0,0,0,0,0,8,47,1.0,0.0,0.0,0,0,0
116,0.06,0,255,0.06,1.0,0.0,0.07,0.0,19,0.0,1.0,0.0,0,0,1,0,0,0,0,0,0,0,0,0,0,0,0,neptune,0,0,0,0,0,0,0,0,0,0,1,0,1.0,0,0.16,0.0,0,0,0,0,0,0,0,0,0,0,0,0,0,0,0,0,0,0,0,0,0,0,0,0,0,0,0,0,0,0,0,0,0,0,0,0,0,0,0,0,0,0,0,0,0,0,0,1,0,0,0,0,0,0,0,0,0,0,0,0,0,0,0,0,0,0,0,0,0,0,0,19,0.0,1.0,0.0,0,0,0
1,0.0,0,46,1.0,0.91,0.02,0.02,0.0,2,1.0,1.0,0.0,0,0,1,0,0,0,0,0,0,0,0,0,0,0,0,ipsweep,0,0,0,0,0,0,0,0,0,0,1,0,1.0,0,1.0,0.0,0,0,0,0,0,0,0,0,0,0,0,0,0,0,0,0,0,0,0,0,0,0,0,0,0,0,0,0,0,0,0,0,0,0,0,0,0,0,0,0,0,0,0,0,0,0,0,1,0,0,0,0,0,0,0,0,0,0,0,0,0,0,0,0,0,0,0,0,0,0,0,1,0.0,1.0,0.0,0,0,0
267,0.06,0,255,0.07,1.0,0.0,0.04,0.0,9,0.0,1.0,0.0,0,0,1,0,0,0,0,0,0,0,0,0,0,0,0,neptune,0,0,0,0,0,0,0,0,0,0,1,0,1.0,0,0.03,0.0,0,0,0,0,0,0,0,0,0,0,0,0,0,0,0,0,0,0,0,0,0,1,0,0,0,0,0,0,0,0,0,0,0,0,0,0,0,0,0,0,0,0,0,0,0,0,0,0,0,0,0,0,0,0,0,0,0,0,0,0,0,0,0,0,0,0,0,0,0,0,0,9,0.0,1.0,0.0,0,0,0
182,0.08,0,255,0.07,0.0,0.0,0.01,1.0,3,0.0,0.0,1.0,0,0,0,0,0,0,1,0,0,0,0,0,0,0,0,neptune,0,0,0,0,0,0,0,0,0,0,1,0,0.0,0,0.02,1.0,0,0,0,0,0,0,0,0,0,0,0,0,0,0,0,0,0,0,0,0,0,0,0,0,0,0,0,0,0,0,0,0,0,0,0,0,0,0,0,0,0,0,0,0,0,0,0,0,0,0,0,0,0,0,0,0,0,0,0,0,0,1,0,0,0,0,0,0,0,0,0,3,0.0,0.0,1.0,0,0,0
511,1.0,0,255,1.0,0.97,0.0,0.0,0.03,1,0.0,1.0,0.0,0,0,1,0,0,0,0,0,0,0,0,0,0,0,0,satan,0,0,0,0,0,0,0,0,0,0,1,0,0.95,0,0.0,0.05,0,0,0,0,0,0,0,0,0,0,0,0,0,0,0,0,0,0,0,0,0,0,0,0,0,0,0,0,0,0,0,0,0,0,0,0,0,0,0,0,0,0,1,0,0,0,0,0,0,0,0,0,0,0,0,0,0,0,0,0,0,0,0,0,0,0,0,0,0,0,0,1,0.0,1.0,0.0,0,0,0
8,0.0,296,255,0.0,0.0,0.0,1.0,0.0,255,0.0,0.0,0.0,0,0,0,0,0,0,0,0,0,0,1,0,0,0,0,normal,0,1,0,0,0,0,0,0,0,0,1,0,0.0,0,1.0,0.0,0,0,0,0,0,0,0,0,0,0,0,0,0,0,0,0,0,0,0,0,0,1,0,0,0,0,0,0,0,0,0,0,0,0,0,0,0,0,0,0,0,0,0,0,0,0,0,0,0,0,0,0,0,0,0,0,0,0,0,0,0,0,0,0,0,0,0,0,0,0,281,10,0.2,0.0,0.0,0,0,0
138,0.04,0,255,0.06,0.0,0.0,0.02,1.0,5,0.0,0.0,1.0,0,0,0,0,0,0,1,0,0,0,0,0,0,0,0,neptune,0,0,0,0,0,0,0,0,0,0,1,0,0.0,0,0.12,1.0,0,0,0,0,0,0,0,0,0,0,0,0,0,0,0,0,0,0,0,0,0,0,0,0,0,0,0,0,0,0,0,0,0,0,0,0,0,0,0,0,0,0,0,0,0,0,0,0,0,0,0,0,0,0,0,0,0,1,0,0,0,0,0,0,0,0,0,0,0,0,0,17,0.0,0.0,1.0,0,0,0
270,0.06,0,255,0.07,1.0,0.0,0.03,0.0,7,0.0,1.0,0.0,0,0,1,0,0,0,0,0,0,0,0,0,0,0,0,neptune,0,0,0,0,0,0,0,0,0,0,1,0,1.0,0,0.03,0.0,0,0,0,0,0,0,0,0,0,0,0,0,0,0,0,0,0,0,0,0,0,0,0,0,0,0,0,0,0,0,0,0,0,0,0,0,0,0,0,0,0,0,0,0,0,0,0,0,0,0,0,0,0,0,0,0,0,0,0,0,0,0,0,0,0,0,1,0,0,0,0,7,0.0,1.0,0.0,0,0,0
2,1.0,0,255,0.08,0.0,0.0,0.02,1.0,5,0.0,0.0,1.0,0,0,0,0,0,0,1,0,0,0,0,0,0,0,0,neptune,0,0,0,0,0,0,0,0,0,0,1,0,0.5,0,0.5,0.5,0,0,0,0,0,0,0,0,0,0,0,0,0,0,0,1,0,0,0,0,0,0,0,0,0,0,0,0,0,0,0,0,0,0,0,0,0,0,0,0,0,0,0,0,0,0,0,0,0,0,0,0,0,0,0,0,0,0,0,0,0,0,0,0,0,0,0,0,0,0,0,1,0.0,0.0,1.0,0,0,0
1,0.0,273525,255,0.01,0.0,0.0,1.0,0.0,254,0.0,0.0,0.0,0,0,0,0,0,0,0,0,0,0,1,0,0,0,0,normal,0,1,0,0,0,0,0,0,0,0,1,0,0.0,0,1.0,0.0,0,0,0,0,0,0,0,0,0,0,0,0,0,0,0,0,0,0,0,0,0,1,0,0,0,0,0,0,0,0,0,0,0,0,0,0,0,0,0,0,0,0,0,0,0,0,0,0,0,0,0,0,0,0,0,0,0,0,0,0,0,0,0,0,0,0,0,0,0,0,179,1,0.0,0.0,0.0,0,0,0
72,0.0,142,255,0.01,0.0,0.0,1.0,0.0,254,0.0,0.0,0.0,0,0,0,0,0,0,0,0,0,0,1,0,0,0,0,normal,0,0,0,0,0,0,0,0,0,0,0,1,0.0,0,1.0,0.0,0,0,0,0,0,0,0,0,0,1,0,0,0,0,0,0,0,0,0,0,0,0,0,0,0,0,0,0,0,0,0,0,0,0,0,0,0,0,0,0,0,0,0,0,0,0,0,0,0,0,0,0,0,0,0,0,0,0,0,0,0,0,0,0,0,0,0,0,0,0,42,152,0.01,0.0,0.0,0,0,0
290,0.05,0,255,0.05,0.0,0.0,0.01,1.0,3,0.0,0.0,1.0,0,0,0,0,0,0,1,0,0,0,0,0,0,0,0,neptune,0,0,0,0,0,0,0,0,0,0,1,0,0.0,0,0.01,1.0,0,0,0,0,0,0,0,0,0,0,0,0,0,0,0,0,0,0,0,0,0,1,0,0,0,0,0,0,0,0,0,0,0,0,0,0,0,0,0,0,0,0,0,0,0,0,0,0,0,0,0,0,0,0,0,0,0,0,0,0,0,0,0,0,0,0,0,0,0,0,0,3,0.0,0.0,1.0,0,0,0
1,0.0,1948,255,0.01,0.0,0.0,0.94,0.01,240,0.0,0.0,0.01,136,0,0,0,0,0,0,0,1,0,0,0,0,0,0,normal,0,1,0,0,0,0,0,0,0,0,1,0,0.0,0,1.0,1.0,0,0,0,0,0,0,0,0,0,0,0,0,0,0,0,0,0,0,0,0,0,1,0,0,0,0,0,0,0,0,0,0,0,0,0,0,0,0,0,0,0,0,0,0,0,0,0,0,0,0,0,0,0,0,0,0,0,0,0,0,0,0,0,0,0,0,0,0,0,0,183,1,0.0,0.0,1.0,0,0,0
2,0.0,8314,114,0.0,0.02,0.01,1.0,0.0,114,0.0,0.02,0.0,0,0,0,0,0,0,0,0,0,0,1,0,2,0,0,back,0,1,0,1,0,0,0,0,0,0,1,0,0.0,0,1.0,0.0,0,0,0,0,0,0,0,0,0,0,0,0,0,0,0,0,0,0,0,0,0,1,0,0,0,0,0,0,0,0,0,0,0,0,0,0,0,0,0,0,0,0,0,0,0,0,0,0,0,0,0,0,0,0,0,0,0,0,0,0,0,0,0,0,0,0,0,0,0,0,54540,2,0.0,0.0,0.0,0,0,0
71,0.0,129,255,0.01,0.0,0.0,0.99,0.0,253,0.0,0.0,0.0,0,0,0,0,0,0,0,0,0,0,1,0,0,0,0,normal,0,0,0,0,0,0,0,0,0,0,0,1,0.0,0,1.0,0.0,0,0,0,0,0,0,0,0,0,1,0,0,0,0,0,0,0,0,0,0,0,0,0,0,0,0,0,0,0,0,0,0,0,0,0,0,0,0,0,0,0,0,0,0,0,0,0,0,0,0,0,0,0,0,0,0,0,0,0,0,0,0,0,0,0,0,0,0,0,0,44,151,0.01,0.0,0.0,0,0,0
231,0.06,0,255,0.06,1.0,0.0,0.07,0.0,17,0.0,1.0,0.0,0,0,1,0,0,0,0,0,0,0,0,0,0,0,0,neptune,0,0,0,0,0,0,0,0,0,0,1,0,1.0,0,0.07,0.0,0,0,0,0,0,0,0,0,0,0,0,0,0,0,0,0,0,0,0,0,0,0,0,0,0,0,0,0,0,0,0,0,0,0,0,0,0,0,0,0,0,0,0,0,0,0,0,0,0,0,0,0,0,0,0,0,0,1,0,0,0,0,0,0,0,0,0,0,0,0,0,17,0.0,1.0,0.0,0,0,0
219,0.06,0,255,0.07,1.0,0.0,0.08,0.0,20,0.0,1.0,0.0,0,0,1,0,0,0,0,0,0,0,0,0,0,0,0,neptune,0,0,0,0,0,0,0,0,0,0,1,0,1.0,0,0.09,0.0,0,0,0,0,0,0,0,0,0,0,0,0,0,0,0,0,0,0,0,0,0,1,0,0,0,0,0,0,0,0,0,0,0,0,0,0,0,0,0,0,0,0,0,0,0,0,0,0,0,0,0,0,0,0,0,0,0,0,0,0,0,0,0,0,0,0,0,0,0,0,0,20,0.0,1.0,0.0,0,0,0
13,0.0,382,188,0.0,0.0,0.01,1.0,0.0,255,0.01,0.0,0.0,0,0,0,0,0,0,0,0,0,0,1,0,0,0,0,normal,0,1,0,0,0,0,0,0,0,0,1,0,0.0,0,1.0,0.0,0,0,0,0,0,0,0,0,0,0,0,0,0,0,0,0,0,0,0,0,0,1,0,0,0,0,0,0,0,0,0,0,0,0,0,0,0,0,0,0,0,0,0,0,0,0,0,0,0,0,0,0,0,0,0,0,0,0,0,0,0,0,0,0,0,0,0,0,0,0,214,13,0.0,0.0,0.0,0,0,0
1,0.0,4770,34,0.0,0.0,0.03,1.0,0.0,255,0.01,0.0,0.0,0,0,0,0,0,0,0,0,0,0,1,0,0,0,0,normal,0,1,0,0,0,0,0,0,0,0,1,0,0.0,0,1.0,0.0,0,0,0,0,0,0,0,0,0,0,0,0,0,0,0,0,0,0,0,0,0,1,0,0,0,0,0,0,0,0,0,0,0,0,0,0,0,0,0,0,0,0,0,0,0,0,0,0,0,0,0,0,0,0,0,0,0,0,0,0,0,0,0,0,0,0,0,0,0,0,171,1,0.0,0.0,0.0,0,0,0
1,0.0,0,147,0.03,0.0,0.51,0.51,0.0,75,0.0,0.0,0.0,0,0,0,0,0,0,0,0,0,0,1,0,0,0,0,normal,0,1,0,0,0,0,0,5,0,0,1,0,0.0,0,1.0,0.0,0,0,0,0,0,0,0,0,0,0,0,0,0,0,0,0,0,1,0,0,0,0,0,0,0,0,0,0,0,0,0,0,0,0,0,0,0,0,0,0,0,0,0,0,0,0,0,0,0,0,0,0,0,0,0,0,0,0,0,0,0,0,0,0,0,0,0,0,0,0,495,1,0.0,0.0,0.0,0,0,0
34,0.0,3410,255,0.0,0.0,0.0,1.0,0.0,255,0.0,0.0,0.0,0,0,0,0,0,0,0,0,0,0,1,0,0,0,0,normal,0,1,0,0,0,0,0,0,0,0,1,0,0.0,0,1.0,0.0,0,0,0,0,0,0,0,0,0,0,0,0,0,0,0,0,0,0,0,0,0,1,0,0,0,0,0,0,0,0,0,0,0,0,0,0,0,0,0,0,0,0,0,0,0,0,0,0,0,0,0,0,0,0,0,0,0,0,0,0,0,0,0,0,0,0,0,0,0,0,297,34,0.0,0.0,0.0,0,0,0
2,0.0,0,255,0.5,1.0,1.0,0.01,0.0,2,0.0,1.0,0.0,36700,0,0,0,0,1,0,0,0,0,0,0,0,0,0,portsweep,0,0,0,0,0,0,0,0,0,0,1,0,1.0,0,1.0,0.0,0,0,0,0,0,0,0,0,0,0,0,0,0,0,0,0,0,0,0,0,0,0,0,0,0,0,0,0,0,0,0,0,0,0,0,0,0,0,0,0,0,0,0,0,0,0,0,1,0,0,0,0,0,0,0,0,0,0,0,0,0,0,0,0,0,0,0,0,0,0,1,2,0.0,1.0,0.0,0,0,0
1,0.0,0,2,0.0,0.0,1.0,1.0,0.0,130,0.25,0.0,0.0,0,0,0,0,0,0,0,0,0,0,1,0,0,0,0,nmap,0,0,0,0,0,0,0,0,0,1,0,0,0.0,0,1.0,0.0,0,0,0,0,0,0,0,0,0,0,0,1,0,0,0,0,0,0,0,0,0,0,0,0,0,0,0,0,0,0,0,0,0,0,0,0,0,0,0,0,0,0,0,0,0,0,0,0,0,0,0,0,0,0,0,0,0,0,0,0,0,0,0,0,0,0,0,0,0,0,8,41,1.0,0.0,0.0,0,0,0
30,0.0,274,255,0.0,0.0,0.0,1.0,0.0,255,0.0,0.0,0.0,0,0,0,0,0,0,0,0,0,0,1,0,0,0,0,normal,0,1,0,0,0,0,0,0,0,0,1,0,0.0,0,1.0,0.0,0,0,0,0,0,0,0,0,0,0,0,0,0,0,0,0,0,0,0,0,0,1,0,0,0,0,0,0,0,0,0,0,0,0,0,0,0,0,0,0,0,0,0,0,0,0,0,0,0,0,0,0,0,0,0,0,0,0,0,0,0,0,0,0,0,0,0,0,0,0,314,30,0.0,0.0,0.0,0,0,0
2,0.0,19790,62,0.0,0.0,0.02,1.0,0.0,255,0.03,0.0,0.0,0,0,0,0,0,0,0,0,0,0,1,0,0,0,0,normal,0,1,0,0,0,0,0,0,0,0,1,0,0.0,0,1.0,0.0,0,0,0,0,0,0,0,0,0,0,0,0,0,0,0,0,0,0,0,0,0,1,0,0,0,0,0,0,0,0,0,0,0,0,0,0,0,0,0,0,0,0,0,0,0,0,0,0,0,0,0,0,0,0,0,0,0,0,0,0,0,0,0,0,0,0,0,0,0,0,339,14,0.14,0.0,0.0,0,0,0
1,0.0,0,7,0.0,1.0,0.14,1.0,0.0,212,0.11,0.99,0.0,0,0,1,0,0,0,0,0,0,0,0,0,0,0,0,normal,0,0,0,0,0,0,0,0,0,0,1,0,1.0,0,1.0,0.0,0,0,0,0,0,0,0,0,0,0,0,0,0,0,0,0,0,0,0,0,0,1,0,0,0,0,0,0,0,0,0,0,0,0,0,0,0,0,0,0,0,0,0,0,0,0,0,0,0,0,0,0,0,0,0,0,0,0,0,0,0,0,0,0,0,0,0,0,0,0,0,1,0.0,1.0,0.0,0,0,0
64,0.06,0,255,0.04,0.0,0.01,0.23,1.0,59,0.0,0.0,1.0,0,0,0,0,0,0,1,0,0,0,0,0,0,0,0,neptune,0,0,0,0,0,0,0,0,0,0,1,0,0.0,0,0.28,1.0,0,0,0,0,0,0,0,0,0,0,0,0,0,0,0,1,0,0,0,0,0,0,0,0,0,0,0,0,0,0,0,0,0,0,0,0,0,0,0,0,0,0,0,0,0,0,0,0,0,0,0,0,0,0,0,0,0,0,0,0,0,0,0,0,0,0,0,0,0,0,0,18,0.0,0.0,1.0,0,0,0
1,0.0,0,2,0.0,0.0,1.0,1.0,0.0,134,0.5,0.0,0.0,0,0,0,0,0,0,0,0,0,0,1,0,0,0,0,ipsweep,0,0,0,0,0,0,0,0,0,1,0,0,0.0,0,1.0,0.0,0,0,0,0,0,0,0,0,0,0,0,1,0,0,0,0,0,0,0,0,0,0,0,0,0,0,0,0,0,0,0,0,0,0,0,0,0,0,0,0,0,0,0,0,0,0,0,0,0,0,0,0,0,0,0,0,0,0,0,0,0,0,0,0,0,0,0,0,0,0,8,37,1.0,0.0,0.0,0,0,0
2,0.0,105,255,0.6,0.0,0.83,0.01,0.0,2,0.0,0.0,0.0,9655,0,0,0,0,0,0,0,0,0,1,0,0,0,0,normal,0,0,0,0,0,0,0,0,0,0,0,1,0.0,0,1.0,0.0,0,0,0,0,0,0,0,0,0,0,0,0,0,0,0,0,0,0,0,0,0,0,0,0,0,0,0,0,0,0,0,0,0,0,0,0,0,0,0,0,0,0,1,0,0,0,0,0,0,0,0,0,0,0,0,0,0,0,0,0,0,0,0,0,0,0,0,0,0,0,145,2,0.0,0.0,0.0,0,0,0
48,0.08,0,255,0.02,0.0,0.01,0.24,1.0,61,0.0,0.0,1.0,0,0,0,0,0,0,1,0,0,0,0,0,0,0,0,neptune,0,0,0,0,0,0,0,0,0,0,1,0,0.0,0,0.27,1.0,0,0,0,0,0,0,0,0,0,0,0,0,0,0,0,1,0,0,0,0,0,0,0,0,0,0,0,0,0,0,0,0,0,0,0,0,0,0,0,0,0,0,0,0,0,0,0,0,0,0,0,0,0,0,0,0,0,0,0,0,0,0,0,0,0,0,0,0,0,0,0,13,0.0,0.0,1.0,0,0,0
297,0.0,52,255,0.0,0.0,0.93,1.0,0.0,255,0.0,0.0,0.0,0,0,0,0,0,0,0,0,0,0,1,0,0,0,0,normal,0,0,0,0,0,0,0,0,0,0,0,1,0.0,0,1.0,0.0,0,0,0,0,0,0,0,0,0,0,0,0,0,0,0,0,0,0,0,0,0,0,0,0,0,0,0,0,0,0,0,0,0,0,0,0,0,0,0,0,0,0,0,0,0,0,0,1,0,0,0,0,0,0,0,0,0,0,0,0,0,0,0,0,0,0,0,0,0,0,55,297,0.0,0.0,0.0,0,0,0
243,0.0,0,255,0.0,0.0,1.0,1.0,0.0,255,0.0,0.0,0.0,0,0,0,0,0,0,0,0,0,0,1,0,0,0,0,smurf,0,0,0,0,0,0,0,0,0,1,0,0,0.0,0,1.0,0.0,0,0,0,0,0,0,0,0,0,0,0,0,1,0,0,0,0,0,0,0,0,0,0,0,0,0,0,0,0,0,0,0,0,0,0,0,0,0,0,0,0,0,0,0,0,0,0,0,0,0,0,0,0,0,0,0,0,0,0,0,0,0,0,0,0,0,0,0,0,0,508,243,0.0,0.0,0.0,0,0,0
1,0.0,44,251,0.03,0.06,0.0,0.02,0.0,6,0.33,1.0,0.0,7,0,0,1,0,0,0,0,0,0,0,0,0,0,0,mscan,0,0,0,0,0,0,0,0,0,0,1,0,1.0,0,1.0,0.0,0,0,0,0,0,0,0,0,0,0,0,0,0,0,0,0,0,0,0,0,0,0,0,0,0,1,0,0,0,0,0,0,0,0,0,0,0,0,0,0,0,0,0,0,0,0,0,0,0,0,0,0,0,0,0,0,0,0,0,0,0,0,0,0,0,0,0,0,0,0,0,9,1.0,1.0,0.0,0,0,0
1,0.0,0,3,0.0,1.0,0.33,1.0,0.0,255,0.2,0.99,0.01,0,0,1,0,0,0,0,0,0,0,0,0,0,0,0,normal,0,0,0,0,0,0,0,0,0,0,1,0,1.0,0,1.0,0.0,0,0,0,0,0,0,0,0,0,0,0,0,0,0,0,0,0,0,0,0,0,1,0,0,0,0,0,0,0,0,0,0,0,0,0,0,0,0,0,0,0,0,0,0,0,0,0,0,0,0,0,0,0,0,0,0,0,0,0,0,0,0,0,0,0,0,0,0,0,0,0,2,1.0,1.0,0.0,0,0,0
135,0.05,0,255,0.04,0.0,0.0,0.08,1.0,21,0.0,0.0,1.0,0,0,0,0,0,0,1,0,0,0,0,0,0,0,0,neptune,0,0,0,0,0,0,0,0,0,0,1,0,0.0,0,0.16,1.0,0,0,0,0,0,0,0,0,0,0,0,0,0,0,0,0,0,0,0,0,0,0,0,0,0,0,0,0,0,0,0,0,0,0,0,0,0,0,0,0,0,0,0,0,0,0,0,1,0,0,0,0,0,0,0,0,0,0,0,0,0,0,0,0,0,0,0,0,0,0,0,21,0.0,0.0,1.0,0,0,0
1,0.0,0,194,0.75,0.63,0.75,0.01,0.03,1,0.0,1.0,0.0,0,0,0,0,0,1,0,0,0,0,0,0,0,0,0,portsweep,0,0,0,0,0,0,0,0,0,0,1,0,1.0,0,1.0,0.0,0,0,0,0,0,0,0,0,0,0,0,0,0,0,0,0,0,0,0,0,0,0,0,0,0,0,0,0,0,0,0,0,0,0,0,0,0,0,0,0,0,0,0,0,0,0,0,1,0,0,0,0,0,0,0,0,0,0,0,0,0,0,0,0,0,0,0,0,0,0,0,1,0.0,1.0,0.0,0,0,0
1,0.0,0,7,0.0,0.0,1.0,1.0,0.0,33,0.15,0.0,0.0,0,0,0,0,0,0,0,0,0,0,1,0,0,0,0,warezclient,0,1,0,0,0,0,0,0,0,0,1,0,0.0,0,1.0,0.0,0,0,0,0,0,0,0,0,0,0,0,0,0,0,0,0,0,1,0,0,0,0,0,0,0,0,0,0,0,0,0,0,0,0,0,0,0,0,0,0,0,0,0,0,0,0,0,0,0,0,0,0,0,0,0,0,0,0,0,0,0,0,0,0,0,0,0,0,0,0,334,1,0.0,0.0,0.0,0,0,0
101,0.06,0,255,0.05,0.0,0.0,0.05,1.0,14,0.0,0.0,1.0,0,0,0,0,0,0,1,0,0,0,0,0,0,0,0,neptune,0,0,0,0,0,0,0,0,0,0,1,0,0.0,0,0.14,1.0,0,0,0,0,0,0,0,0,0,0,0,0,0,0,0,0,0,0,0,0,0,0,0,0,0,0,0,0,0,0,0,0,0,0,0,0,0,0,0,0,0,0,0,0,0,0,0,1,0,0,0,0,0,0,0,0,0,0,0,0,0,0,0,0,0,0,0,0,0,0,0,14,0.0,0.0,1.0,0,0,0
116,0.09,0,255,0.07,1.0,0.0,0.02,0.0,5,0.0,1.0,0.0,0,0,1,0,0,0,0,0,0,0,0,0,0,0,0,neptune,0,0,0,0,0,0,0,0,0,0,1,0,1.0,0,0.04,0.0,0,0,1,0,0,0,0,0,0,0,0,0,0,0,0,0,0,0,0,0,0,0,0,0,0,0,0,0,0,0,0,0,0,0,0,0,0,0,0,0,0,0,0,0,0,0,0,0,0,0,0,0,0,0,0,0,0,0,0,0,0,0,0,0,0,0,0,0,0,0,0,5,0.0,1.0,0.0,0,0,0
2,1.0,0,255,0.01,0.0,0.02,0.02,0.0,4,0.0,0.0,0.0,0,0,0,0,0,0,0,0,0,0,1,0,0,0,0,normal,0,0,0,0,0,0,0,0,0,1,0,0,0.0,0,0.5,0.0,0,0,0,0,0,0,0,0,0,0,0,1,0,0,0,0,0,0,0,0,0,0,0,0,0,0,0,0,0,0,0,0,0,0,0,0,0,0,0,0,0,0,0,0,0,0,0,0,0,0,0,0,0,0,0,0,0,0,0,0,0,0,0,0,0,0,0,0,0,0,30,1,0.0,0.0,0.0,0,0,0
22,0.0,3368,87,0.0,0.02,0.01,1.0,0.0,255,0.01,0.01,0.0,0,0,0,0,0,0,0,0,0,0,1,0,0,0,0,normal,0,1,0,0,0,0,0,0,0,0,1,0,0.0,0,1.0,0.0,0,0,0,0,0,0,0,0,0,0,0,0,0,0,0,0,0,0,0,0,0,1,0,0,0,0,0,0,0,0,0,0,0,0,0,0,0,0,0,0,0,0,0,0,0,0,0,0,0,0,0,0,0,0,0,0,0,0,0,0,0,0,0,0,0,0,0,0,0,0,310,22,0.0,0.0,0.0,0,0,0
107,0.07,0,255,0.07,1.0,0.0,0.06,0.0,16,0.0,1.0,0.0,0,0,1,0,0,0,0,0,0,0,0,0,0,0,0,neptune,0,0,0,0,0,0,0,0,0,0,1,0,1.0,0,0.15,0.0,0,0,0,0,0,0,0,0,0,0,0,0,0,0,0,0,0,0,0,0,0,0,0,0,0,0,0,0,0,0,0,0,0,0,0,0,0,0,0,1,0,0,0,0,0,0,0,0,0,0,0,0,0,0,0,0,0,0,0,0,0,0,0,0,0,0,0,0,0,0,0,16,0.0,1.0,0.0,0,0,0
279,0.06,0,255,0.07,1.0,0.0,0.04,0.0,10,0.0,1.0,0.0,0,0,1,0,0,0,0,0,0,0,0,0,0,0,0,neptune,0,0,0,0,0,0,0,0,0,0,1,0,1.0,0,0.04,0.0,0,0,0,0,0,0,0,0,0,0,0,0,0,0,0,0,0,0,0,0,0,0,0,0,0,0,0,0,0,0,0,0,0,1,0,0,0,0,0,0,0,0,0,0,0,0,0,0,0,0,0,0,0,0,0,0,0,0,0,0,0,0,0,0,0,0,0,0,0,0,0,10,0.0,1.0,0.0,0,0,0
227,0.07,0,255,0.08,0.0,0.0,0.06,1.0,16,0.0,0.0,1.0,0,0,0,0,0,0,1,0,0,0,0,0,0,0,0,neptune,0,0,0,0,0,0,0,0,0,0,1,0,0.0,0,0.07,1.0,0,0,0,0,0,0,0,0,0,0,0,0,0,0,0,0,0,0,0,0,0,0,0,0,0,0,0,0,0,0,0,0,0,0,0,0,0,0,0,0,0,0,0,0,0,0,0,1,0,0,0,0,0,0,0,0,0,0,0,0,0,0,0,0,0,0,0,0,0,0,0,16,0.0,0.0,1.0,0,0,0
1,0.0,0,3,0.0,0.0,1.0,1.0,0.0,87,0.25,0.0,0.0,0,0,0,0,0,0,0,0,0,0,1,0,0,0,0,nmap,0,0,0,0,0,0,0,0,0,1,0,0,0.0,0,1.0,0.0,0,0,0,0,0,0,0,0,0,0,0,1,0,0,0,0,0,0,0,0,0,0,0,0,0,0,0,0,0,0,0,0,0,0,0,0,0,0,0,0,0,0,0,0,0,0,0,0,0,0,0,0,0,0,0,0,0,0,0,0,0,0,0,0,0,0,0,0,0,0,8,2,1.0,0.0,0.0,0,0,0
6,0.0,16120,38,0.0,0.0,0.03,1.0,0.0,255,0.04,0.0,0.0,0,0,0,0,0,0,0,0,0,0,1,0,0,0,0,normal,0,1,0,0,0,0,0,0,0,0,1,0,0.0,0,1.0,0.0,0,0,0,0,0,0,0,0,0,0,0,0,0,0,0,0,0,0,0,0,0,1,0,0,0,0,0,0,0,0,0,0,0,0,0,0,0,0,0,0,0,0,0,0,0,0,0,0,0,0,0,0,0,0,0,0,0,0,0,0,0,0,0,0,0,0,0,0,0,0,236,6,0.0,0.0,0.0,0,0,0
2,0.0,0,8,0.0,0.0,0.25,1.0,0.12,255,0.02,0.0,0.0,0,0,0,0,0,0,1,0,0,0,0,0,0,0,0,normal,0,0,0,0,0,0,0,0,0,0,1,0,0.0,0,1.0,0.5,0,0,0,0,0,0,0,0,0,0,0,0,0,0,0,0,0,0,0,0,0,1,0,0,0,0,0,0,0,0,0,0,0,0,0,0,0,0,0,0,0,0,0,0,0,0,0,0,0,0,0,0,0,0,0,0,0,0,0,0,0,0,0,0,0,0,0,0,0,0,0,4,0.5,0.0,0.25,0,0,0
9,0.0,0,255,0.01,0.36,0.0,0.95,0.02,243,0.0,0.37,0.02,2065,0,0,0,0,1,0,0,0,0,0,0,0,0,0,apache2,0,1,0,0,0,0,0,0,0,0,1,0,1.0,0,1.0,0.0,0,0,0,0,0,0,0,0,0,0,0,0,0,0,0,0,0,0,0,0,0,1,0,0,0,0,0,0,0,0,0,0,0,0,0,0,0,0,0,0,0,0,0,0,0,0,0,0,0,0,0,0,0,0,0,0,0,0,0,0,0,0,0,0,0,0,0,0,0,0,56504,9,0.0,1.0,0.0,0,0,0
1,0.0,0,59,0.0,1.0,0.02,1.0,0.0,241,0.18,1.0,0.0,0,0,1,0,0,0,0,0,0,0,0,0,0,0,0,normal,0,0,0,0,0,0,0,0,0,0,1,0,1.0,0,1.0,0.0,0,0,0,0,0,0,0,0,0,0,0,0,0,0,0,0,0,0,0,0,0,1,0,0,0,0,0,0,0,0,0,0,0,0,0,0,0,0,0,0,0,0,0,0,0,0,0,0,0,0,0,0,0,0,0,0,0,0,0,0,0,0,0,0,0,0,0,0,0,0,0,1,0.0,1.0,0.0,0,0,0
129,0.05,0,255,0.07,0.0,0.0,0.07,1.0,17,0.0,0.0,1.0,0,0,0,0,0,0,1,0,0,0,0,0,0,0,0,neptune,0,0,0,0,0,0,0,0,0,0,1,0,0.0,0,0.16,1.0,0,0,0,0,0,0,0,0,0,0,0,0,0,0,0,0,0,0,0,0,0,0,0,0,0,0,0,0,0,0,0,0,0,0,0,0,0,0,0,0,0,0,0,0,0,0,0,0,0,0,0,0,0,0,0,0,1,0,0,0,0,0,0,0,0,0,0,0,0,0,0,20,0.0,0.0,1.0,0,0,0
7,0.0,272,255,0.02,0.02,0.0,0.26,0.0,67,0.0,0.0,0.0,297,0,0,0,0,0,0,0,0,0,1,0,0,0,0,normal,0,1,0,0,0,0,0,0,0,0,1,0,0.0,0,1.0,0.0,0,0,0,0,0,0,0,0,0,0,0,0,0,0,0,0,0,0,0,0,0,1,0,0,0,0,0,0,0,0,0,0,0,0,0,0,0,0,0,0,0,0,0,0,0,0,0,0,0,0,0,0,0,0,0,0,0,0,0,0,0,0,0,0,0,0,0,0,0,0,252,7,0.0,0.0,0.0,0,0,0
1,0.0,6717,4,0.0,0.0,0.25,1.0,0.0,255,0.03,0.0,0.0,0,0,0,0,0,0,0,0,0,0,1,0,0,0,0,normal,0,1,0,0,0,0,0,0,0,0,1,0,0.0,0,1.0,0.0,0,0,0,0,0,0,0,0,0,0,0,0,0,0,0,0,0,0,0,0,0,1,0,0,0,0,0,0,0,0,0,0,0,0,0,0,0,0,0,0,0,0,0,0,0,0,0,0,0,0,0,0,0,0,0,0,0,0,0,0,0,0,0,0,0,0,0,0,0,0,302,1,0.0,0.0,0.0,0,0,0
1,0.0,0,2,0.0,0.0,1.0,1.0,0.0,154,0.5,0.0,0.0,0,0,0,0,0,0,0,0,0,0,1,0,0,0,0,ipsweep,0,0,0,0,0,0,0,0,0,1,0,0,0.0,0,1.0,0.0,0,0,0,0,0,0,0,0,0,0,0,1,0,0,0,0,0,0,0,0,0,0,0,0,0,0,0,0,0,0,0,0,0,0,0,0,0,0,0,0,0,0,0,0,0,0,0,0,0,0,0,0,0,0,0,0,0,0,0,0,0,0,0,0,0,0,0,0,0,0,8,40,1.0,0.0,0.0,0,0,0
8,0.0,2543,255,0.0,0.0,0.0,1.0,0.0,255,0.0,0.0,0.0,0,0,0,0,0,0,0,0,0,0,1,0,0,0,0,normal,0,1,0,0,0,0,0,0,0,0,1,0,0.0,0,1.0,0.0,0,0,0,0,0,0,0,0,0,0,0,0,0,0,0,0,0,0,0,0,0,1,0,0,0,0,0,0,0,0,0,0,0,0,0,0,0,0,0,0,0,0,0,0,0,0,0,0,0,0,0,0,0,0,0,0,0,0,0,0,0,0,0,0,0,0,0,0,0,0,206,9,0.22,0.0,0.0,0,0,0
150,0.05,0,255,0.07,0.0,0.0,0.0,1.0,1,0.0,0.0,1.0,0,0,0,0,0,0,1,0,0,0,0,0,0,0,0,neptune,0,0,0,0,0,0,0,0,0,0,1,0,0.0,0,0.11,1.0,0,0,0,0,0,0,0,0,1,0,0,0,0,0,0,0,0,0,0,0,0,0,0,0,0,0,0,0,0,0,0,0,0,0,0,0,0,0,0,0,0,0,0,0,0,0,0,0,0,0,0,0,0,0,0,0,0,0,0,0,0,0,0,0,0,0,0,0,0,0,0,16,0.0,0.0,1.0,0,0,0
266,0.06,0,255,0.06,0.0,0.0,0.02,1.0,4,0.0,0.0,1.0,0,0,0,0,0,0,1,0,0,0,0,0,0,0,0,neptune,0,0,0,0,0,0,0,0,0,0,1,0,0.0,0,0.02,1.0,0,0,0,0,0,0,0,0,0,0,0,0,0,0,0,0,0,0,0,0,0,0,0,0,0,0,0,0,0,0,0,0,0,0,1,0,0,0,0,0,0,0,0,0,0,0,0,0,0,0,0,0,0,0,0,0,0,0,0,0,0,0,0,0,0,0,0,0,0,0,0,4,0.0,0.0,1.0,0,0,0
1,0.0,93,33,0.06,0.0,0.03,0.97,0.0,33,0.06,0.0,0.0,4,0,0,0,0,0,0,0,0,0,1,0,0,0,0,guess_passwd,0,1,0,0,0,0,0,0,0,0,1,0,0.0,0,1.0,0.0,0,0,0,0,0,0,0,0,0,0,0,0,0,0,0,0,0,0,0,0,0,0,0,0,0,0,0,0,0,0,0,0,0,0,0,0,0,0,0,0,0,0,0,0,0,1,0,0,0,0,0,0,0,0,0,0,0,0,0,0,0,0,0,0,0,0,0,0,0,0,28,1,0.0,0.0,0.0,0,0,0
3,0.0,349,26,0.0,0.0,0.04,1.0,0.0,255,0.04,0.0,0.0,0,0,0,0,0,0,0,0,0,0,1,0,0,0,0,normal,0,1,0,0,0,0,0,0,0,0,1,0,0.0,0,1.0,0.0,0,0,0,0,0,0,0,0,0,0,0,0,0,0,0,0,0,0,0,0,0,1,0,0,0,0,0,0,0,0,0,0,0,0,0,0,0,0,0,0,0,0,0,0,0,0,0,0,0,0,0,0,0,0,0,0,0,0,0,0,0,0,0,0,0,0,0,0,0,0,315,3,0.0,0.0,0.0,0,0,0
5,0.6,105,255,0.76,0.0,0.99,0.01,0.0,2,0.0,0.0,0.0,1925,0,0,0,0,0,0,0,0,0,1,0,0,0,0,normal,0,0,0,0,0,0,0,0,0,0,0,1,0.0,0,0.4,0.0,0,0,0,0,0,0,0,0,0,0,0,0,0,0,0,0,0,0,0,0,0,0,0,0,0,0,0,0,0,0,0,0,0,0,0,0,0,0,0,0,0,0,1,0,0,0,0,0,0,0,0,0,0,0,0,0,0,0,0,0,0,0,0,0,0,0,0,0,0,0,146,2,0.0,0.0,0.0,0,0,0
8,0.0,6962,46,0.0,0.0,0.02,1.0,0.0,59,0.03,0.0,0.0,0,0,0,0,0,0,0,0,0,0,1,0,0,0,0,normal,0,1,0,0,0,0,0,0,0,0,1,0,0.0,0,1.0,0.0,0,0,0,0,0,0,0,0,0,0,0,0,0,0,0,0,0,0,0,0,0,1,0,0,0,0,0,0,0,0,0,0,0,0,0,0,0,0,0,0,0,0,0,0,0,0,0,0,0,0,0,0,0,0,0,0,0,0,0,0,0,0,0,0,0,0,0,0,0,0,191,8,0.0,0.0,0.0,0,0,0
229,0.0,0,255,0.0,0.0,1.0,1.0,0.0,255,0.0,0.0,0.0,0,0,0,0,0,0,0,0,0,0,1,0,0,0,0,smurf,0,0,0,0,0,0,0,0,0,1,0,0,0.0,0,1.0,0.0,0,0,0,0,0,0,0,0,0,0,0,0,1,0,0,0,0,0,0,0,0,0,0,0,0,0,0,0,0,0,0,0,0,0,0,0,0,0,0,0,0,0,0,0,0,0,0,0,0,0,0,0,0,0,0,0,0,0,0,0,0,0,0,0,0,0,0,0,0,0,520,229,0.0,0.0,0.0,0,0,0
1,0.0,43800,255,0.0,0.0,0.0,1.0,0.0,255,0.0,0.0,0.0,0,0,0,0,0,0,0,1,0,0,0,0,0,0,0,normal,0,1,0,0,0,0,0,0,0,0,1,0,0.0,0,1.0,1.0,0,0,0,0,0,0,0,0,0,0,0,0,0,0,0,0,0,0,0,0,0,1,0,0,0,0,0,0,0,0,0,0,0,0,0,0,0,0,0,0,0,0,0,0,0,0,0,0,0,0,0,0,0,0,0,0,0,0,0,0,0,0,0,0,0,0,0,0,0,0,230,1,0.0,0.0,1.0,0,0,0
247,1.0,0,255,0.97,0.91,0.0,0.0,0.04,1,0.0,1.0,0.0,3,0,1,0,0,0,0,0,0,0,0,0,0,0,0,satan,0,0,0,0,0,0,0,0,0,0,1,0,0.94,0,0.0,0.04,0,0,0,0,0,0,0,0,0,0,0,0,0,0,0,0,0,0,0,0,0,0,0,0,0,0,0,0,0,0,0,0,0,0,0,0,0,0,0,0,0,0,0,0,0,0,0,1,0,0,0,0,0,0,0,0,0,0,0,0,0,0,0,0,0,0,0,0,0,0,0,1,0.0,1.0,0.0,0,0,0
2,0.0,6952,77,0.0,0.0,0.01,1.0,0.0,255,0.01,0.0,0.0,0,0,0,0,0,0,0,0,0,0,1,0,0,0,0,normal,0,1,0,0,0,0,0,0,0,0,1,0,0.0,0,1.0,0.0,0,0,0,0,0,0,0,0,0,0,0,0,0,0,0,0,0,0,0,0,0,1,0,0,0,0,0,0,0,0,0,0,0,0,0,0,0,0,0,0,0,0,0,0,0,0,0,0,0,0,0,0,0,0,0,0,0,0,0,0,0,0,0,0,0,0,0,0,0,0,233,2,0.0,0.0,0.0,0,0,0
281,0.06,0,255,0.06,1.0,0.0,0.02,0.0,6,0.0,1.0,0.0,0,0,1,0,0,0,0,0,0,0,0,0,0,0,0,neptune,0,0,0,0,0,0,0,0,0,0,1,0,1.0,0,0.02,0.0,0,0,0,0,0,1,0,0,0,0,0,0,0,0,0,0,0,0,0,0,0,0,0,0,0,0,0,0,0,0,0,0,0,0,0,0,0,0,0,0,0,0,0,0,0,0,0,0,0,0,0,0,0,0,0,0,0,0,0,0,0,0,0,0,0,0,0,0,0,0,0,6,0.0,1.0,0.0,0,0,0
1,0.0,150,255,0.0,0.0,0.0,1.0,0.0,255,0.0,0.0,0.0,0,0,0,0,0,0,0,0,0,0,1,0,0,0,0,normal,0,1,0,0,0,0,0,0,0,0,1,0,0.0,0,1.0,0.0,0,0,0,0,0,0,0,0,0,0,0,0,0,0,0,0,0,0,0,0,0,1,0,0,0,0,0,0,0,0,0,0,0,0,0,0,0,0,0,0,0,0,0,0,0,0,0,0,0,0,0,0,0,0,0,0,0,0,0,0,0,0,0,0,0,0,0,0,0,0,253,1,0.0,0.0,0.0,0,0,0
10,0.4,0,255,0.04,0.0,0.0,0.24,1.0,61,0.0,0.0,1.0,0,0,0,0,0,0,1,0,0,0,0,0,0,0,0,neptune,0,0,0,0,0,0,0,0,0,0,1,0,0.0,0,0.3,1.0,0,0,0,0,0,0,0,0,0,0,0,0,0,0,0,1,0,0,0,0,0,0,0,0,0,0,0,0,0,0,0,0,0,0,0,0,0,0,0,0,0,0,0,0,0,0,0,0,0,0,0,0,0,0,0,0,0,0,0,0,0,0,0,0,0,0,0,0,0,0,0,3,0.0,0.0,1.0,0,0,0
9,0.0,960,255,0.0,0.0,0.0,1.0,0.0,255,0.0,0.0,0.0,0,0,0,0,0,0,0,0,0,0,1,0,0,0,0,normal,0,1,0,0,0,0,0,0,0,0,1,0,0.0,0,1.0,0.0,0,0,0,0,0,0,0,0,0,0,0,0,0,0,0,0,0,0,0,0,0,1,0,0,0,0,0,0,0,0,0,0,0,0,0,0,0,0,0,0,0,0,0,0,0,0,0,0,0,0,0,0,0,0,0,0,0,0,0,0,0,0,0,0,0,0,0,0,0,0,236,11,0.18,0.0,0.0,0,0,0
4,0.0,1047,255,0.0,0.0,0.0,1.0,0.0,255,0.0,0.0,0.0,0,0,0,0,0,0,0,0,0,0,1,0,0,0,0,normal,0,1,0,0,0,0,0,0,0,0,1,0,0.0,0,1.0,0.0,0,0,0,0,0,0,0,0,0,0,0,0,0,0,0,0,0,0,0,0,0,1,0,0,0,0,0,0,0,0,0,0,0,0,0,0,0,0,0,0,0,0,0,0,0,0,0,0,0,0,0,0,0,0,0,0,0,0,0,0,0,0,0,0,0,0,0,0,0,0,244,4,0.0,0.0,0.0,0,0,0
1,0.0,44183,14,0.0,0.0,0.07,1.0,0.0,255,0.02,0.0,0.0,0,0,0,0,0,0,0,0,0,0,1,0,0,0,0,normal,0,1,0,0,0,0,0,0,0,0,1,0,0.0,0,1.0,0.0,0,0,0,0,0,0,0,0,0,0,0,0,0,0,0,0,0,0,0,0,0,1,0,0,0,0,0,0,0,0,0,0,0,0,0,0,0,0,0,0,0,0,0,0,0,0,0,0,0,0,0,0,0,0,0,0,0,0,0,0,0,0,0,0,0,0,0,0,0,0,157,1,0.0,0.0,0.0,0,0,0
1,0.0,485,255,0.02,0.82,0.0,0.15,0.0,38,0.0,0.0,0.0,0,0,0,0,0,0,0,0,0,0,1,0,0,0,0,normal,0,1,0,0,0,0,0,0,0,0,1,0,0.0,0,1.0,0.0,0,0,0,0,0,0,0,0,0,0,0,0,0,0,0,0,0,0,0,0,0,0,0,0,0,0,0,0,0,0,0,0,0,0,0,0,0,0,0,0,0,0,0,0,0,0,0,0,0,0,0,0,1,0,0,0,0,0,0,0,0,0,0,0,0,0,0,0,0,0,1753,1,0.0,0.0,0.0,0,0,0
6,0.0,338,6,0.0,0.0,0.17,1.0,0.0,255,0.06,0.0,0.0,0,0,0,0,0,0,0,0,0,0,1,0,0,0,0,normal,0,1,0,0,0,0,0,0,0,0,1,0,0.0,0,1.0,0.0,0,0,0,0,0,0,0,0,0,0,0,0,0,0,0,0,0,0,0,0,0,1,0,0,0,0,0,0,0,0,0,0,0,0,0,0,0,0,0,0,0,0,0,0,0,0,0,0,0,0,0,0,0,0,0,0,0,0,0,0,0,0,0,0,0,0,0,0,0,0,223,8,0.25,0.0,0.0,0,0,0
75,0.03,149,255,0.01,0.0,0.0,0.94,0.0,239,0.0,0.0,0.0,0,0,0,0,0,0,0,0,0,0,1,0,0,0,0,normal,0,0,0,0,0,0,0,0,0,0,0,1,0.0,0,0.99,0.0,0,0,0,0,0,0,0,0,0,1,0,0,0,0,0,0,0,0,0,0,0,0,0,0,0,0,0,0,0,0,0,0,0,0,0,0,0,0,0,0,0,0,0,0,0,0,0,0,0,0,0,0,0,0,0,0,0,0,0,0,0,0,0,0,0,0,0,0,0,0,44,155,0.01,0.0,0.0,0,0,0
11,0.0,1404,138,0.0,0.0,0.01,1.0,0.0,255,0.04,0.0,0.0,0,0,0,0,0,0,0,0,0,0,1,0,0,0,0,normal,0,1,0,0,0,0,0,0,0,0,1,0,0.0,0,1.0,0.0,0,0,0,0,0,0,0,0,0,0,0,0,0,0,0,0,0,0,0,0,0,1,0,0,0,0,0,0,0,0,0,0,0,0,0,0,0,0,0,0,0,0,0,0,0,0,0,0,0,0,0,0,0,0,0,0,0,0,0,0,0,0,0,0,0,0,0,0,0,0,326,17,0.12,0.0,0.0,0,0,0
1,0.0,597,255,0.02,0.36,0.0,0.1,0.0,26,0.0,0.0,0.0,282,0,0,0,0,0,0,0,0,0,1,0,2,1,0,warezmaster,0,1,0,0,0,0,0,0,0,0,1,0,0.0,0,1.0,0.0,0,0,0,0,0,0,0,0,0,0,0,0,0,0,0,0,1,0,0,0,0,0,0,0,0,0,0,0,0,0,0,0,0,0,0,0,0,0,0,0,0,0,0,0,0,0,0,0,0,0,0,0,0,0,0,0,0,0,0,0,0,0,0,0,0,0,0,0,0,0,160,1,0.0,0.0,0.0,0,0,0
280,0.06,0,255,0.08,0.0,0.0,0.07,1.0,17,0.0,0.0,1.0,0,0,0,0,0,0,1,0,0,0,0,0,0,0,0,neptune,0,0,0,0,0,0,0,0,0,0,1,0,0.0,0,0.06,1.0,0,0,0,0,0,0,0,0,0,0,0,0,0,0,0,0,0,1,0,0,0,0,0,0,0,0,0,0,0,0,0,0,0,0,0,0,0,0,0,0,0,0,0,0,0,0,0,0,0,0,0,0,0,0,0,0,0,0,0,0,0,0,0,0,0,0,0,0,0,0,0,17,0.0,0.0,1.0,0,0,0
194,0.0,110,255,0.0,0.0,0.0,1.0,0.0,255,0.0,0.0,0.0,0,0,0,0,0,0,0,0,0,0,1,0,0,0,0,normal,0,0,0,0,0,0,0,0,0,0,0,1,0.0,0,1.0,0.0,0,0,0,0,0,0,0,0,0,1,0,0,0,0,0,0,0,0,0,0,0,0,0,0,0,0,0,0,0,0,0,0,0,0,0,0,0,0,0,0,0,0,0,0,0,0,0,0,0,0,0,0,0,0,0,0,0,0,0,0,0,0,0,0,0,0,0,0,0,0,44,194,0.0,0.0,0.0,0,0,0
14,0.14,0,255,0.01,0.0,0.07,0.07,0.0,18,0.0,0.0,0.0,0,0,0,0,0,0,0,0,0,0,1,0,0,0,0,normal,0,0,0,0,0,0,0,0,0,1,0,0,0.0,0,0.14,0.0,0,0,0,0,0,0,0,0,0,0,0,0,0,0,0,0,0,0,0,0,0,0,0,0,0,0,0,0,0,0,0,0,0,0,0,0,0,0,0,0,0,0,0,0,0,0,0,0,0,0,0,0,0,0,0,0,0,0,0,0,0,0,0,1,0,0,0,0,0,0,78,2,0.0,0.0,0.0,0,0,0
259,0.07,0,255,0.07,1.0,0.0,0.0,0.0,1,0.0,1.0,0.0,0,0,1,0,0,0,0,0,0,0,0,0,0,0,0,neptune,0,0,0,0,0,0,0,0,0,0,1,0,1.0,0,0.0,0.0,0,0,0,0,0,0,0,0,1,0,0,0,0,0,0,0,0,0,0,0,0,0,0,0,0,0,0,0,0,0,0,0,0,0,0,0,0,0,0,0,0,0,0,0,0,0,0,0,0,0,0,0,0,0,0,0,0,0,0,0,0,0,0,0,0,0,0,0,0,0,0,1,0.0,1.0,0.0,0,0,0
250,0.06,0,255,0.08,1.0,0.0,0.08,0.0,20,0.0,1.0,0.0,0,0,0,1,0,0,0,0,0,0,0,0,0,0,0,neptune,0,0,0,0,0,0,0,0,0,0,1,0,1.0,0,0.08,0.0,0,0,0,0,0,0,0,0,0,0,0,0,0,0,0,0,0,0,0,0,0,0,0,0,0,0,0,0,0,0,0,0,0,0,0,0,0,0,0,0,0,0,0,0,0,0,0,0,0,0,0,0,0,0,0,0,0,0,1,0,0,0,0,0,0,0,0,0,0,0,0,20,0.0,1.0,0.0,0,0,0
18,0.0,792,255,0.0,0.0,0.0,1.0,0.0,255,0.0,0.0,0.0,0,0,0,0,0,0,0,0,0,0,1,0,0,0,0,normal,0,1,0,0,0,0,0,0,0,0,1,0,0.0,0,1.0,0.0,0,0,0,0,0,0,0,0,0,0,0,0,0,0,0,0,0,0,0,0,0,1,0,0,0,0,0,0,0,0,0,0,0,0,0,0,0,0,0,0,0,0,0,0,0,0,0,0,0,0,0,0,0,0,0,0,0,0,0,0,0,0,0,0,0,0,0,0,0,0,205,35,0.11,0.0,0.0,0,0,0
18,0.0,771,109,0.0,0.0,0.01,1.0,0.0,255,0.02,0.0,0.0,0,0,0,0,0,0,0,0,0,0,1,0,0,0,0,normal,0,1,0,0,0,0,0,0,0,0,1,0,0.0,0,1.0,0.0,0,0,0,0,0,0,0,0,0,0,0,0,0,0,0,0,0,0,0,0,0,1,0,0,0,0,0,0,0,0,0,0,0,0,0,0,0,0,0,0,0,0,0,0,0,0,0,0,0,0,0,0,0,0,0,0,0,0,0,0,0,0,0,0,0,0,0,0,0,0,308,18,0.0,0.0,0.0,0,0,0
1,0.0,409,119,0.0,0.0,0.01,1.0,0.0,223,0.01,0.0,0.0,0,0,0,0,0,0,0,0,0,0,1,0,0,0,0,normal,0,1,0,0,0,0,0,0,0,0,1,0,0.0,0,1.0,0.0,0,0,0,0,0,0,0,0,0,0,0,0,0,0,0,0,0,0,0,0,0,1,0,0,0,0,0,0,0,0,0,0,0,0,0,0,0,0,0,0,0,0,0,0,0,0,0,0,0,0,0,0,0,0,0,0,0,0,0,0,0,0,0,0,0,0,0,0,0,0,154,7,0.29,0.0,0.0,0,0,0
1,0.0,282,37,0.11,0.0,0.03,0.76,0.0,28,0.0,0.0,0.0,0,0,0,0,0,0,0,0,0,0,1,0,0,0,0,normal,0,1,0,0,0,0,0,0,0,0,1,0,0.0,0,1.0,0.0,0,0,0,0,0,0,0,0,0,0,0,0,0,0,0,0,0,0,0,0,0,0,0,0,0,0,0,0,0,0,0,0,0,0,0,0,0,0,0,0,0,0,0,0,0,0,0,0,0,0,0,0,1,0,0,0,0,0,0,0,0,0,0,0,0,0,0,0,0,0,1518,1,0.0,0.0,0.0,0,0,0
1,0.0,48,43,0.07,0.0,0.84,0.84,0.0,36,0.0,0.0,0.0,0,0,0,0,0,0,0,0,0,0,1,0,0,0,0,normal,0,0,0,0,0,0,0,0,0,0,0,1,0.0,0,1.0,0.0,0,0,0,0,0,0,0,0,0,0,0,0,0,0,0,0,0,0,0,0,0,0,0,0,0,0,0,0,0,0,0,0,0,0,0,0,0,0,0,0,0,1,0,0,0,0,0,0,0,0,0,0,0,0,0,0,0,0,0,0,0,0,0,0,0,0,0,0,0,0,48,1,0.0,0.0,0.0,0,0,0
1,0.0,184,255,0.0,0.0,0.0,1.0,0.0,255,0.0,0.0,0.0,0,0,0,0,0,0,0,0,0,0,1,0,0,0,0,normal,0,1,0,0,0,0,0,0,0,0,1,0,0.0,0,1.0,0.0,0,0,0,0,0,0,0,0,0,0,0,0,0,0,0,0,0,0,0,0,0,1,0,0,0,0,0,0,0,0,0,0,0,0,0,0,0,0,0,0,0,0,0,0,0,0,0,0,0,0,0,0,0,0,0,0,0,0,0,0,0,0,0,0,0,0,0,0,0,0,260,17,0.18,0.0,0.0,0,0,0
2,0.0,1075,255,0.01,0.0,0.0,0.95,0.0,243,0.0,0.0,0.0,0,0,0,0,0,0,0,0,0,0,1,0,0,0,0,normal,0,1,0,0,0,0,0,0,0,0,1,0,0.0,0,1.0,0.0,0,0,0,0,0,0,0,0,0,0,0,0,0,0,0,0,0,0,0,0,0,1,0,0,0,0,0,0,0,0,0,0,0,0,0,0,0,0,0,0,0,0,0,0,0,0,0,0,0,0,0,0,0,0,0,0,0,0,0,0,0,0,0,0,0,0,0,0,0,0,303,2,0.0,0.0,0.0,0,0,0
1,0.0,45743,99,0.0,0.0,0.01,1.0,0.0,231,0.01,0.0,0.0,0,0,0,0,0,0,0,0,0,0,1,0,0,0,0,normal,0,1,0,0,0,0,0,0,0,0,1,0,0.0,0,1.0,0.0,0,0,0,0,0,0,0,0,0,0,0,0,0,0,0,0,0,0,0,0,0,1,0,0,0,0,0,0,0,0,0,0,0,0,0,0,0,0,0,0,0,0,0,0,0,0,0,0,0,0,0,0,0,0,0,0,0,0,0,0,0,0,0,0,0,0,0,0,0,0,280,1,0.0,0.0,0.0,0,0,0
9,0.0,46,255,0.01,0.0,0.0,0.99,0.0,253,0.0,0.0,0.0,0,0,0,0,0,0,0,0,0,0,1,0,0,0,0,normal,0,0,0,0,0,0,0,0,0,0,0,1,0.0,0,1.0,0.0,0,0,0,0,0,0,0,0,0,1,0,0,0,0,0,0,0,0,0,0,0,0,0,0,0,0,0,0,0,0,0,0,0,0,0,0,0,0,0,0,0,0,0,0,0,0,0,0,0,0,0,0,0,0,0,0,0,0,0,0,0,0,0,0,0,0,0,0,0,0,46,15,0.13,0.0,0.0,0,0,0
130,0.06,0,255,0.07,0.0,0.0,0.05,1.0,13,0.0,0.0,1.0,0,0,0,0,0,0,1,0,0,0,0,0,0,0,0,neptune,0,0,0,0,0,0,0,0,0,0,1,0,0.0,0,0.06,1.0,0,0,0,0,0,0,0,0,0,0,0,0,0,0,0,0,0,0,0,0,0,0,0,0,0,0,0,0,0,0,0,0,0,0,0,0,0,0,0,0,0,0,0,0,0,0,0,0,0,0,0,0,0,0,0,0,0,0,0,0,0,0,0,0,1,0,0,0,0,0,0,8,0.0,0.0,1.0,0,0,0
192,0.0,115,255,0.01,0.0,0.0,0.91,0.0,233,0.0,0.0,0.0,0,0,0,0,0,0,0,0,0,0,1,0,0,0,0,normal,0,0,0,0,0,0,0,0,0,0,0,1,0.0,0,1.0,0.0,0,0,0,0,0,0,0,0,0,1,0,0,0,0,0,0,0,0,0,0,0,0,0,0,0,0,0,0,0,0,0,0,0,0,0,0,0,0,0,0,0,0,0,0,0,0,0,0,0,0,0,0,0,0,0,0,0,0,0,0,0,0,0,0,0,0,0,0,0,0,44,194,0.01,0.0,0.0,0,0,0
1,0.0,390,20,0.15,0.0,0.1,0.85,0.0,210,0.01,0.0,0.0,1,0,0,0,0,0,0,0,0,0,1,0,0,0,0,normal,0,1,0,0,0,0,0,0,0,0,1,0,0.0,0,1.0,0.0,0,0,0,0,0,0,0,0,0,0,0,0,0,0,0,0,0,0,0,0,0,0,0,0,0,0,0,0,0,0,0,0,0,0,0,0,0,0,0,0,0,0,0,0,0,0,0,0,0,0,0,0,1,0,0,0,0,0,0,0,0,0,0,0,0,0,0,0,0,0,16661,3,1.0,0.0,0.0,0,0,0
306,0.01,137,255,0.01,0.0,0.0,0.88,0.0,225,0.0,0.0,0.0,0,0,0,0,0,0,0,0,0,0,1,0,0,0,0,normal,0,0,0,0,0,0,0,0,0,0,0,1,0.0,0,1.0,0.0,0,0,0,0,0,0,0,0,0,1,0,0,0,0,0,0,0,0,0,0,0,0,0,0,0,0,0,0,0,0,0,0,0,0,0,0,0,0,0,0,0,0,0,0,0,0,0,0,0,0,0,0,0,0,0,0,0,0,0,0,0,0,0,0,0,0,0,0,0,0,45,305,0.0,0.0,0.0,0,0,0
68,0.0,129,255,0.01,0.0,0.0,0.95,0.0,243,0.0,0.0,0.0,0,0,0,0,0,0,0,0,0,0,1,0,0,0,0,normal,0,0,0,0,0,0,0,0,0,0,0,1,0.0,0,1.0,0.0,0,0,0,0,0,0,0,0,0,1,0,0,0,0,0,0,0,0,0,0,0,0,0,0,0,0,0,0,0,0,0,0,0,0,0,0,0,0,0,0,0,0,0,0,0,0,0,0,0,0,0,0,0,0,0,0,0,0,0,0,0,0,0,0,0,0,0,0,0,0,43,148,0.01,0.0,0.0,0,0,0
11,0.0,0,255,0.0,0.04,0.0,1.0,0.0,255,0.0,0.04,0.0,832,0,0,0,0,1,0,0,0,0,0,0,0,0,0,apache2,0,1,0,0,0,0,0,0,0,0,1,0,1.0,0,1.0,0.0,0,0,0,0,0,0,0,0,0,0,0,0,0,0,0,0,0,0,0,0,0,1,0,0,0,0,0,0,0,0,0,0,0,0,0,0,0,0,0,0,0,0,0,0,0,0,0,0,0,0,0,0,0,0,0,0,0,0,0,0,0,0,0,0,0,0,0,0,0,0,65264,11,0.0,1.0,0.0,0,0,0
7,0.29,0,255,0.02,0.0,0.01,0.25,1.0,64,0.0,0.0,1.0,0,0,0,0,0,0,1,0,0,0,0,0,0,0,0,neptune,0,0,0,0,0,0,0,0,0,0,1,0,0.0,0,0.57,1.0,0,0,0,0,0,0,0,0,0,0,0,0,0,0,0,1,0,0,0,0,0,0,0,0,0,0,0,0,0,0,0,0,0,0,0,0,0,0,0,0,0,0,0,0,0,0,0,0,0,0,0,0,0,0,0,0,0,0,0,0,0,0,0,0,0,0,0,0,0,0,0,4,0.0,0.0,1.0,0,0,0
205,0.07,0,255,0.08,0.0,0.0,0.01,1.0,2,0.0,0.0,1.0,0,0,0,0,0,0,1,0,0,0,0,0,0,0,0,neptune,0,0,0,0,0,0,0,0,0,0,1,0,0.0,0,0.0,1.0,0,0,0,0,0,0,0,0,0,0,0,0,0,0,0,0,0,0,0,0,0,0,0,0,0,0,0,0,0,0,0,0,0,0,0,0,0,0,0,0,0,0,0,0,0,0,0,1,0,0,0,0,0,0,0,0,0,0,0,0,0,0,0,0,0,0,0,0,0,0,0,1,0.0,0.0,1.0,0,0,0
64,0.06,0,255,0.02,0.0,0.0,0.29,1.0,73,0.0,0.0,1.0,0,0,0,0,0,0,1,0,0,0,0,0,0,0,0,neptune,0,0,0,0,0,0,0,0,0,0,1,0,0.0,0,0.3,1.0,0,0,0,0,0,0,0,0,0,0,0,0,0,0,0,0,0,0,0,0,0,0,0,0,0,0,0,0,0,0,0,0,0,0,0,0,0,0,0,0,0,0,0,0,0,0,0,0,0,0,0,0,0,0,0,0,0,0,1,0,0,0,0,0,0,0,0,0,0,0,0,19,0.0,0.0,1.0,0,0,0
2,0.0,0,20,0.15,0.0,0.5,0.5,0.0,84,0.02,0.0,0.01,0,0,0,0,0,0,0,0,0,0,1,0,0,0,0,normal,0,1,0,0,0,0,0,0,0,0,1,0,0.0,0,1.0,0.0,0,0,0,0,0,0,0,0,0,0,0,0,0,0,0,0,0,1,0,0,0,0,0,0,0,0,0,0,0,0,0,0,0,0,0,0,0,0,0,0,0,0,0,0,0,0,0,0,0,0,0,0,0,0,0,0,0,0,0,0,0,0,0,0,0,0,0,0,0,0,12,2,0.0,0.0,0.0,0,0,0
279,0.06,0,255,0.07,0.0,0.0,0.04,1.0,11,0.0,0.0,1.0,0,0,0,0,0,0,1,0,0,0,0,0,0,0,0,neptune,0,0,0,0,0,0,0,0,0,0,1,0,0.0,0,0.04,1.0,0,1,0,0,0,0,0,0,0,0,0,0,0,0,0,0,0,0,0,0,0,0,0,0,0,0,0,0,0,0,0,0,0,0,0,0,0,0,0,0,0,0,0,0,0,0,0,0,0,0,0,0,0,0,0,0,0,0,0,0,0,0,0,0,0,0,0,0,0,0,0,11,0.0,0.0,1.0,0,0,0
3,1.0,0,73,0.07,0.89,0.01,0.26,0.0,60,0.03,1.0,0.0,0,0,1,0,0,0,0,0,0,0,0,0,0,0,0,mscan,0,0,0,0,0,0,0,0,0,0,1,0,1.0,0,0.33,0.0,0,0,0,0,0,0,0,0,0,0,0,0,0,0,0,0,0,0,0,0,0,0,0,0,0,0,0,0,0,0,0,0,0,0,0,0,0,0,0,0,0,0,0,0,0,1,0,0,0,0,0,0,0,0,0,0,0,0,0,0,0,0,0,0,0,0,0,0,0,0,0,19,1.0,0.95,0.0,0,0,0
139,0.0,75,255,0.01,0.0,0.0,0.79,0.0,202,0.0,0.0,0.0,0,0,0,0,0,0,0,0,0,0,1,0,0,0,0,normal,0,0,0,0,0,0,0,0,0,0,0,1,0.0,0,1.0,0.0,0,0,0,0,0,0,0,0,0,1,0,0,0,0,0,0,0,0,0,0,0,0,0,0,0,0,0,0,0,0,0,0,0,0,0,0,0,0,0,0,0,0,0,0,0,0,0,0,0,0,0,0,0,0,0,0,0,0,0,0,0,0,0,0,0,0,0,0,0,0,46,139,0.0,0.0,0.0,0,0,0
7,0.0,646,35,0.0,0.0,0.03,1.0,0.0,255,0.05,0.0,0.0,0,0,0,0,0,0,0,0,0,0,1,0,0,0,0,normal,0,1,0,0,0,0,0,0,0,0,1,0,0.0,0,1.0,0.0,0,0,0,0,0,0,0,0,0,0,0,0,0,0,0,0,0,0,0,0,0,1,0,0,0,0,0,0,0,0,0,0,0,0,0,0,0,0,0,0,0,0,0,0,0,0,0,0,0,0,0,0,0,0,0,0,0,0,0,0,0,0,0,0,0,0,0,0,0,0,316,7,0.0,0.0,0.0,0,0,0
146,0.05,0,255,0.07,0.0,0.0,0.01,1.0,3,0.0,0.0,1.0,0,0,0,0,0,0,1,0,0,0,0,0,0,0,0,neptune,0,0,0,0,0,0,0,0,0,0,1,0,0.0,0,0.04,1.0,0,0,0,0,0,0,0,0,0,0,0,0,0,0,0,0,0,0,0,0,0,0,0,0,0,0,0,0,0,0,0,0,0,0,0,0,0,0,0,0,0,0,0,0,0,0,0,0,0,0,0,0,0,0,0,0,0,0,0,0,0,0,0,0,0,0,0,1,0,0,0,6,0.0,0.0,1.0,0,0,0
1,0.0,481,255,0.01,0.05,0.0,0.05,0.0,14,0.0,0.0,0.0,0,0,0,0,0,0,0,0,0,0,1,0,0,0,0,normal,0,1,0,0,0,0,0,0,0,0,1,0,0.0,0,1.0,0.0,0,0,0,0,0,0,0,0,0,0,0,0,0,0,0,0,0,0,0,0,0,0,0,0,0,0,0,0,0,0,0,0,0,0,0,0,0,0,0,0,0,0,0,0,0,0,0,0,0,0,0,0,1,0,0,0,0,0,0,0,0,0,0,0,0,0,0,0,0,0,772,1,0.0,0.0,0.0,0,0,0
1,0.0,417,17,0.0,0.0,0.06,1.0,0.0,17,0.0,0.0,0.0,0,0,0,0,0,0,0,0,0,0,1,0,0,0,0,normal,0,1,0,0,0,0,0,0,0,0,1,0,0.0,0,1.0,0.0,0,0,0,0,0,0,0,0,0,0,0,0,0,0,0,0,0,0,0,0,0,1,0,0,0,0,0,0,0,0,0,0,0,0,0,0,0,0,0,0,0,0,0,0,0,0,0,0,0,0,0,0,0,0,0,0,0,0,0,0,0,0,0,0,0,0,0,0,0,0,231,1,0.0,0.0,0.0,0,0,0
1,0.0,327,20,0.1,0.0,0.05,0.95,0.0,19,0.0,0.0,0.0,4,0,0,0,0,0,0,0,0,0,1,0,0,0,0,normal,0,1,0,0,0,0,0,0,0,0,1,0,0.0,0,1.0,0.0,0,0,0,0,0,0,0,0,0,0,0,0,0,0,0,0,0,0,0,0,0,0,0,0,0,0,0,0,0,0,0,0,0,0,0,0,0,0,0,0,0,0,0,0,0,0,0,0,0,0,0,0,1,0,0,0,0,0,0,0,0,0,0,0,0,0,0,0,0,0,966,1,0.0,0.0,0.0,0,0,0
2,1.0,0,162,0.03,0.0,0.35,0.35,0.0,71,0.03,0.0,0.0,0,0,0,0,0,0,0,0,0,0,1,0,0,0,0,normal,0,1,0,0,0,0,0,0,0,0,1,0,0.0,0,0.5,0.0,0,0,0,0,0,0,0,0,0,0,0,0,0,0,0,0,0,1,0,0,0,0,0,0,0,0,0,0,0,0,0,0,0,0,0,0,0,0,0,0,0,0,0,0,0,0,0,0,0,0,0,0,0,0,0,0,0,0,0,0,0,0,0,0,0,0,0,0,0,0,12,1,0.0,0.0,0.0,0,0,0
263,0.06,0,255,0.07,1.0,0.0,0.03,0.0,8,0.0,1.0,0.0,0,0,1,0,0,0,0,0,0,0,0,0,0,0,0,neptune,0,0,0,0,0,0,0,0,0,0,1,0,1.0,0,0.03,0.0,0,0,0,0,0,1,0,0,0,0,0,0,0,0,0,0,0,0,0,0,0,0,0,0,0,0,0,0,0,0,0,0,0,0,0,0,0,0,0,0,0,0,0,0,0,0,0,0,0,0,0,0,0,0,0,0,0,0,0,0,0,0,0,0,0,0,0,0,0,0,0,8,0.0,1.0,0.0,0,0,0
27,0.0,2720,39,0.0,0.0,0.03,1.0,0.0,255,0.04,0.0,0.0,0,0,0,0,0,0,0,0,0,0,1,0,0,0,0,normal,0,1,0,0,0,0,0,0,0,0,1,0,0.0,0,1.0,0.0,0,0,0,0,0,0,0,0,0,0,0,0,0,0,0,0,0,0,0,0,0,1,0,0,0,0,0,0,0,0,0,0,0,0,0,0,0,0,0,0,0,0,0,0,0,0,0,0,0,0,0,0,0,0,0,0,0,0,0,0,0,0,0,0,0,0,0,0,0,0,295,27,0.0,0.0,0.0,0,0,0
125,0.07,0,255,0.07,0.0,0.0,0.01,1.0,3,0.0,0.0,1.0,0,0,0,0,0,0,1,0,0,0,0,0,0,0,0,neptune,0,0,0,0,0,0,0,0,0,0,1,0,0.0,0,0.02,1.0,0,0,0,0,0,0,0,0,0,0,0,0,0,0,1,0,0,0,0,0,0,0,0,0,0,0,0,0,0,0,0,0,0,0,0,0,0,0,0,0,0,0,0,0,0,0,0,0,0,0,0,0,0,0,0,0,0,0,0,0,0,0,0,0,0,0,0,0,0,0,0,3,0.0,0.0,1.0,0,0,0
4,0.0,1830,4,0.0,0.0,0.25,1.0,0.0,255,0.05,0.0,0.0,0,0,0,0,0,0,0,0,0,0,1,0,0,0,0,normal,0,1,0,0,0,0,0,0,0,0,1,0,0.0,0,1.0,0.0,0,0,0,0,0,0,0,0,0,0,0,0,0,0,0,0,0,0,0,0,0,1,0,0,0,0,0,0,0,0,0,0,0,0,0,0,0,0,0,0,0,0,0,0,0,0,0,0,0,0,0,0,0,0,0,0,0,0,0,0,0,0,0,0,0,0,0,0,0,0,288,4,0.0,0.0,0.0,0,0,0
4,0.0,594,4,0.0,0.0,0.25,1.0,0.0,253,0.05,0.0,0.0,0,0,0,0,0,0,0,0,0,0,1,0,0,0,0,normal,0,1,0,0,0,0,0,0,0,0,1,0,0.0,0,1.0,0.0,0,0,0,0,0,0,0,0,0,0,0,0,0,0,0,0,0,0,0,0,0,1,0,0,0,0,0,0,0,0,0,0,0,0,0,0,0,0,0,0,0,0,0,0,0,0,0,0,0,0,0,0,0,0,0,0,0,0,0,0,0,0,0,0,0,0,0,0,0,0,286,4,0.0,0.0,0.0,0,0,0
1,0.0,0,255,1.0,0.99,1.0,0.0,0.0,1,0.0,1.0,0.0,1,0,0,0,0,1,0,0,0,0,0,0,0,0,0,portsweep,0,0,0,0,0,0,0,0,0,0,1,0,1.0,0,1.0,0.0,0,0,0,0,0,0,0,0,0,0,0,0,0,0,0,0,0,0,0,0,0,0,0,0,0,0,0,0,0,0,0,0,0,0,0,0,0,0,0,0,0,0,0,0,0,0,0,1,0,0,0,0,0,0,0,0,0,0,0,0,0,0,0,0,0,0,0,0,0,0,0,1,0.0,1.0,0.0,0,0,0
11,1.0,151,255,0.08,0.04,0.0,0.0,0.0,1,0.0,0.0,0.0,5,0,0,0,0,0,0,0,0,0,1,0,0,0,0,satan,0,1,0,0,0,0,0,0,0,0,1,0,0.82,0,0.09,0.0,0,0,0,0,0,0,0,0,0,0,0,0,0,0,0,0,0,0,0,0,0,0,0,0,0,0,0,0,0,0,0,0,0,0,0,0,0,0,0,0,0,0,0,0,0,1,0,0,0,0,0,0,0,0,0,0,0,0,0,0,0,0,0,0,0,0,0,0,0,0,6,1,0.0,0.0,0.0,0,0,0
1,0.0,466,35,0.0,0.0,0.03,1.0,0.0,255,0.04,0.0,0.0,0,0,0,0,0,0,0,0,0,0,1,0,0,0,0,normal,0,1,0,0,0,0,0,0,0,0,1,0,0.0,0,1.0,0.0,0,0,0,0,0,0,0,0,0,0,0,0,0,0,0,0,0,0,0,0,0,1,0,0,0,0,0,0,0,0,0,0,0,0,0,0,0,0,0,0,0,0,0,0,0,0,0,0,0,0,0,0,0,0,0,0,0,0,0,0,0,0,0,0,0,0,0,0,0,0,186,1,0.0,0.0,0.0,0,0,0
3,1.0,0,10,0.5,0.6,0.1,0.3,0.0,87,0.03,0.66,0.0,0,0,1,0,0,0,0,0,0,0,0,0,0,0,0,mscan,0,0,0,0,0,0,0,0,0,0,1,0,1.0,0,0.33,0.0,0,0,0,0,0,0,0,0,0,0,0,0,0,0,0,0,0,0,0,0,0,0,0,0,0,0,0,0,0,0,0,0,0,0,0,0,0,0,0,0,0,0,0,0,0,0,0,0,0,0,0,0,0,0,0,0,0,0,1,0,0,0,0,0,0,0,0,0,0,0,0,32,0.94,0.81,0.12,0,0,0
1,0.0,0,2,0.0,0.0,1.0,1.0,0.0,255,0.5,0.0,0.0,0,0,0,0,0,0,0,0,0,0,1,0,0,0,0,ipsweep,0,0,0,0,0,0,0,0,0,1,0,0,0.0,0,1.0,0.0,0,0,0,0,0,0,0,0,0,0,0,1,0,0,0,0,0,0,0,0,0,0,0,0,0,0,0,0,0,0,0,0,0,0,0,0,0,0,0,0,0,0,0,0,0,0,0,0,0,0,0,0,0,0,0,0,0,0,0,0,0,0,0,0,0,0,0,0,0,0,8,7,1.0,0.0,0.0,0,0,0
108,1.0,0,255,0.44,0.4,0.0,0.0,0.0,1,0.0,1.0,0.0,0,0,1,0,0,0,0,0,0,0,0,0,0,0,0,satan,0,0,0,0,0,0,0,0,0,0,1,0,0.92,0,0.01,0.01,0,0,0,0,0,0,0,0,0,0,0,0,0,0,0,0,0,0,0,0,0,0,0,0,0,0,0,0,0,0,0,0,0,0,0,0,0,0,0,0,0,0,0,0,0,0,0,1,0,0,0,0,0,0,0,0,0,0,0,0,0,0,0,0,0,0,0,0,0,0,0,1,0.0,1.0,0.0,0,0,0
109,0.0,130,255,0.0,0.0,0.0,1.0,0.0,255,0.0,0.0,0.0,0,0,0,0,0,0,0,0,0,0,1,0,0,0,0,normal,0,0,0,0,0,0,0,0,0,0,0,1,0.0,0,1.0,0.0,0,0,0,0,0,0,0,0,0,1,0,0,0,0,0,0,0,0,0,0,0,0,0,0,0,0,0,0,0,0,0,0,0,0,0,0,0,0,0,0,0,0,0,0,0,0,0,0,0,0,0,0,0,0,0,0,0,0,0,0,0,0,0,0,0,0,0,0,0,0,44,189,0.01,0.0,0.0,0,0,0
314,0.0,80,255,0.01,0.0,0.0,1.0,0.0,254,0.0,0.0,0.0,0,0,0,0,0,0,0,0,0,0,1,0,0,0,0,normal,0,0,0,0,0,0,0,0,0,0,0,1,0.0,0,1.0,0.0,0,0,0,0,0,0,0,0,0,1,0,0,0,0,0,0,0,0,0,0,0,0,0,0,0,0,0,0,0,0,0,0,0,0,0,0,0,0,0,0,0,0,0,0,0,0,0,0,0,0,0,0,0,0,0,0,0,0,0,0,0,0,0,0,0,0,0,0,0,0,46,314,0.0,0.0,0.0,0,0,0
469,1.0,0,255,0.98,0.87,0.0,0.0,0.13,1,0.0,1.0,0.0,0,0,1,0,0,0,0,0,0,0,0,0,0,0,0,satan,0,0,0,0,0,0,0,0,0,0,1,0,0.85,0,0.0,0.15,0,0,0,0,0,0,0,0,0,0,0,0,0,0,0,0,0,0,0,0,0,0,0,0,0,0,0,0,0,0,0,0,0,0,0,0,0,0,0,0,0,0,1,0,0,0,0,0,0,0,0,0,0,0,0,0,0,0,0,0,0,0,0,0,0,0,0,0,0,0,0,1,0.0,1.0,0.0,0,0,0
22,0.0,5454,148,0.0,0.08,0.01,1.0,0.0,247,0.1,0.45,0.0,0,0,0,0,0,0,0,0,0,0,1,0,0,0,0,normal,0,1,0,0,0,0,0,0,0,0,1,0,0.0,0,1.0,0.0,0,0,0,0,0,0,0,0,0,0,0,0,0,0,0,0,0,0,0,0,0,1,0,0,0,0,0,0,0,0,0,0,0,0,0,0,0,0,0,0,0,0,0,0,0,0,0,0,0,0,0,0,0,0,0,0,0,0,0,0,0,0,0,0,0,0,0,0,0,0,399,22,0.0,0.0,0.0,0,0,0
133,0.08,0,255,0.07,1.0,0.0,0.01,0.0,3,0.0,1.0,0.0,0,0,0,1,0,0,0,0,0,0,0,0,0,0,0,neptune,0,0,0,0,0,0,0,0,0,0,1,0,1.0,0,0.02,0.0,0,0,0,0,0,0,0,0,0,0,0,0,0,0,0,0,0,0,0,0,0,0,0,0,0,0,0,0,0,0,0,0,0,0,0,0,0,0,0,0,0,0,0,0,0,0,0,0,0,0,0,0,0,0,0,0,0,0,0,0,0,1,0,0,0,0,0,0,0,0,0,3,0.0,1.0,0.0,0,0,0
2,0.0,0,107,0.06,0.0,0.07,0.07,0.0,13,0.15,0.0,0.0,0,0,0,0,0,0,0,0,0,0,1,0,0,0,0,normal,0,1,0,0,0,0,0,1,0,0,1,0,0.0,0,1.0,0.0,0,0,0,0,0,0,0,0,0,0,0,0,0,0,0,0,0,1,0,0,0,0,0,0,0,0,0,0,0,0,0,0,0,0,0,0,0,0,0,0,0,0,0,0,0,0,0,0,0,0,0,0,0,0,0,0,0,0,0,0,0,0,0,0,0,0,0,0,0,0,319,2,0.0,0.0,0.0,0,0,0
1,0.0,394,255,0.02,0.0,0.0,0.05,0.95,13,0.0,0.0,0.0,0,0,0,0,0,0,0,0,0,0,1,0,0,0,0,normal,0,1,0,0,0,0,0,0,0,0,1,0,0.0,0,1.0,0.0,0,0,0,0,0,0,0,0,0,0,0,0,0,0,0,0,0,0,0,0,0,0,0,0,0,0,0,0,0,0,0,0,0,0,0,0,0,0,0,0,0,0,0,0,0,0,0,0,0,0,0,0,1,0,0,0,0,0,0,0,0,0,0,0,0,0,0,0,0,0,1926,1,0.0,0.0,0.0,0,0,0
2,0.0,5830,180,0.0,0.0,0.01,1.0,0.0,255,0.01,0.0,0.01,0,0,0,0,0,0,0,0,0,0,1,0,0,0,0,normal,0,1,0,0,0,0,0,0,0,0,1,0,0.0,0,1.0,0.0,0,0,0,0,0,0,0,0,0,0,0,0,0,0,0,0,0,0,0,0,0,1,0,0,0,0,0,0,0,0,0,0,0,0,0,0,0,0,0,0,0,0,0,0,0,0,0,0,0,0,0,0,0,0,0,0,0,0,0,0,0,0,0,0,0,0,0,0,0,0,222,2,0.0,0.0,0.0,0,0,0
9,0.0,12937,9,0.0,0.0,0.11,1.0,0.0,255,0.04,0.01,0.0,0,0,0,0,0,0,0,0,0,0,1,0,0,0,0,normal,0,1,0,0,0,0,0,0,0,0,1,0,0.0,0,1.0,0.0,0,0,0,0,0,0,0,0,0,0,0,0,0,0,0,0,0,0,0,0,0,1,0,0,0,0,0,0,0,0,0,0,0,0,0,0,0,0,0,0,0,0,0,0,0,0,0,0,0,0,0,0,0,0,0,0,0,0,0,0,0,0,0,0,0,0,0,0,0,0,167,11,0.18,0.0,0.0,0,0,0
1,0.0,1002,1,0.0,0.0,1.0,1.0,0.0,255,0.02,0.0,0.0,0,0,0,0,0,0,0,0,0,0,1,0,0,0,0,normal,0,1,0,0,0,0,0,0,0,0,1,0,0.0,0,1.0,0.0,0,0,0,0,0,0,0,0,0,0,0,0,0,0,0,0,0,0,0,0,0,1,0,0,0,0,0,0,0,0,0,0,0,0,0,0,0,0,0,0,0,0,0,0,0,0,0,0,0,0,0,0,0,0,0,0,0,0,0,0,0,0,0,0,0,0,0,0,0,0,298,1,0.0,0.0,0.0,0,0,0
1,0.0,0,2,0.0,0.0,1.0,1.0,0.0,38,0.53,0.0,0.0,0,0,0,0,0,0,0,0,0,0,1,0,0,0,0,ipsweep,0,0,0,0,0,0,0,0,0,1,0,0,0.0,0,1.0,0.0,0,0,0,0,0,0,0,0,0,0,0,1,0,0,0,0,0,0,0,0,0,0,0,0,0,0,0,0,0,0,0,0,0,0,0,0,0,0,0,0,0,0,0,0,0,0,0,0,0,0,0,0,0,0,0,0,0,0,0,0,0,0,0,0,0,0,0,0,0,0,8,38,1.0,0.0,0.0,0,0,0
272,0.06,0,255,0.07,0.0,0.0,0.01,1.0,2,0.0,0.0,1.0,0,0,0,0,0,0,1,0,0,0,0,0,0,0,0,neptune,0,0,0,0,0,0,0,0,0,0,1,0,0.0,0,0.03,1.0,0,0,0,0,0,0,0,0,0,0,0,0,0,0,0,0,0,0,0,0,0,0,0,0,0,0,0,0,0,0,0,0,0,0,0,0,1,0,0,0,0,0,0,0,0,0,0,0,0,0,0,0,0,0,0,0,0,0,0,0,0,0,0,0,0,0,0,0,0,0,0,7,0.0,0.0,1.0,0,0,0
1,0.0,327,193,0.02,0.0,0.01,0.52,0.0,101,0.0,0.0,0.0,0,0,0,0,0,0,0,0,0,0,1,0,0,0,0,normal,0,1,0,0,0,0,0,0,0,0,1,0,0.0,0,1.0,0.0,0,0,0,0,0,0,0,0,0,0,0,0,0,0,0,0,0,0,0,0,0,0,0,0,0,0,0,0,0,0,0,0,0,0,0,0,0,0,0,0,0,0,0,0,0,0,0,0,0,0,0,0,1,0,0,0,0,0,0,0,0,0,0,0,0,0,0,0,0,0,1209,1,0.0,0.0,0.0,0,0,0
130,0.06,0,255,0.07,0.0,0.0,0.05,1.0,14,0.0,0.0,1.0,0,0,0,0,0,0,1,0,0,0,0,0,0,0,0,neptune,0,0,0,0,0,0,0,0,0,0,1,0,0.0,0,0.11,1.0,0,0,0,0,0,0,0,0,0,0,0,0,0,0,0,0,0,0,0,0,0,0,0,1,0,0,0,0,0,0,0,0,0,0,0,0,0,0,0,0,0,0,0,0,0,0,0,0,0,0,0,0,0,0,0,0,0,0,0,0,0,0,0,0,0,0,0,0,0,0,0,14,0.0,0.0,1.0,0,0,0
217,0.07,0,255,0.08,0.0,0.0,0.02,1.0,5,0.0,0.0,1.0,0,0,0,0,0,0,1,0,0,0,0,0,0,0,0,neptune,0,0,0,0,0,0,0,0,0,0,1,0,0.0,0,0.02,1.0,0,0,0,0,0,0,0,0,0,0,0,0,0,0,0,0,0,0,0,0,0,0,0,0,0,0,0,0,0,0,0,0,0,0,0,0,0,0,0,0,0,0,1,0,0,0,0,0,0,0,0,0,0,0,0,0,0,0,0,0,0,0,0,0,0,0,0,0,0,0,0,5,0.0,0.0,1.0,0,0,0
69,0.03,120,255,0.01,0.0,0.0,0.93,0.0,236,0.0,0.0,0.0,0,0,0,0,0,0,0,0,0,0,1,0,0,0,0,normal,0,0,0,0,0,0,0,0,0,0,0,1,0.0,0,0.99,0.0,0,0,0,0,0,0,0,0,0,1,0,0,0,0,0,0,0,0,0,0,0,0,0,0,0,0,0,0,0,0,0,0,0,0,0,0,0,0,0,0,0,0,0,0,0,0,0,0,0,0,0,0,0,0,0,0,0,0,0,0,0,0,0,0,0,0,0,0,0,0,46,68,0.0,0.0,0.0,0,0,0
1,0.0,0,21,1.0,0.81,0.05,0.05,0.0,2,1.0,1.0,0.0,0,0,1,0,0,0,0,0,0,0,0,0,0,0,0,ipsweep,0,0,0,0,0,0,0,0,0,0,1,0,1.0,0,1.0,0.0,0,0,0,0,0,0,0,0,0,0,0,0,0,0,0,0,0,0,0,0,0,0,0,0,0,0,0,0,0,0,0,0,0,0,0,0,0,0,0,0,0,0,0,0,0,0,0,1,0,0,0,0,0,0,0,0,0,0,0,0,0,0,0,0,0,0,0,0,0,0,0,1,0.0,1.0,0.0,0,0,0
199,0.0,76,255,0.0,0.0,0.0,1.0,0.0,255,0.0,0.0,0.0,0,0,0,0,0,0,0,0,0,0,1,0,0,0,0,normal,0,0,0,0,0,0,0,0,0,0,0,1,0.0,0,1.0,0.0,0,0,0,0,0,0,0,0,0,1,0,0,0,0,0,0,0,0,0,0,0,0,0,0,0,0,0,0,0,0,0,0,0,0,0,0,0,0,0,0,0,0,0,0,0,0,0,0,0,0,0,0,0,0,0,0,0,0,0,0,0,0,0,0,0,0,0,0,0,0,45,199,0.0,0.0,0.0,0,0,0
1,0.0,1247,166,0.01,0.1,0.01,0.13,0.01,22,0.0,0.73,0.05,238,0,0,1,0,0,0,0,0,0,0,0,0,0,0,normal,0,1,0,0,0,0,0,0,0,0,1,0,1.0,0,1.0,0.0,0,0,0,0,0,0,0,0,0,0,0,0,0,0,0,0,0,0,0,0,0,0,0,0,0,0,1,0,0,0,0,0,0,0,0,0,0,0,0,0,0,0,0,0,0,0,0,0,0,0,0,0,0,0,0,0,0,0,0,0,0,0,0,0,0,0,0,0,0,0,132,1,0.0,1.0,0.0,0,0,0
6,0.0,1958,6,0.0,0.0,0.17,1.0,0.0,255,0.03,0.0,0.0,0,0,0,0,0,0,0,0,0,0,1,0,0,0,0,normal,0,1,0,0,0,0,0,0,0,0,1,0,0.0,0,1.0,0.0,0,0,0,0,0,0,0,0,0,0,0,0,0,0,0,0,0,0,0,0,0,1,0,0,0,0,0,0,0,0,0,0,0,0,0,0,0,0,0,0,0,0,0,0,0,0,0,0,0,0,0,0,0,0,0,0,0,0,0,0,0,0,0,0,0,0,0,0,0,0,344,45,0.04,0.0,0.0,0,0,0
33,0.12,0,255,0.08,0.0,0.0,0.04,1.0,11,0.0,0.0,1.0,0,0,0,0,0,0,1,0,0,0,0,0,0,0,0,neptune,0,0,0,0,0,0,0,0,0,0,1,0,0.0,0,0.33,1.0,0,0,0,0,0,0,0,0,0,0,0,0,0,0,0,0,0,0,0,0,0,0,0,0,0,0,0,0,0,0,0,0,0,0,0,0,0,0,0,0,0,0,0,0,0,0,0,1,0,0,0,0,0,0,0,0,0,0,0,0,0,0,0,0,0,0,0,0,0,0,0,11,0.0,0.0,1.0,0,0,0
3,0.0,1379,76,0.0,0.0,0.01,1.0,0.0,255,0.01,0.0,0.0,0,0,0,0,0,0,0,0,0,0,1,0,0,0,0,normal,0,1,0,0,0,0,0,0,0,0,1,0,0.0,0,1.0,0.0,0,0,0,0,0,0,0,0,0,0,0,0,0,0,0,0,0,0,0,0,0,1,0,0,0,0,0,0,0,0,0,0,0,0,0,0,0,0,0,0,0,0,0,0,0,0,0,0,0,0,0,0,0,0,0,0,0,0,0,0,0,0,0,0,0,0,0,0,0,0,308,3,0.0,0.0,0.0,0,0,0
310,0.52,0,255,0.52,1.0,1.0,0.01,0.0,2,0.0,1.0,0.0,3,0,0,0,0,1,0,0,0,0,0,0,0,0,0,portsweep,0,0,0,0,0,0,0,0,0,0,1,0,1.0,0,0.01,0.0,0,0,0,0,0,0,0,0,0,0,0,0,0,0,0,0,0,0,0,0,0,0,0,0,0,0,0,0,0,0,0,0,0,0,0,0,0,0,0,0,0,0,0,0,0,0,0,1,0,0,0,0,0,0,0,0,0,0,0,0,0,0,0,0,0,0,0,0,0,0,0,2,0.0,1.0,0.0,0,0,0
1,0.0,330,20,0.1,0.0,0.05,0.95,0.0,229,0.01,0.0,0.0,0,0,0,0,0,0,0,0,0,0,1,0,0,0,0,normal,0,1,0,0,0,0,0,0,0,0,1,0,0.0,0,1.0,0.0,0,0,0,0,0,0,0,0,0,0,0,0,0,0,0,0,0,0,0,0,0,0,0,0,0,0,0,0,0,0,0,0,0,0,0,0,0,0,0,0,0,0,0,0,0,0,0,0,0,0,0,0,1,0,0,0,0,0,0,0,0,0,0,0,0,0,0,0,0,0,618,1,0.0,0.0,0.0,0,0,0
274,0.06,0,255,0.07,0.0,0.0,0.03,1.0,8,0.0,0.0,1.0,0,0,0,0,0,0,1,0,0,0,0,0,0,0,0,neptune,0,0,0,0,0,0,0,0,0,0,1,0,0.0,0,0.03,1.0,0,0,0,0,0,0,0,0,0,0,0,0,0,0,0,0,0,0,0,0,0,0,0,0,0,0,0,0,0,0,0,0,0,0,1,0,0,0,0,0,0,0,0,0,0,0,0,0,0,0,0,0,0,0,0,0,0,0,0,0,0,0,0,0,0,0,0,0,0,0,0,8,0.0,0.0,1.0,0,0,0
6,0.0,2560,21,0.0,0.0,0.05,1.0,0.0,255,0.05,0.0,0.0,0,0,0,0,0,0,0,0,0,0,1,0,0,0,0,normal,0,1,0,0,0,0,0,0,0,0,1,0,0.0,0,1.0,0.0,0,0,0,0,0,0,0,0,0,0,0,0,0,0,0,0,0,0,0,0,0,1,0,0,0,0,0,0,0,0,0,0,0,0,0,0,0,0,0,0,0,0,0,0,0,0,0,0,0,0,0,0,0,0,0,0,0,0,0,0,0,0,0,0,0,0,0,0,0,0,206,8,0.25,0.0,0.0,0,0,0
11,0.0,292,11,0.0,0.0,0.09,1.0,0.0,255,0.07,0.0,0.0,0,0,0,0,0,0,0,0,0,0,1,0,0,0,0,normal,0,1,0,0,0,0,0,0,0,0,1,0,0.0,0,1.0,0.0,0,0,0,0,0,0,0,0,0,0,0,0,0,0,0,0,0,0,0,0,0,1,0,0,0,0,0,0,0,0,0,0,0,0,0,0,0,0,0,0,0,0,0,0,0,0,0,0,0,0,0,0,0,0,0,0,0,0,0,0,0,0,0,0,0,0,0,0,0,0,222,13,0.15,0.0,0.0,0,0,0
10,0.0,392,103,0.0,0.0,0.01,1.0,0.0,255,0.04,0.01,0.0,0,0,0,0,0,0,0,0,0,0,1,0,0,0,0,normal,0,1,0,0,0,0,0,0,0,0,1,0,0.0,0,1.0,0.0,0,0,0,0,0,0,0,0,0,0,0,0,0,0,0,0,0,0,0,0,0,1,0,0,0,0,0,0,0,0,0,0,0,0,0,0,0,0,0,0,0,0,0,0,0,0,0,0,0,0,0,0,0,0,0,0,0,0,0,0,0,0,0,0,0,0,0,0,0,0,303,12,0.17,0.0,0.0,0,0,0
166,0.0,0,255,0.0,0.0,1.0,1.0,0.0,255,0.0,0.0,0.0,0,0,0,0,0,0,0,0,0,0,1,0,0,0,0,smurf,0,0,0,0,0,0,0,0,0,1,0,0,0.0,0,1.0,0.0,0,0,0,0,0,0,0,0,0,0,0,0,1,0,0,0,0,0,0,0,0,0,0,0,0,0,0,0,0,0,0,0,0,0,0,0,0,0,0,0,0,0,0,0,0,0,0,0,0,0,0,0,0,0,0,0,0,0,0,0,0,0,0,0,0,0,0,0,0,0,520,166,0.0,0.0,0.0,0,0,0
12,0.0,8497,255,0.0,0.0,0.0,1.0,0.0,255,0.0,0.0,0.0,0,0,0,0,0,0,0,0,0,0,1,0,0,0,0,normal,0,1,0,0,0,0,0,0,0,0,1,0,0.0,0,1.0,0.0,0,0,0,0,0,0,0,0,0,0,0,0,0,0,0,0,0,0,0,0,0,1,0,0,0,0,0,0,0,0,0,0,0,0,0,0,0,0,0,0,0,0,0,0,0,0,0,0,0,0,0,0,0,0,0,0,0,0,0,0,0,0,0,0,0,0,0,0,0,0,304,25,0.12,0.0,0.0,0,0,0
67,0.0,109,187,0.02,0.0,0.01,0.65,0.0,122,0.0,0.0,0.0,0,0,0,0,0,0,0,0,0,0,1,0,0,0,0,normal,0,0,0,0,0,0,0,0,0,0,0,1,0.0,0,1.0,0.0,0,0,0,0,0,0,0,0,0,1,0,0,0,0,0,0,0,0,0,0,0,0,0,0,0,0,0,0,0,0,0,0,0,0,0,0,0,0,0,0,0,0,0,0,0,0,0,0,0,0,0,0,0,0,0,0,0,0,0,0,0,0,0,0,0,0,0,0,0,0,43,69,0.04,0.0,0.0,0,0,0
12,0.0,396,255,0.0,0.0,0.0,1.0,0.01,255,0.0,0.0,0.01,0,0,0,0,0,0,0,0,0,0,1,0,0,0,0,normal,0,1,0,0,0,0,0,0,0,0,1,0,0.0,0,1.0,0.0,0,0,0,0,0,0,0,0,0,0,0,0,0,0,0,0,0,0,0,0,0,1,0,0,0,0,0,0,0,0,0,0,0,0,0,0,0,0,0,0,0,0,0,0,0,0,0,0,0,0,0,0,0,0,0,0,0,0,0,0,0,0,0,0,0,0,0,0,0,0,223,12,0.0,0.0,0.0,0,0,0
148,0.05,0,255,0.05,0.0,0.0,0.04,1.0,11,0.0,0.0,1.0,0,0,0,0,0,0,1,0,0,0,0,0,0,0,0,neptune,0,0,0,0,0,0,0,0,0,0,1,0,0.0,0,0.16,1.0,0,0,0,0,0,0,0,0,0,0,1,0,0,0,0,0,0,0,0,0,0,0,0,0,0,0,0,0,0,0,0,0,0,0,0,0,0,0,0,0,0,0,0,0,0,0,0,0,0,0,0,0,0,0,0,0,0,0,0,0,0,0,0,0,0,0,0,0,0,0,0,23,0.0,0.0,1.0,0,0,0
4,0.5,105,255,0.64,0.0,0.9,0.01,0.0,2,0.0,0.0,0.0,12705,0,0,0,0,0,0,0,0,0,1,0,0,0,0,normal,0,0,0,0,0,0,0,0,0,0,0,1,0.0,0,0.5,0.0,0,0,0,0,0,0,0,0,0,0,0,0,0,0,0,0,0,0,0,0,0,0,0,0,0,0,0,0,0,0,0,0,0,0,0,0,0,0,0,0,0,0,1,0,0,0,0,0,0,0,0,0,0,0,0,0,0,0,0,0,0,0,0,0,0,0,0,0,0,0,145,2,0.0,0.0,0.0,0,0,0
1,0.0,0,1,0.0,0.0,1.0,1.0,0.0,28,0.54,0.0,0.0,0,0,0,0,0,0,0,0,0,0,1,0,0,0,0,ipsweep,0,0,0,0,0,0,0,0,0,1,0,0,0.0,0,1.0,0.0,0,0,0,0,0,0,0,0,0,0,0,1,0,0,0,0,0,0,0,0,0,0,0,0,0,0,0,0,0,0,0,0,0,0,0,0,0,0,0,0,0,0,0,0,0,0,0,0,0,0,0,0,0,0,0,0,0,0,0,0,0,0,0,0,0,0,0,0,0,0,8,46,1.0,0.0,0.0,0,0,0
188,0.06,0,255,0.09,0.0,0.0,0.01,1.0,2,0.0,0.0,1.0,0,0,0,0,0,0,1,0,0,0,0,0,0,0,0,neptune,0,0,0,0,0,0,0,0,0,0,1,0,0.0,0,0.06,1.0,0,0,0,0,0,0,0,0,0,0,0,0,0,0,0,0,0,0,0,0,0,0,0,0,0,0,0,0,0,0,0,0,0,0,0,0,0,0,0,0,0,0,0,0,0,0,0,1,0,0,0,0,0,0,0,0,0,0,0,0,0,0,0,0,0,0,0,0,0,0,0,11,0.0,0.0,1.0,0,0,0
59,0.07,0,255,0.06,0.0,1.0,0.38,0.0,97,0.0,0.0,0.0,0,0,0,0,0,0,0,0,0,0,1,0,0,0,0,satan,0,0,0,0,0,0,0,0,0,0,0,1,0.0,0,0.54,0.0,0,0,0,0,0,0,0,0,0,0,0,0,0,0,0,0,0,0,0,0,0,0,0,0,0,0,0,0,0,0,0,0,0,0,0,0,0,0,0,0,0,0,0,0,0,0,0,1,0,0,0,0,0,0,0,0,0,0,0,0,0,0,0,0,0,0,0,0,0,0,1,32,0.0,0.0,0.0,0,0,0
277,0.0,0,255,0.0,0.0,1.0,1.0,0.0,255,0.0,0.0,0.0,0,0,0,0,0,0,0,0,0,0,1,0,0,0,0,smurf,0,0,0,0,0,0,0,0,0,1,0,0,0.0,0,1.0,0.0,0,0,0,0,0,0,0,0,0,0,0,0,1,0,0,0,0,0,0,0,0,0,0,0,0,0,0,0,0,0,0,0,0,0,0,0,0,0,0,0,0,0,0,0,0,0,0,0,0,0,0,0,0,0,0,0,0,0,0,0,0,0,0,0,0,0,0,0,0,0,1008,277,0.0,0.0,0.0,0,0,0
8,0.0,3810,8,0.0,0.0,0.12,1.0,0.0,14,0.21,0.0,0.0,0,0,0,0,0,0,0,0,0,0,1,0,0,0,0,normal,0,1,0,0,0,0,0,0,0,0,1,0,0.0,0,1.0,0.0,0,0,0,0,0,0,0,0,0,0,0,0,0,0,0,0,0,0,0,0,0,1,0,0,0,0,0,0,0,0,0,0,0,0,0,0,0,0,0,0,0,0,0,0,0,0,0,0,0,0,0,0,0,0,0,0,0,0,0,0,0,0,0,0,0,0,0,0,0,0,202,8,0.0,0.0,0.0,0,0,0
2,0.0,0,255,0.64,1.0,1.0,0.01,0.0,2,0.0,1.0,0.0,21163,0,0,0,0,1,0,0,0,0,0,0,0,0,0,portsweep,0,0,0,0,0,0,0,0,0,0,1,0,1.0,0,1.0,0.0,0,0,0,0,0,0,0,0,0,0,0,0,0,0,0,0,0,0,0,0,0,0,0,0,0,0,0,0,0,0,0,0,0,0,0,0,0,0,0,0,0,0,0,0,0,0,0,1,0,0,0,0,0,0,0,0,0,0,0,0,0,0,0,0,0,0,0,0,0,0,1,2,0.0,1.0,0.0,0,0,0
296,0.05,0,255,0.05,0.0,0.0,0.09,1.0,23,0.0,0.0,1.0,0,0,0,0,0,0,1,0,0,0,0,0,0,0,0,neptune,0,0,0,0,0,0,0,0,0,0,1,0,0.0,0,0.08,1.0,0,0,0,0,0,0,0,0,0,0,0,0,0,0,0,0,0,0,0,0,0,0,0,0,0,0,0,0,0,0,0,0,0,0,0,0,1,0,0,0,0,0,0,0,0,0,0,0,0,0,0,0,0,0,0,0,0,0,0,0,0,0,0,0,0,0,0,0,0,0,0,23,0.0,0.0,1.0,0,0,0
3,0.0,283,255,0.01,0.0,0.0,1.0,0.0,254,0.0,0.0,0.0,0,0,0,0,0,0,0,0,0,0,1,0,0,0,0,normal,0,1,0,0,0,0,0,0,0,0,1,0,0.0,0,1.0,0.0,0,0,0,0,0,0,0,0,0,0,0,0,0,0,0,0,0,0,0,0,0,1,0,0,0,0,0,0,0,0,0,0,0,0,0,0,0,0,0,0,0,0,0,0,0,0,0,0,0,0,0,0,0,0,0,0,0,0,0,0,0,0,0,0,0,0,0,0,0,0,340,3,0.0,0.0,0.0,0,0,0
259,0.06,0,255,0.07,0.0,0.0,0.02,1.0,5,0.0,0.0,1.0,0,0,0,0,0,0,1,0,0,0,0,0,0,0,0,neptune,0,0,0,0,0,0,0,0,0,0,1,0,0.0,0,0.02,1.0,0,0,0,0,0,0,0,0,0,0,0,0,0,0,0,0,0,0,0,0,0,0,0,0,0,0,0,0,0,0,0,0,0,0,0,0,0,0,0,0,0,0,0,0,0,0,0,0,0,0,0,0,0,0,0,0,0,0,0,0,0,0,0,0,0,0,0,1,0,0,0,5,0.0,0.0,1.0,0,0,0
148,0.0,71,255,0.01,0.0,0.0,0.79,0.0,202,0.0,0.0,0.0,0,0,0,0,0,0,0,0,0,0,1,0,0,0,0,normal,0,0,0,0,0,0,0,0,0,0,0,1,0.0,0,1.0,0.0,0,0,0,0,0,0,0,0,0,1,0,0,0,0,0,0,0,0,0,0,0,0,0,0,0,0,0,0,0,0,0,0,0,0,0,0,0,0,0,0,0,0,0,0,0,0,0,0,0,0,0,0,0,0,0,0,0,0,0,0,0,0,0,0,0,0,0,0,0,0,44,148,0.0,0.0,0.0,0,0,0
1,0.0,599,255,0.49,0.47,0.0,0.04,0.1,9,0.0,0.0,0.0,281,0,0,0,0,0,0,0,0,0,1,0,2,1,0,warezmaster,0,1,0,0,0,0,0,0,0,0,1,0,0.0,0,1.0,0.0,0,0,0,0,0,0,0,0,0,0,0,0,0,0,0,0,1,0,0,0,0,0,0,0,0,0,0,0,0,0,0,0,0,0,0,0,0,0,0,0,0,0,0,0,0,0,0,0,0,0,0,0,0,0,0,0,0,0,0,0,0,0,0,0,0,0,0,0,0,0,162,1,0.0,0.0,0.0,0,0,0
3,0.0,4540,59,0.0,0.0,0.02,1.0,0.0,255,0.05,0.0,0.0,0,0,0,0,0,0,0,0,0,0,1,0,0,0,0,normal,0,1,0,0,0,0,0,0,0,0,1,0,0.0,0,1.0,0.0,0,0,0,0,0,0,0,0,0,0,0,0,0,0,0,0,0,0,0,0,0,1,0,0,0,0,0,0,0,0,0,0,0,0,0,0,0,0,0,0,0,0,0,0,0,0,0,0,0,0,0,0,0,0,0,0,0,0,0,0,0,0,0,0,0,0,0,0,0,0,298,3,0.0,0.0,0.0,0,0,0
2,0.0,8272,255,0.0,0.0,0.0,1.0,0.0,255,0.0,0.0,0.0,0,0,0,0,0,0,0,0,0,0,1,0,0,0,0,normal,0,1,0,0,0,0,0,0,0,0,1,0,0.0,0,1.0,0.0,0,0,0,0,0,0,0,0,0,0,0,0,0,0,0,0,0,0,0,0,0,1,0,0,0,0,0,0,0,0,0,0,0,0,0,0,0,0,0,0,0,0,0,0,0,0,0,0,0,0,0,0,0,0,0,0,0,0,0,0,0,0,0,0,0,0,0,0,0,0,315,2,0.0,0.0,0.0,0,0,0
2,0.0,2088,4,0.0,0.0,0.25,1.0,0.25,255,0.03,0.0,0.01,0,0,0,0,0,0,0,0,0,0,1,0,0,0,0,normal,0,1,0,0,0,0,0,0,0,0,1,0,0.0,0,1.0,0.0,0,0,0,0,0,0,0,0,0,0,0,0,0,0,0,0,0,0,0,0,0,1,0,0,0,0,0,0,0,0,0,0,0,0,0,0,0,0,0,0,0,0,0,0,0,0,0,0,0,0,0,0,0,0,0,0,0,0,0,0,0,0,0,0,0,0,0,0,0,0,235,2,0.0,0.0,0.0,0,0,0
19,0.0,1737,219,0.0,0.0,0.0,1.0,0.0,255,0.01,0.0,0.0,0,0,0,0,0,0,0,0,0,0,1,0,0,0,0,normal,0,1,0,0,0,0,0,0,0,0,1,0,0.0,0,1.0,0.0,0,0,0,0,0,0,0,0,0,0,0,0,0,0,0,0,0,0,0,0,0,1,0,0,0,0,0,0,0,0,0,0,0,0,0,0,0,0,0,0,0,0,0,0,0,0,0,0,0,0,0,0,0,0,0,0,0,0,0,0,0,0,0,0,0,0,0,0,0,0,217,23,0.09,0.0,0.0,0,0,0
120,0.06,0,255,0.06,0.0,0.0,0.05,1.0,13,0.0,0.0,1.0,0,0,0,0,0,0,1,0,0,0,0,0,0,0,0,neptune,0,0,0,0,0,0,0,0,0,0,1,0,0.0,0,0.12,1.0,0,0,0,0,0,0,0,0,0,0,0,0,0,0,0,0,0,0,0,0,0,0,0,0,0,0,0,0,0,0,0,0,0,0,0,0,0,0,0,0,0,0,0,0,0,0,0,1,0,0,0,0,0,0,0,0,0,0,0,0,0,0,0,0,0,0,0,0,0,0,0,14,0.0,0.0,1.0,0,0,0
3,0.0,8314,74,0.0,0.01,0.01,1.0,0.01,74,0.0,0.01,0.01,0,0,0,0,0,0,0,0,0,0,1,0,2,0,0,back,0,1,0,1,0,0,0,0,0,0,1,0,0.0,0,1.0,0.0,0,0,0,0,0,0,0,0,0,0,0,0,0,0,0,0,0,0,0,0,0,1,0,0,0,0,0,0,0,0,0,0,0,0,0,0,0,0,0,0,0,0,0,0,0,0,0,0,0,0,0,0,0,0,0,0,0,0,0,0,0,0,0,0,0,0,0,0,0,0,54540,3,0.0,0.0,0.0,0,0,0
8,0.0,863,255,0.0,0.0,0.0,1.0,0.0,255,0.0,0.0,0.0,0,0,0,0,0,0,0,0,0,0,1,0,0,0,0,normal,0,1,0,0,0,0,0,0,0,0,1,0,0.0,0,1.0,0.0,0,0,0,0,0,0,0,0,0,0,0,0,0,0,0,0,0,0,0,0,0,1,0,0,0,0,0,0,0,0,0,0,0,0,0,0,0,0,0,0,0,0,0,0,0,0,0,0,0,0,0,0,0,0,0,0,0,0,0,0,0,0,0,0,0,0,0,0,0,0,311,15,0.2,0.0,0.0,0,0,0
419,1.0,0,255,1.0,0.91,0.0,0.0,0.09,1,0.0,1.0,0.0,0,0,1,0,0,0,0,0,0,0,0,0,0,0,0,satan,0,0,0,0,0,0,0,0,0,0,1,0,0.93,0,0.0,0.05,0,0,0,0,0,0,0,0,0,0,0,0,0,0,0,0,0,0,0,0,0,0,0,0,0,0,0,0,0,0,0,0,0,0,0,0,0,0,0,0,0,0,0,0,0,0,0,1,0,0,0,0,0,0,0,0,0,0,0,0,0,0,0,0,0,0,0,0,0,0,0,1,0.0,1.0,0.0,0,0,0
2,1.0,147,255,0.09,0.01,0.0,0.0,0.87,1,0.0,0.0,0.0,0,0,0,0,0,0,0,0,0,0,1,0,0,0,0,normal,0,0,0,0,0,0,0,0,0,0,1,0,0.5,0,0.5,0.0,0,0,0,0,0,0,0,0,0,0,0,0,0,0,0,1,0,0,0,0,0,0,0,0,0,0,0,0,0,0,0,0,0,0,0,0,0,0,0,0,0,0,0,0,0,0,0,0,0,0,0,0,0,0,0,0,0,0,0,0,0,0,0,0,0,0,0,0,0,0,10,1,0.0,0.0,0.0,0,0,0
1,0.0,93,255,0.02,0.06,0.0,0.87,0.0,223,0.0,0.0,0.0,4,0,0,0,0,0,0,0,0,0,1,0,0,0,0,guess_passwd,0,1,0,0,0,0,0,0,0,0,1,0,0.0,0,1.0,0.0,0,0,0,0,0,0,0,0,0,0,0,0,0,0,0,0,0,0,0,0,0,0,0,0,0,0,0,0,0,0,0,0,0,0,0,0,0,0,0,0,0,0,0,0,0,1,0,0,0,0,0,0,0,0,0,0,0,0,0,0,0,0,0,0,0,0,0,0,0,0,28,1,0.0,0.0,0.0,0,0,0
8,0.0,766,79,0.0,0.0,0.01,1.0,0.0,253,0.05,0.0,0.0,0,0,0,0,0,0,0,0,0,0,1,0,0,0,0,normal,0,1,0,0,0,0,0,0,0,0,1,0,0.0,0,1.0,0.0,0,0,0,0,0,0,0,0,0,0,0,0,0,0,0,0,0,0,0,0,0,1,0,0,0,0,0,0,0,0,0,0,0,0,0,0,0,0,0,0,0,0,0,0,0,0,0,0,0,0,0,0,0,0,0,0,0,0,0,0,0,0,0,0,0,0,0,0,0,0,347,9,0.22,0.0,0.0,0,0,0
2,0.0,0,169,0.02,0.0,0.5,0.5,0.0,84,0.0,0.0,0.0,2,0,0,0,0,0,0,0,0,0,1,0,0,0,0,normal,0,1,0,0,0,0,0,0,0,0,1,0,0.0,0,1.0,0.0,0,0,0,0,0,0,0,0,0,0,0,0,0,0,0,0,0,1,0,0,0,0,0,0,0,0,0,0,0,0,0,0,0,0,0,0,0,0,0,0,0,0,0,0,0,0,0,0,0,0,0,0,0,0,0,0,0,0,0,0,0,0,0,0,0,0,0,0,0,0,2194619,2,0.0,0.0,0.0,0,0,0
1,0.0,130,86,0.08,0.0,0.01,0.02,0.0,5,0.4,0.0,0.0,5,0,0,0,0,0,0,0,0,0,1,0,0,0,0,normal,0,1,0,0,0,0,0,0,0,0,1,0,0.0,0,1.0,0.0,0,0,0,0,0,0,0,0,0,0,0,0,0,0,0,0,0,0,0,0,0,0,0,0,0,0,0,0,0,0,0,0,0,0,0,0,0,0,0,0,0,0,0,0,0,1,0,0,0,0,0,0,0,0,0,0,0,0,0,0,0,0,0,0,0,0,0,0,0,0,35,1,0.0,0.0,0.0,0,0,0
5,0.0,3597,153,0.0,0.0,0.01,1.0,0.0,255,0.02,0.0,0.0,0,0,0,0,0,0,0,0,0,0,1,0,0,0,0,normal,0,1,0,0,0,0,0,0,0,0,1,0,0.0,0,1.0,0.0,0,0,0,0,0,0,0,0,0,0,0,0,0,0,0,0,0,0,0,0,0,1,0,0,0,0,0,0,0,0,0,0,0,0,0,0,0,0,0,0,0,0,0,0,0,0,0,0,0,0,0,0,0,0,0,0,0,0,0,0,0,0,0,0,0,0,0,0,0,0,227,5,0.0,0.0,0.0,0,0,0
14,0.0,2097,14,0.0,0.0,0.07,1.0,0.0,255,0.01,0.0,0.0,0,0,0,0,0,0,0,0,0,0,1,0,0,0,0,normal,0,1,0,0,0,0,0,0,0,0,1,0,0.0,0,1.0,0.0,0,0,0,0,0,0,0,0,0,0,0,0,0,0,0,0,0,0,0,0,0,1,0,0,0,0,0,0,0,0,0,0,0,0,0,0,0,0,0,0,0,0,0,0,0,0,0,0,0,0,0,0,0,0,0,0,0,0,0,0,0,0,0,0,0,0,0,0,0,0,319,14,0.0,0.0,0.0,0,0,0
7,0.0,1075,255,0.01,0.0,0.0,0.91,0.0,232,0.0,0.0,0.0,0,0,0,0,0,0,0,0,0,0,1,0,0,0,0,normal,0,1,0,0,0,0,0,0,0,0,1,0,0.0,0,1.0,0.0,0,0,0,0,0,0,0,0,0,0,0,0,0,0,0,0,0,0,0,0,0,1,0,0,0,0,0,0,0,0,0,0,0,0,0,0,0,0,0,0,0,0,0,0,0,0,0,0,0,0,0,0,0,0,0,0,0,0,0,0,0,0,0,0,0,0,0,0,0,0,302,7,0.0,0.0,0.0,0,0,0
192,0.06,0,255,0.07,0.0,0.0,0.02,1.0,6,0.0,0.0,1.0,0,0,0,0,0,0,1,0,0,0,0,0,0,0,0,neptune,0,0,0,0,0,0,0,0,0,0,1,0,0.0,0,0.02,1.0,0,0,0,0,0,0,0,0,0,0,0,0,0,0,0,0,0,0,0,0,0,0,0,0,0,0,0,0,0,0,0,0,0,0,0,0,0,0,0,0,0,0,0,0,0,0,0,1,0,0,0,0,0,0,0,0,0,0,0,0,0,0,0,0,0,0,0,0,0,0,0,3,0.0,0.0,1.0,0,0,0
128,0.07,0,53,0.11,1.0,0.02,0.36,0.0,19,0.0,1.0,0.0,0,0,1,0,0,0,0,0,0,0,0,0,0,0,0,neptune,0,0,0,0,0,0,0,0,0,0,1,0,1.0,0,0.15,0.0,0,0,0,0,0,0,0,0,0,0,0,0,0,0,0,0,0,0,0,0,0,0,0,0,0,0,0,0,0,0,0,0,0,0,0,0,0,0,0,0,0,0,0,0,0,0,0,1,0,0,0,0,0,0,0,0,0,0,0,0,0,0,0,0,0,0,0,0,0,0,0,19,0.0,1.0,0.0,0,0,0
1,0.0,145,9,0.0,0.0,0.11,1.0,0.0,9,0.0,0.0,0.0,0,0,0,0,0,0,0,0,0,0,1,0,0,0,0,normal,0,0,0,0,0,0,0,0,0,0,0,1,0.0,0,1.0,0.0,0,0,0,0,0,0,0,0,0,0,0,0,0,0,0,0,0,0,0,0,0,0,0,0,0,0,0,0,0,0,0,0,0,0,0,0,0,0,0,0,0,0,0,0,0,0,0,1,0,0,0,0,0,0,0,0,0,0,0,0,0,0,0,0,0,0,0,0,0,0,105,1,0.0,0.0,0.0,0,0,0
3,0.0,8314,54,0.0,0.02,0.02,1.0,0.0,54,0.0,0.02,0.0,0,0,0,0,0,0,0,0,0,0,1,0,2,0,0,back,0,1,0,1,0,0,0,0,0,0,1,0,0.0,0,1.0,0.0,0,0,0,0,0,0,0,0,0,0,0,0,0,0,0,0,0,0,0,0,0,1,0,0,0,0,0,0,0,0,0,0,0,0,0,0,0,0,0,0,0,0,0,0,0,0,0,0,0,0,0,0,0,0,0,0,0,0,0,0,0,0,0,0,0,0,0,0,0,0,54540,3,0.0,0.0,0.0,0,0,0
1,0.0,0,4,0.0,0.0,1.0,1.0,0.0,220,0.25,0.0,0.0,0,0,0,0,0,0,0,0,0,0,1,0,0,0,0,nmap,0,0,0,0,0,0,0,0,0,1,0,0,0.0,0,1.0,0.0,0,0,0,0,0,0,0,0,0,0,0,1,0,0,0,0,0,0,0,0,0,0,0,0,0,0,0,0,0,0,0,0,0,0,0,0,0,0,0,0,0,0,0,0,0,0,0,0,0,0,0,0,0,0,0,0,0,0,0,0,0,0,0,0,0,0,0,0,0,0,8,42,1.0,0.0,0.0,0,0,0
5,0.0,788,255,0.0,0.0,0.0,1.0,0.0,255,0.0,0.0,0.0,0,0,0,0,0,0,0,0,0,0,1,0,0,0,0,normal,0,1,0,0,0,0,0,0,0,0,1,0,0.0,0,1.0,0.0,0,0,0,0,0,0,0,0,0,0,0,0,0,0,0,0,0,0,0,0,0,1,0,0,0,0,0,0,0,0,0,0,0,0,0,0,0,0,0,0,0,0,0,0,0,0,0,0,0,0,0,0,0,0,0,0,0,0,0,0,0,0,0,0,0,0,0,0,0,0,327,5,0.0,0.0,0.0,0,0,0
23,0.26,0,255,0.09,0.0,0.0,0.06,1.0,16,0.0,0.0,1.0,0,0,0,0,0,0,1,0,0,0,0,0,0,0,0,neptune,0,0,0,0,0,0,0,0,0,0,1,0,0.0,0,0.13,1.0,0,0,0,0,0,0,0,0,0,0,0,0,0,0,0,0,0,0,0,0,0,0,0,0,0,0,0,0,0,0,0,0,0,0,0,0,0,0,0,0,0,0,0,0,0,0,0,1,0,0,0,0,0,0,0,0,0,0,0,0,0,0,0,0,0,0,0,0,0,0,0,3,0.0,0.0,1.0,0,0,0
2,0.0,0,214,0.04,0.0,0.01,0.01,0.0,2,0.0,0.0,0.0,0,0,0,0,0,0,0,0,0,0,1,0,0,0,0,ipsweep,0,0,0,0,0,0,0,0,0,1,0,0,0.0,0,1.0,0.0,0,0,0,0,0,0,0,0,0,0,0,0,1,0,0,0,0,0,0,0,0,0,0,0,0,0,0,0,0,0,0,0,0,0,0,0,0,0,0,0,0,0,0,0,0,0,0,0,0,0,0,0,0,0,0,0,0,0,0,0,0,0,0,0,0,0,0,0,0,0,8,2,0.0,0.0,0.0,0,0,0
51,0.08,0,255,0.02,0.0,0.01,0.28,1.0,71,0.0,0.0,1.0,0,0,0,0,0,0,1,0,0,0,0,0,0,0,0,neptune,0,0,0,0,0,0,0,0,0,0,1,0,0.0,0,0.25,1.0,0,0,0,0,0,0,0,0,0,0,0,0,0,0,0,0,0,0,0,0,0,0,0,0,0,0,0,0,0,0,0,0,0,0,0,0,0,0,0,0,0,0,0,0,0,0,0,0,0,0,0,0,0,0,0,0,0,0,1,0,0,0,0,0,0,0,0,0,0,0,0,13,0.0,0.0,1.0,0,0,0
11,0.0,0,53,0.11,0.0,0.32,0.32,0.02,69,0.03,0.0,0.0,0,0,0,0,0,0,0,0,0,0,1,0,0,0,0,normal,0,0,0,0,0,0,0,0,0,0,1,0,0.0,0,1.0,0.0,0,0,0,0,0,0,0,0,0,0,0,0,0,0,0,0,0,1,0,0,0,0,0,0,0,0,0,0,0,0,0,0,0,0,0,0,0,0,0,0,0,0,0,0,0,0,0,0,0,0,0,0,0,0,0,0,0,0,0,0,0,0,0,0,0,0,0,0,0,0,1874,11,0.0,0.0,0.0,0,0,0
44,0.09,0,255,0.04,0.0,0.01,0.22,1.0,55,0.0,0.0,1.0,0,0,0,0,0,0,1,0,0,0,0,0,0,0,0,neptune,0,0,0,0,0,0,0,0,0,0,1,0,0.0,0,0.23,1.0,0,0,0,0,0,0,0,0,0,0,0,0,0,0,0,1,0,0,0,0,0,0,0,0,0,0,0,0,0,0,0,0,0,0,0,0,0,0,0,0,0,0,0,0,0,0,0,0,0,0,0,0,0,0,0,0,0,0,0,0,0,0,0,0,0,0,0,0,0,0,0,10,0.0,0.0,1.0,0,0,0
258,0.07,0,255,0.07,1.0,0.0,0.07,0.0,17,0.0,1.0,0.0,0,0,1,0,0,0,0,0,0,0,0,0,0,0,0,neptune,0,0,0,0,0,0,0,0,0,0,1,0,1.0,0,0.07,0.0,0,0,0,0,0,0,0,0,1,0,0,0,0,0,0,0,0,0,0,0,0,0,0,0,0,0,0,0,0,0,0,0,0,0,0,0,0,0,0,0,0,0,0,0,0,0,0,0,0,0,0,0,0,0,0,0,0,0,0,0,0,0,0,0,0,0,0,0,0,0,0,17,0.0,1.0,0.0,0,0,0
1,0.0,25322,23,0.13,0.0,0.04,0.04,0.0,4,0.5,0.0,0.25,65,0,0,0,0,0,0,0,0,0,1,0,0,0,0,normal,0,1,0,0,0,0,0,0,0,0,1,0,0.0,0,1.0,0.0,0,0,0,0,0,0,0,0,0,0,0,0,0,0,0,0,0,0,0,0,0,0,0,0,0,0,0,0,0,0,0,0,0,0,0,0,0,0,0,0,0,0,0,0,0,0,0,0,0,0,0,0,0,0,0,0,0,0,1,0,0,0,0,0,0,0,0,0,0,0,189,1,0.0,0.0,0.0,0,0,0
2,0.0,261,255,0.0,0.0,0.01,1.0,0.0,255,0.0,0.0,0.0,0,0,0,0,0,0,0,0,0,0,1,0,0,0,0,normal,0,1,0,0,0,0,0,0,0,0,1,0,0.0,0,1.0,0.5,0,0,0,0,0,0,0,0,0,0,0,0,0,0,0,0,0,0,0,0,0,1,0,0,0,0,0,0,0,0,0,0,0,0,0,0,0,0,0,0,0,0,0,0,0,0,0,0,0,0,0,0,0,0,0,0,0,0,0,0,0,0,0,0,0,0,0,0,0,0,243,3,0.67,0.0,0.33,0,0,0
119,0.0,81,255,0.01,0.0,0.01,1.0,0.0,254,0.0,0.0,0.0,0,0,0,0,0,0,0,0,0,0,1,0,0,0,0,normal,0,0,0,0,0,0,0,0,0,0,0,1,0.0,0,1.0,0.0,0,0,0,0,0,0,0,0,0,1,0,0,0,0,0,0,0,0,0,0,0,0,0,0,0,0,0,0,0,0,0,0,0,0,0,0,0,0,0,0,0,0,0,0,0,0,0,0,0,0,0,0,0,0,0,0,0,0,0,0,0,0,0,0,0,0,0,0,0,0,44,119,0.0,0.0,0.0,0,0,0
439,0.0,0,184,0.0,0.0,1.0,1.0,0.0,184,0.0,0.0,0.0,0,0,0,0,0,0,0,0,0,0,1,0,0,0,0,smurf,0,0,0,0,0,0,0,0,0,1,0,0,0.0,0,1.0,0.0,0,0,0,0,0,0,0,0,0,0,0,0,1,0,0,0,0,0,0,0,0,0,0,0,0,0,0,0,0,0,0,0,0,0,0,0,0,0,0,0,0,0,0,0,0,0,0,0,0,0,0,0,0,0,0,0,0,0,0,0,0,0,0,0,0,0,0,0,0,0,520,439,0.0,0.0,0.0,0,0,0
280,0.0,74,255,0.01,0.0,0.0,0.96,0.0,244,0.0,0.0,0.0,0,0,0,0,0,0,0,0,0,0,1,0,0,0,0,normal,0,0,0,0,0,0,0,0,0,0,0,1,0.0,0,1.0,0.0,0,0,0,0,0,0,0,0,0,1,0,0,0,0,0,0,0,0,0,0,0,0,0,0,0,0,0,0,0,0,0,0,0,0,0,0,0,0,0,0,0,0,0,0,0,0,0,0,0,0,0,0,0,0,0,0,0,0,0,0,0,0,0,0,0,0,0,0,0,0,45,280,0.0,0.0,0.0,0,0,0
26,0.08,0,255,0.07,0.0,0.02,0.02,1.0,6,0.0,0.0,1.0,0,0,0,0,0,0,1,0,0,0,0,0,0,0,0,neptune,0,0,0,0,0,0,0,0,0,0,1,0,0.0,0,0.23,1.0,0,0,0,0,0,0,0,0,0,0,0,0,0,0,0,1,0,0,0,0,0,0,0,0,0,0,0,0,0,0,0,0,0,0,0,0,0,0,0,0,0,0,0,0,0,0,0,0,0,0,0,0,0,0,0,0,0,0,0,0,0,0,0,0,0,0,0,0,0,0,0,6,0.0,0.0,1.0,0,0,0
142,0.06,0,255,0.07,0.0,0.0,0.04,1.0,9,0.0,0.0,1.0,0,0,0,0,0,0,1,0,0,0,0,0,0,0,0,neptune,0,0,0,0,0,0,0,0,0,0,1,0,0.0,0,0.09,1.0,0,0,0,0,0,0,0,0,0,0,0,0,0,0,0,0,0,0,0,0,0,0,0,0,0,0,0,0,0,0,0,0,0,0,0,0,0,0,0,0,0,0,0,0,0,0,0,1,0,0,0,0,0,0,0,0,0,0,0,0,0,0,0,0,0,0,0,0,0,0,0,13,0.0,0.0,1.0,0,0,0
7,0.0,1335,77,0.0,0.17,0.01,1.0,0.0,250,0.1,0.34,0.0,1,0,0,0,0,0,0,0,0,0,1,0,0,0,0,normal,0,1,0,0,0,0,0,0,0,0,1,0,0.0,0,1.0,0.0,0,0,0,0,0,0,0,0,0,0,0,0,0,0,0,0,0,0,0,0,0,1,0,0,0,0,0,0,0,0,0,0,0,0,0,0,0,0,0,0,0,0,0,0,0,0,0,0,0,0,0,0,0,0,0,0,0,0,0,0,0,0,0,0,0,0,0,0,0,0,275,8,0.25,0.0,0.0,0,0,0
20,0.0,1560,192,0.0,0.0,0.01,1.0,0.0,255,0.02,0.0,0.0,0,0,0,0,0,0,0,0,0,0,1,0,0,0,0,normal,0,1,0,0,0,0,0,0,0,0,1,0,0.0,0,1.0,0.0,0,0,0,0,0,0,0,0,0,0,0,0,0,0,0,0,0,0,0,0,0,1,0,0,0,0,0,0,0,0,0,0,0,0,0,0,0,0,0,0,0,0,0,0,0,0,0,0,0,0,0,0,0,0,0,0,0,0,0,0,0,0,0,0,0,0,0,0,0,0,295,20,0.0,0.0,0.0,0,0,0
1,0.0,287,71,0.06,0.0,0.01,0.83,0.01,166,0.01,0.0,0.01,0,0,0,0,0,0,0,0,0,0,1,0,0,0,0,normal,0,1,0,0,0,0,0,0,0,0,1,0,0.0,0,1.0,0.0,0,0,0,0,0,0,0,0,0,0,0,0,0,0,0,0,0,0,0,0,0,0,0,0,0,0,0,0,0,0,0,0,0,0,0,0,0,0,0,0,0,0,0,0,0,0,0,0,0,0,0,0,1,0,0,0,0,0,0,0,0,0,0,0,0,0,0,0,0,0,1214,1,0.0,0.0,0.0,0,0,0
95,0.06,0,255,0.06,0.0,0.0,0.07,1.0,19,0.0,0.0,1.0,0,0,0,0,0,0,1,0,0,0,0,0,0,0,0,neptune,0,0,0,0,0,0,0,0,0,0,1,0,0.0,0,0.02,1.0,0,0,0,0,0,0,0,0,0,0,0,0,0,0,0,0,0,0,0,0,0,0,0,0,0,0,0,0,0,0,0,0,0,0,0,0,0,0,0,0,0,0,0,0,0,0,0,1,0,0,0,0,0,0,0,0,0,0,0,0,0,0,0,0,0,0,0,0,0,0,0,2,0.0,0.0,1.0,0,0,0
1,0.0,0,1,0.0,0.0,1.0,1.0,0.0,105,1.0,0.0,0.0,0,0,0,0,0,0,0,0,0,0,1,0,0,0,0,ipsweep,0,0,0,0,0,0,0,0,0,1,0,0,0.0,0,1.0,0.0,0,0,0,0,0,0,0,0,0,0,0,1,0,0,0,0,0,0,0,0,0,0,0,0,0,0,0,0,0,0,0,0,0,0,0,0,0,0,0,0,0,0,0,0,0,0,0,0,0,0,0,0,0,0,0,0,0,0,0,0,0,0,0,0,0,0,0,0,0,0,18,1,0.0,0.0,0.0,0,0,0
177,0.0,44,255,0.01,0.0,0.29,0.95,0.0,241,0.0,0.0,0.0,0,0,0,0,0,0,0,0,0,0,1,0,0,0,0,normal,0,0,0,0,0,0,0,0,0,0,0,1,0.0,0,1.0,0.0,0,0,0,0,0,0,0,0,0,1,0,0,0,0,0,0,0,0,0,0,0,0,0,0,0,0,0,0,0,0,0,0,0,0,0,0,0,0,0,0,0,0,0,0,0,0,0,0,0,0,0,0,0,0,0,0,0,0,0,0,0,0,0,0,0,0,0,0,0,0,77,177,0.0,0.0,0.0,0,0,0
3,0.0,320,55,0.0,0.0,0.02,1.0,0.02,255,0.05,0.0,0.0,0,0,0,0,0,0,0,0,0,0,1,0,0,0,0,normal,0,1,0,0,0,0,0,0,0,0,1,0,0.0,0,1.0,0.0,0,0,0,0,0,0,0,0,0,0,0,0,0,0,0,0,0,0,0,0,0,1,0,0,0,0,0,0,0,0,0,0,0,0,0,0,0,0,0,0,0,0,0,0,0,0,0,0,0,0,0,0,0,0,0,0,0,0,0,0,0,0,0,0,0,0,0,0,0,0,291,3,0.0,0.0,0.0,0,0,0
137,0.06,0,140,0.06,0.0,0.01,0.06,1.0,8,0.0,0.0,1.0,0,0,0,0,0,0,1,0,0,0,0,0,0,0,0,neptune,0,0,0,0,0,0,0,0,0,0,1,0,0.0,0,0.06,1.0,0,0,0,0,0,0,0,0,0,0,0,0,0,0,0,0,0,0,0,0,0,0,0,0,0,0,0,0,0,0,0,0,0,0,0,0,0,0,0,0,0,0,0,0,0,0,0,1,0,0,0,0,0,0,0,0,0,0,0,0,0,0,0,0,0,0,0,0,0,0,0,8,0.0,0.0,1.0,0,0,0
1,0.0,283,197,0.05,0.0,0.01,0.72,0.01,168,0.01,0.0,0.01,0,0,0,0,0,0,0,0,0,0,1,0,0,0,0,normal,0,1,0,0,0,0,0,0,0,0,1,0,0.0,0,1.0,0.0,0,0,0,0,0,0,0,0,0,0,0,0,0,0,0,0,0,0,0,0,0,0,0,0,0,0,0,0,0,0,0,0,0,0,0,0,0,0,0,0,0,0,0,0,0,0,0,0,0,0,0,0,1,0,0,0,0,0,0,0,0,0,0,0,0,0,0,0,0,0,547,2,1.0,0.0,0.0,0,0,0
202,0.01,134,91,0.02,0.0,0.01,0.64,0.0,58,0.0,0.0,0.0,0,0,0,0,0,0,0,0,0,0,1,0,0,0,0,normal,0,0,0,0,0,0,0,0,0,0,0,1,0.0,0,1.0,0.0,0,0,0,0,0,0,0,0,0,1,0,0,0,0,0,0,0,0,0,0,0,0,0,0,0,0,0,0,0,0,0,0,0,0,0,0,0,0,0,0,0,0,0,0,0,0,0,0,0,0,0,0,0,0,0,0,0,0,0,0,0,0,0,0,0,0,0,0,0,0,44,201,0.0,0.0,0.0,0,0,0
1,0.0,27740,255,0.0,0.0,0.0,1.0,0.0,255,0.0,0.0,0.0,0,0,0,0,0,0,0,1,0,0,0,0,0,0,0,normal,0,1,0,0,0,0,0,0,0,0,1,0,0.0,0,1.0,1.0,0,0,0,0,0,0,0,0,0,0,0,0,0,0,0,0,0,0,0,0,0,1,0,0,0,0,0,0,0,0,0,0,0,0,0,0,0,0,0,0,0,0,0,0,0,0,0,0,0,0,0,0,0,0,0,0,0,0,0,0,0,0,0,0,0,0,0,0,0,0,167,52,0.1,0.0,0.02,0,0,0
37,0.11,0,255,0.04,0.0,0.0,0.25,1.0,65,0.0,0.0,1.0,0,0,0,0,0,0,1,0,0,0,0,0,0,0,0,neptune,0,0,0,0,0,0,0,0,0,0,1,0,0.0,0,0.41,1.0,0,0,0,0,0,0,0,0,0,0,0,0,0,0,0,0,0,0,0,0,0,1,0,0,0,0,0,0,0,0,0,0,0,0,0,0,0,0,0,0,0,0,0,0,0,0,0,0,0,0,0,0,0,0,0,0,0,0,0,0,0,0,0,0,0,0,0,0,0,0,0,15,0.0,0.0,1.0,0,0,0
38,0.08,0,255,0.06,1.0,0.0,0.07,0.0,18,0.0,1.0,0.0,0,0,1,0,0,0,0,0,0,0,0,0,0,0,0,neptune,0,0,0,0,0,0,0,0,0,0,1,0,1.0,0,0.47,0.0,0,0,0,0,0,0,0,0,0,0,0,0,0,0,0,0,0,0,0,0,0,0,0,0,0,0,0,0,0,0,0,0,0,0,0,0,0,0,0,0,0,0,0,0,0,0,0,1,0,0,0,0,0,0,0,0,0,0,0,0,0,0,0,0,0,0,0,0,0,0,0,18,0.0,1.0,0.0,0,0,0
70,0.06,0,255,0.02,0.0,0.01,0.22,1.0,57,0.0,0.0,1.0,0,0,0,0,0,0,1,0,0,0,0,0,0,0,0,neptune,0,0,0,0,0,0,0,0,0,0,1,0,0.0,0,0.21,1.0,0,0,0,0,0,0,0,0,0,0,0,0,0,0,0,0,0,0,0,0,0,0,0,0,0,0,0,0,0,0,0,0,0,0,0,0,0,0,0,0,0,0,0,0,0,0,0,0,0,0,0,0,0,0,0,0,0,0,1,0,0,0,0,0,0,0,0,0,0,0,0,15,0.0,0.0,1.0,0,0,0
298,0.06,0,255,0.06,0.99,0.0,0.02,0.0,6,0.0,1.0,0.0,0,0,1,0,0,0,0,0,0,0,0,0,0,0,0,neptune,0,0,0,0,0,0,0,0,0,0,1,0,1.0,0,0.02,0.0,0,0,0,0,0,0,0,0,0,0,0,0,0,0,0,0,0,0,0,0,0,0,0,0,0,0,0,0,0,0,0,0,0,0,0,0,0,0,0,0,0,0,0,0,0,0,0,1,0,0,0,0,0,0,0,0,0,0,0,0,0,0,0,0,0,0,0,0,0,0,0,6,0.0,1.0,0.0,0,0,0
511,0.0,0,255,0.05,0.0,0.92,0.92,0.0,234,0.0,0.0,0.0,0,0,0,0,0,0,0,0,0,0,1,0,0,0,0,smurf,0,0,0,0,0,0,0,0,0,1,0,0,0.0,0,1.0,0.0,0,0,0,0,0,0,0,0,0,0,0,0,1,0,0,0,0,0,0,0,0,0,0,0,0,0,0,0,0,0,0,0,0,0,0,0,0,0,0,0,0,0,0,0,0,0,0,0,0,0,0,0,0,0,0,0,0,0,0,0,0,0,0,0,0,0,0,0,0,0,1032,511,0.0,0.0,0.0,0,0,0
211,0.07,0,255,0.07,0.0,0.0,0.07,1.0,17,0.0,0.0,1.0,0,0,0,0,0,0,1,0,0,0,0,0,0,0,0,neptune,0,0,0,0,0,0,0,0,0,0,1,0,0.0,0,0.03,1.0,0,0,0,0,0,0,0,0,0,0,0,0,0,0,0,0,0,0,0,0,0,0,0,0,0,0,0,0,0,0,0,0,0,0,0,0,0,0,0,0,0,0,0,0,0,0,0,1,0,0,0,0,0,0,0,0,0,0,0,0,0,0,0,0,0,0,0,0,0,0,0,7,0.0,0.0,1.0,0,0,0
1,0.0,1390,95,0.03,0.0,0.01,0.75,0.0,117,0.02,0.0,0.0,26,0,0,0,0,0,0,0,0,0,1,0,0,0,0,normal,0,1,0,0,0,0,0,0,0,0,1,0,0.0,0,1.0,0.0,0,0,0,0,0,0,0,0,0,0,0,0,0,0,0,0,0,0,0,0,0,0,0,0,0,0,0,0,0,0,0,0,0,0,0,0,0,0,0,0,0,0,0,0,0,0,0,0,0,0,0,0,1,0,0,0,0,0,0,0,0,0,0,0,0,0,0,0,0,0,11412,1,0.0,0.0,0.0,0,0,0
224,0.06,0,255,0.08,0.0,0.0,0.04,1.0,9,0.0,0.0,1.0,0,0,0,0,0,0,1,0,0,0,0,0,0,0,0,neptune,0,0,0,0,0,0,0,0,0,0,1,0,0.0,0,0.01,1.0,0,0,0,0,0,0,0,0,0,0,0,0,0,0,0,0,0,0,0,0,0,0,0,0,0,0,0,0,0,0,0,0,0,0,0,0,0,0,0,0,0,0,0,0,0,0,0,1,0,0,0,0,0,0,0,0,0,0,0,0,0,0,0,0,0,0,0,0,0,0,0,2,0.0,0.0,1.0,0,0,0
30,0.0,43,255,0.0,0.0,0.14,1.0,0.0,255,0.0,0.0,0.0,0,0,0,0,0,0,0,0,0,0,1,0,0,0,0,normal,0,0,0,0,0,0,0,0,0,0,0,1,0.0,0,1.0,0.0,0,0,0,0,0,0,0,0,0,0,0,0,0,0,0,0,0,0,0,0,0,0,0,0,0,0,0,0,0,0,0,0,0,0,0,0,0,0,0,0,0,0,0,0,0,0,0,1,0,0,0,0,0,0,0,0,0,0,0,0,0,0,0,0,0,0,0,0,0,0,46,30,0.0,0.0,0.0,0,0,0
16,0.0,1688,16,0.0,0.0,0.06,1.0,0.0,255,0.03,0.0,0.0,0,0,0,0,0,0,0,0,0,0,1,0,0,0,0,normal,0,1,0,0,0,0,0,0,0,0,1,0,0.0,0,1.0,0.0,0,0,0,0,0,0,0,0,0,0,0,0,0,0,0,0,0,0,0,0,0,1,0,0,0,0,0,0,0,0,0,0,0,0,0,0,0,0,0,0,0,0,0,0,0,0,0,0,0,0,0,0,0,0,0,0,0,0,0,0,0,0,0,0,0,0,0,0,0,0,303,17,0.12,0.0,0.0,0,0,0
42,0.0,495,255,0.0,0.0,0.0,1.0,0.0,255,0.0,0.0,0.0,0,0,0,0,0,0,0,0,0,0,1,0,0,0,0,normal,0,1,0,0,0,0,0,0,0,0,1,0,0.0,0,1.0,0.0,0,0,0,0,0,0,0,0,0,0,0,0,0,0,0,0,0,0,0,0,0,1,0,0,0,0,0,0,0,0,0,0,0,0,0,0,0,0,0,0,0,0,0,0,0,0,0,0,0,0,0,0,0,0,0,0,0,0,0,0,0,0,0,0,0,0,0,0,0,0,294,42,0.0,0.0,0.0,0,0,0
45,0.13,0,255,0.08,0.0,0.0,0.07,1.0,17,0.0,0.0,1.0,0,0,0,0,0,0,1,0,0,0,0,0,0,0,0,neptune,0,0,0,0,0,0,0,0,0,0,1,0,0.0,0,0.09,1.0,0,0,0,0,0,0,0,0,0,0,0,0,0,0,0,0,0,0,0,0,0,0,0,0,0,0,0,0,0,0,0,0,0,0,0,0,0,0,0,0,0,0,0,0,0,0,0,1,0,0,0,0,0,0,0,0,0,0,0,0,0,0,0,0,0,0,0,0,0,0,0,4,0.0,0.0,1.0,0,0,0
131,0.06,0,255,0.06,0.0,0.0,0.05,1.0,14,0.0,0.0,1.0,0,0,0,0,0,0,1,0,0,0,0,0,0,0,0,neptune,0,0,0,0,0,0,0,0,0,0,1,0,0.0,0,0.11,1.0,0,0,0,0,0,0,0,0,0,0,0,0,0,0,0,0,0,0,0,0,0,0,0,0,0,0,0,0,0,0,0,0,0,0,0,0,0,0,0,0,0,0,0,0,0,0,0,1,0,0,0,0,0,0,0,0,0,0,0,0,0,0,0,0,0,0,0,0,0,0,0,14,0.0,0.0,1.0,0,0,0
6,0.0,359,6,0.0,0.0,0.17,1.0,0.0,255,0.02,0.0,0.0,0,0,0,0,0,0,0,0,0,0,1,0,0,0,0,normal,0,1,0,0,0,0,0,0,0,0,1,0,0.0,0,1.0,0.0,0,0,0,0,0,0,0,0,0,0,0,0,0,0,0,0,0,0,0,0,0,1,0,0,0,0,0,0,0,0,0,0,0,0,0,0,0,0,0,0,0,0,0,0,0,0,0,0,0,0,0,0,0,0,0,0,0,0,0,0,0,0,0,0,0,0,0,0,0,0,291,6,0.0,0.0,0.0,0,0,0
169,0.09,0,255,0.1,0.0,0.0,0.05,1.0,12,0.0,0.0,1.0,0,0,0,0,0,0,1,0,0,0,0,0,0,0,0,neptune,0,0,0,0,0,0,0,0,0,0,1,0,0.0,0,0.07,1.0,0,0,0,0,0,0,0,0,0,0,0,0,0,0,0,0,0,0,0,0,0,0,0,0,0,0,0,0,0,0,0,0,0,0,0,0,0,0,0,0,0,0,0,0,0,0,0,1,0,0,0,0,0,0,0,0,0,0,0,0,0,0,0,0,0,0,0,0,0,0,0,12,0.0,0.0,1.0,0,0,0
2,0.0,0,91,0.0,0.0,0.02,1.0,0.01,255,0.02,0.0,0.0,0,0,0,0,0,0,1,0,0,0,0,0,0,0,0,normal,0,0,0,0,0,0,0,0,0,0,1,0,0.0,0,1.0,0.5,0,0,0,0,0,0,0,0,0,0,0,0,0,0,0,0,0,0,0,0,0,1,0,0,0,0,0,0,0,0,0,0,0,0,0,0,0,0,0,0,0,0,0,0,0,0,0,0,0,0,0,0,0,0,0,0,0,0,0,0,0,0,0,0,0,0,0,0,0,0,0,2,0.0,0.0,0.5,0,0,0
1,0.0,2414,84,0.06,0.0,0.01,0.02,0.0,3,0.67,0.0,0.0,0,0,0,0,0,0,0,0,0,0,1,0,0,0,0,normal,0,1,0,0,0,0,0,0,0,0,1,0,0.0,0,1.0,0.0,0,0,0,0,0,0,0,0,0,0,0,0,0,0,0,0,0,0,0,0,0,0,0,0,0,0,0,0,0,0,0,0,0,0,0,0,0,0,0,0,0,0,0,0,0,1,0,0,0,0,0,0,0,0,0,0,0,0,0,0,0,0,0,0,0,0,0,0,0,0,66,1,0.0,0.0,0.0,0,0,0
238,0.06,0,255,0.07,0.0,0.0,0.07,1.0,18,0.0,0.0,1.0,0,0,0,0,0,0,1,0,0,0,0,0,0,0,0,neptune,0,0,0,0,0,0,0,0,0,0,1,0,0.0,0,0.08,1.0,0,0,0,0,1,0,0,0,0,0,0,0,0,0,0,0,0,0,0,0,0,0,0,0,0,0,0,0,0,0,0,0,0,0,0,0,0,0,0,0,0,0,0,0,0,0,0,0,0,0,0,0,0,0,0,0,0,0,0,0,0,0,0,0,0,0,0,0,0,0,0,18,0.0,0.0,1.0,0,0,0
277,0.06,0,255,0.07,0.0,0.0,0.03,1.0,8,0.0,0.0,1.0,0,0,0,0,0,0,1,0,0,0,0,0,0,0,0,neptune,0,0,0,0,0,0,0,0,0,0,1,0,0.0,0,0.01,1.0,0,0,0,0,0,0,0,0,0,0,0,0,0,0,0,0,0,0,0,0,0,0,0,0,0,1,0,0,0,0,0,0,0,0,0,0,0,0,0,0,0,0,0,0,0,0,0,0,0,0,0,0,0,0,0,0,0,0,0,0,0,0,0,0,0,0,0,0,0,0,0,2,0.0,0.0,1.0,0,0,0
1,0.0,0,2,0.0,0.0,1.0,1.0,0.0,76,0.5,0.0,0.0,0,0,0,0,0,0,0,0,0,0,1,0,0,0,0,ipsweep,0,0,0,0,0,0,0,0,0,1,0,0,0.0,0,1.0,0.0,0,0,0,0,0,0,0,0,0,0,0,1,0,0,0,0,0,0,0,0,0,0,0,0,0,0,0,0,0,0,0,0,0,0,0,0,0,0,0,0,0,0,0,0,0,0,0,0,0,0,0,0,0,0,0,0,0,0,0,0,0,0,0,0,0,0,0,0,0,0,8,18,1.0,0.0,0.0,0,0,0
1,0.0,17,255,0.01,0.02,0.0,0.93,0.0,236,0.0,0.0,0.0,0,0,0,0,0,0,0,0,0,0,1,0,0,0,0,normal,0,0,0,0,0,0,0,0,0,0,0,1,0.0,0,1.0,0.0,0,0,0,0,0,0,0,0,0,1,0,0,0,0,0,0,0,0,0,0,0,0,0,0,0,0,0,0,0,0,0,0,0,0,0,0,0,0,0,0,0,0,0,0,0,0,0,0,0,0,0,0,0,0,0,0,0,0,0,0,0,0,0,0,0,0,0,0,0,0,17,2,1.0,0.0,0.0,0,0,0
1,0.0,105,20,0.25,0.0,0.95,0.05,0.0,1,0.0,0.0,0.0,1179,0,0,0,0,0,0,0,0,0,1,0,0,0,0,normal,0,0,0,0,0,0,0,0,0,0,0,1,0.0,0,1.0,0.0,0,0,0,0,0,0,0,0,0,0,0,0,0,0,0,0,0,0,0,0,0,0,0,0,0,0,0,0,0,0,0,0,0,0,0,0,0,0,0,0,0,0,1,0,0,0,0,0,0,0,0,0,0,0,0,0,0,0,0,0,0,0,0,0,0,0,0,0,0,0,146,1,0.0,0.0,0.0,0,0,0
117,0.06,0,255,0.07,0.0,0.0,0.05,1.0,14,0.0,0.0,1.0,0,0,0,0,0,0,1,0,0,0,0,0,0,0,0,neptune,0,0,0,0,0,0,0,0,0,0,1,0,0.0,0,0.07,1.0,0,0,0,0,0,0,0,0,0,0,0,0,0,0,0,0,0,0,0,0,0,0,0,0,0,0,0,0,0,0,0,0,0,0,0,0,0,0,0,0,0,0,0,0,0,0,0,1,0,0,0,0,0,0,0,0,0,0,0,0,0,0,0,0,0,0,0,0,0,0,0,8,0.0,0.0,1.0,0,0,0
5,0.0,2367,163,0.0,0.0,0.01,1.0,0.0,255,0.02,0.0,0.0,0,0,0,0,0,0,0,0,0,0,1,0,0,0,0,normal,0,1,0,0,0,0,0,0,0,0,1,0,0.0,0,1.0,0.0,0,0,0,0,0,0,0,0,0,0,0,0,0,0,0,0,0,0,0,0,0,1,0,0,0,0,0,0,0,0,0,0,0,0,0,0,0,0,0,0,0,0,0,0,0,0,0,0,0,0,0,0,0,0,0,0,0,0,0,0,0,0,0,0,0,0,0,0,0,0,264,6,0.33,0.0,0.0,0,0,0
293,0.05,0,255,0.07,0.0,0.0,0.06,1.0,16,0.0,0.0,1.0,0,0,0,0,0,0,1,0,0,0,0,0,0,0,0,neptune,0,0,0,0,0,0,0,0,0,0,1,0,0.0,0,0.04,1.0,0,0,0,0,0,0,0,0,0,0,0,0,0,0,0,0,0,0,0,0,0,0,0,0,0,0,0,0,0,0,0,0,0,0,0,0,0,0,0,0,0,0,0,0,0,0,0,1,0,0,0,0,0,0,0,0,0,0,0,0,0,0,0,0,0,0,0,0,0,0,0,13,0.0,0.0,1.0,0,0,0
217,0.06,0,255,0.08,0.0,0.0,0.08,1.0,20,0.0,0.0,1.0,0,0,0,0,0,0,1,0,0,0,0,0,0,0,0,neptune,0,0,0,0,0,0,0,0,0,0,1,0,0.0,0,0.09,1.0,0,0,0,0,0,0,0,0,0,0,0,0,0,0,0,0,0,0,0,0,0,0,0,0,0,0,0,0,0,0,0,0,0,0,0,0,0,1,0,0,0,0,0,0,0,0,0,0,0,0,0,0,0,0,0,0,0,0,0,0,0,0,0,0,0,0,0,0,0,0,0,20,0.0,0.0,1.0,0,0,0
35,0.06,0,103,0.06,0.0,0.01,0.02,0.0,6,0.33,0.0,0.0,1,0,0,0,0,0,0,0,0,0,1,0,0,0,0,satan,0,0,0,0,0,0,0,0,0,0,1,0,0.0,0,0.06,0.0,0,0,0,0,0,0,0,0,0,0,0,0,0,0,0,1,0,0,0,0,0,0,0,0,0,0,0,0,0,0,0,0,0,0,0,0,0,0,0,0,0,0,0,0,0,0,0,0,0,0,0,0,0,0,0,0,0,0,0,0,0,0,0,0,0,0,0,0,0,0,6,2,0.0,0.0,0.0,0,0,0
2,0.0,0,220,0.03,0.0,0.31,0.31,0.0,68,0.0,0.0,0.0,0,0,0,0,0,0,0,0,0,0,1,0,0,0,0,normal,0,1,0,0,0,0,0,0,0,0,1,0,0.0,0,1.0,0.0,0,0,0,0,0,0,0,0,0,0,0,0,0,0,0,0,0,1,0,0,0,0,0,0,0,0,0,0,0,0,0,0,0,0,0,0,0,0,0,0,0,0,0,0,0,0,0,0,0,0,0,0,0,0,0,0,0,0,0,0,0,0,0,0,0,0,0,0,0,0,194,2,0.0,0.0,0.0,0,0,0
2,0.0,105,255,0.83,0.0,1.0,0.01,0.0,2,0.0,0.0,0.0,3920,0,0,0,0,0,0,0,0,0,1,0,0,0,0,normal,0,0,0,0,0,0,0,0,0,0,0,1,0.0,0,1.0,0.0,0,0,0,0,0,0,0,0,0,0,0,0,0,0,0,0,0,0,0,0,0,0,0,0,0,0,0,0,0,0,0,0,0,0,0,0,0,0,0,0,0,0,1,0,0,0,0,0,0,0,0,0,0,0,0,0,0,0,0,0,0,0,0,0,0,0,0,0,0,0,147,2,0.0,0.0,0.0,0,0,0
29,0.0,0,255,0.0,0.52,0.0,1.0,0.0,255,0.0,0.52,0.0,898,0,0,0,0,1,0,0,0,0,0,0,0,0,0,apache2,0,1,0,0,0,0,0,0,0,0,1,0,1.0,0,1.0,0.0,0,0,0,0,0,0,0,0,0,0,0,0,0,0,0,0,0,0,0,0,0,1,0,0,0,0,0,0,0,0,0,0,0,0,0,0,0,0,0,0,0,0,0,0,0,0,0,0,0,0,0,0,0,0,0,0,0,0,0,0,0,0,0,0,0,0,0,0,0,0,55744,29,0.0,1.0,0.0,0,0,0
2,0.0,105,255,0.62,0.0,0.89,0.01,0.0,2,0.0,0.0,0.0,10859,0,0,0,0,0,0,0,0,0,1,0,0,0,0,normal,0,0,0,0,0,0,0,0,0,0,0,1,0.0,0,1.0,0.0,0,0,0,0,0,0,0,0,0,0,0,0,0,0,0,0,0,0,0,0,0,0,0,0,0,0,0,0,0,0,0,0,0,0,0,0,0,0,0,0,0,0,1,0,0,0,0,0,0,0,0,0,0,0,0,0,0,0,0,0,0,0,0,0,0,0,0,0,0,0,145,2,0.0,0.0,0.0,0,0,0
2,0.0,174,255,0.02,0.01,0.0,0.29,0.0,73,0.0,0.04,0.0,0,0,0,0,0,0,0,0,0,0,1,0,0,0,0,guess_passwd,0,0,0,0,1,0,0,0,0,0,1,0,0.0,0,1.0,0.0,0,0,0,0,0,0,0,0,0,0,0,0,0,0,0,0,0,0,0,0,0,0,0,0,0,0,0,0,0,0,0,0,0,0,0,0,0,0,0,0,0,0,0,0,0,0,0,0,0,0,0,0,0,0,0,0,0,0,1,0,0,0,0,0,0,0,0,0,0,0,120,2,0.0,0.0,0.0,0,0,0
3,0.0,42,203,0.01,0.0,0.01,0.99,0.0,201,0.0,0.0,0.0,0,0,0,0,0,0,0,0,0,0,1,0,0,0,0,normal,0,0,0,0,0,0,0,0,0,0,0,1,0.0,0,1.0,0.0,0,0,0,0,0,0,0,0,0,1,0,0,0,0,0,0,0,0,0,0,0,0,0,0,0,0,0,0,0,0,0,0,0,0,0,0,0,0,0,0,0,0,0,0,0,0,0,0,0,0,0,0,0,0,0,0,0,0,0,0,0,0,0,0,0,0,0,0,0,0,42,5,0.6,0.0,0.0,0,0,0
140,0.06,0,255,0.06,1.0,0.0,0.02,0.0,5,0.0,1.0,0.0,0,0,1,0,0,0,0,0,0,0,0,0,0,0,0,neptune,0,0,0,0,0,0,0,0,0,0,1,0,1.0,0,0.07,0.0,0,0,0,0,0,0,0,0,0,0,0,0,0,0,0,0,0,0,0,0,0,0,0,0,0,0,0,0,0,0,0,0,0,0,0,0,0,0,0,0,0,0,0,0,0,0,0,0,0,0,0,0,0,0,0,0,1,0,0,0,0,0,0,0,0,0,0,0,0,0,0,10,0.0,1.0,0.0,0,0,0
200,0.05,0,255,0.05,0.0,0.0,0.07,1.0,19,0.0,0.0,1.0,0,0,0,0,0,0,1,0,0,0,0,0,0,0,0,neptune,0,0,0,0,0,0,0,0,0,0,1,0,0.0,0,0.09,1.0,0,0,0,0,0,1,0,0,0,0,0,0,0,0,0,0,0,0,0,0,0,0,0,0,0,0,0,0,0,0,0,0,0,0,0,0,0,0,0,0,0,0,0,0,0,0,0,0,0,0,0,0,0,0,0,0,0,0,0,0,0,0,0,0,0,0,0,0,0,0,0,19,0.0,0.0,1.0,0,0,0
54,0.0,0,255,0.02,0.0,0.21,0.21,0.0,54,0.0,0.0,0.0,0,0,0,0,0,0,0,0,0,0,1,0,0,0,0,teardrop,0,0,0,0,0,0,0,0,0,0,0,1,0.0,0,1.0,0.0,0,0,0,0,0,0,0,0,0,0,0,0,0,0,0,0,0,0,0,0,0,0,0,0,0,0,0,0,0,0,0,0,0,0,0,0,0,0,0,0,0,0,0,0,0,0,0,1,0,0,0,0,0,0,0,0,0,0,0,0,0,0,0,0,0,0,0,0,0,0,28,54,0.0,0.0,0.0,0,0,3
13,0.0,181,255,0.0,0.0,0.0,1.0,0.0,255,0.0,0.0,0.0,0,0,0,0,0,0,0,0,0,0,1,0,0,0,0,normal,0,1,0,0,0,0,0,0,0,0,1,0,0.0,0,1.0,0.0,0,0,0,0,0,0,0,0,0,0,0,0,0,0,0,0,0,0,0,0,0,1,0,0,0,0,0,0,0,0,0,0,0,0,0,0,0,0,0,0,0,0,0,0,0,0,0,0,0,0,0,0,0,0,0,0,0,0,0,0,0,0,0,0,0,0,0,0,0,0,315,13,0.0,0.0,0.0,0,0,0
249,0.06,0,255,0.09,1.0,0.0,0.05,0.0,13,0.0,1.0,0.0,0,0,1,0,0,0,0,0,0,0,0,0,0,0,0,neptune,0,0,0,0,0,0,0,0,0,0,1,0,1.0,0,0.05,0.0,0,0,0,0,0,0,0,0,0,0,0,0,0,0,0,0,0,0,0,0,0,0,0,0,0,0,0,0,0,0,0,0,0,0,0,0,0,0,0,0,0,0,0,0,0,0,0,1,0,0,0,0,0,0,0,0,0,0,0,0,0,0,0,0,0,0,0,0,0,0,0,13,0.0,1.0,0.0,0,0,0
238,0.04,0,255,0.05,0.0,0.0,0.08,1.0,20,0.0,0.0,1.0,0,0,0,0,0,0,1,0,0,0,0,0,0,0,0,neptune,0,0,0,0,0,0,0,0,0,0,1,0,0.0,0,0.08,1.0,0,0,0,0,0,0,0,0,0,0,0,0,0,0,0,0,0,0,0,0,0,0,0,0,0,0,0,0,0,0,0,0,0,0,0,0,0,0,0,0,0,0,0,0,0,0,0,1,0,0,0,0,0,0,0,0,0,0,0,0,0,0,0,0,0,0,0,0,0,0,0,20,0.0,0.0,1.0,0,0,0
2,0.0,10086,48,0.0,0.0,0.02,1.0,0.0,255,0.07,0.0,0.0,0,0,0,0,0,0,0,0,0,0,1,0,0,0,0,normal,0,1,0,0,0,0,0,0,0,0,1,0,0.0,0,1.0,0.0,0,0,0,0,0,0,0,0,0,0,0,0,0,0,0,0,0,0,0,0,0,1,0,0,0,0,0,0,0,0,0,0,0,0,0,0,0,0,0,0,0,0,0,0,0,0,0,0,0,0,0,0,0,0,0,0,0,0,0,0,0,0,0,0,0,0,0,0,0,0,229,4,0.5,0.0,0.0,0,0,0
225,0.06,0,255,0.07,0.0,0.0,0.07,1.0,18,0.0,0.0,1.0,0,0,0,0,0,0,1,0,0,0,0,0,0,0,0,neptune,0,0,0,0,0,0,0,0,0,0,1,0,0.0,0,0.08,1.0,0,0,0,0,0,0,0,0,0,0,1,0,0,0,0,0,0,0,0,0,0,0,0,0,0,0,0,0,0,0,0,0,0,0,0,0,0,0,0,0,0,0,0,0,0,0,0,0,0,0,0,0,0,0,0,0,0,0,0,0,0,0,0,0,0,0,0,0,0,0,0,18,0.0,0.0,1.0,0,0,0
435,0.0,0,243,0.0,0.0,1.0,1.0,0.0,243,0.0,0.0,0.0,0,0,0,0,0,0,0,0,0,0,1,0,0,0,0,smurf,0,0,0,0,0,0,0,0,0,1,0,0,0.0,0,1.0,0.0,0,0,0,0,0,0,0,0,0,0,0,0,1,0,0,0,0,0,0,0,0,0,0,0,0,0,0,0,0,0,0,0,0,0,0,0,0,0,0,0,0,0,0,0,0,0,0,0,0,0,0,0,0,0,0,0,0,0,0,0,0,0,0,0,0,0,0,0,0,0,520,435,0.0,0.0,0.0,0,0,0
257,0.06,0,255,0.06,1.0,0.0,0.03,0.0,7,0.0,1.0,0.0,0,0,1,0,0,0,0,0,0,0,0,0,0,0,0,neptune,0,0,0,0,0,0,0,0,0,0,1,0,1.0,0,0.03,0.0,0,0,0,0,0,0,0,0,0,0,0,0,0,0,0,0,0,0,0,0,0,0,0,0,0,0,0,0,0,0,0,0,0,0,0,0,0,0,0,0,0,0,0,0,0,0,0,1,0,0,0,0,0,0,0,0,0,0,0,0,0,0,0,0,0,0,0,0,0,0,0,7,0.0,1.0,0.0,0,0,0
28,0.07,0,255,0.01,0.0,0.05,0.05,0.0,13,0.0,0.0,0.0,0,0,0,0,0,0,0,0,0,0,1,0,0,0,0,normal,0,0,0,0,0,0,0,0,0,1,0,0,0.0,0,0.11,0.0,0,0,0,0,0,0,0,0,0,0,0,0,0,0,0,0,0,0,0,0,0,0,0,0,0,0,0,0,0,0,0,0,0,0,0,0,0,0,0,0,0,0,0,0,0,0,0,0,0,0,0,0,0,0,0,0,0,0,0,0,0,0,0,1,0,0,0,0,0,0,78,3,0.0,0.0,0.0,0,0,0
2,0.0,0,213,0.01,0.0,0.01,0.81,0.0,172,0.0,0.0,0.0,0,0,0,0,0,0,0,0,0,0,1,0,0,0,0,normal,0,0,0,0,0,0,0,0,0,0,0,1,0.0,0,1.0,0.0,0,0,0,0,0,0,0,0,0,0,0,0,0,0,0,0,0,0,0,0,0,0,0,0,0,0,0,0,0,0,0,0,0,0,0,0,0,0,0,0,0,0,0,0,0,0,0,1,0,0,0,0,0,0,0,0,0,0,0,0,0,0,0,0,0,0,0,0,0,0,105,2,0.0,0.0,0.0,0,0,0
17,0.0,2612,17,0.0,0.0,0.06,1.0,0.0,255,0.04,0.0,0.0,0,0,0,0,0,0,0,0,0,0,1,0,0,0,0,normal,0,1,0,0,0,0,0,0,0,0,1,0,0.0,0,1.0,0.0,0,0,0,0,0,0,0,0,0,0,0,0,0,0,0,0,0,0,0,0,0,1,0,0,0,0,0,0,0,0,0,0,0,0,0,0,0,0,0,0,0,0,0,0,0,0,0,0,0,0,0,0,0,0,0,0,0,0,0,0,0,0,0,0,0,0,0,0,0,0,214,17,0.0,0.0,0.0,0,0,0
1,0.0,0,4,0.0,0.0,1.0,1.0,0.0,144,0.25,0.0,0.0,0,0,0,0,0,0,0,0,0,0,1,0,0,0,0,ipsweep,0,0,0,0,0,0,0,0,0,1,0,0,0.0,0,1.0,0.0,0,0,0,0,0,0,0,0,0,0,0,1,0,0,0,0,0,0,0,0,0,0,0,0,0,0,0,0,0,0,0,0,0,0,0,0,0,0,0,0,0,0,0,0,0,0,0,0,0,0,0,0,0,0,0,0,0,0,0,0,0,0,0,0,0,0,0,0,0,0,18,2,1.0,0.0,0.0,0,0,0
15,0.0,857,152,0.0,0.0,0.01,1.0,0.0,255,0.01,0.0,0.0,0,0,0,0,0,0,0,0,0,0,1,0,0,0,0,normal,0,1,0,0,0,0,0,0,0,0,1,0,0.0,0,1.0,0.0,0,0,0,0,0,0,0,0,0,0,0,0,0,0,0,0,0,0,0,0,0,1,0,0,0,0,0,0,0,0,0,0,0,0,0,0,0,0,0,0,0,0,0,0,0,0,0,0,0,0,0,0,0,0,0,0,0,0,0,0,0,0,0,0,0,0,0,0,0,0,219,15,0.0,0.0,0.0,0,0,0
179,0.06,0,255,0.08,0.0,0.0,0.0,1.0,1,0.0,0.0,1.0,0,0,0,0,0,0,1,0,0,0,0,0,0,0,0,neptune,0,0,0,0,0,0,0,0,0,0,1,0,0.0,0,0.11,1.0,0,0,0,0,0,0,0,0,0,0,0,0,0,0,0,0,0,0,0,0,0,0,0,0,0,0,0,0,0,0,0,0,0,0,0,0,0,0,0,0,0,0,0,0,0,0,0,1,0,0,0,0,0,0,0,0,0,0,0,0,0,0,0,0,0,0,0,0,0,0,0,20,0.0,0.0,1.0,0,0,0
14,0.0,261,41,0.0,0.0,0.02,1.0,0.0,91,0.08,0.0,0.0,0,0,0,0,0,0,0,0,0,0,1,0,0,0,0,normal,0,1,0,0,0,0,0,0,0,0,1,0,0.0,0,1.0,0.0,0,0,0,0,0,0,0,0,0,0,0,0,0,0,0,0,0,0,0,0,0,1,0,0,0,0,0,0,0,0,0,0,0,0,0,0,0,0,0,0,0,0,0,0,0,0,0,0,0,0,0,0,0,0,0,0,0,0,0,0,0,0,0,0,0,0,0,0,0,0,221,14,0.0,0.0,0.0,0,0,0
221,0.07,0,255,0.08,1.0,0.0,0.03,0.0,8,0.0,1.0,0.0,0,0,1,0,0,0,0,0,0,0,0,0,0,0,0,neptune,0,0,0,0,0,0,0,0,0,0,1,0,1.0,0,0.04,0.0,0,0,0,0,0,0,0,0,0,0,0,0,0,0,0,0,0,0,0,0,0,0,0,0,0,0,0,0,0,0,0,0,0,0,0,0,0,0,0,0,0,0,0,0,0,0,0,1,0,0,0,0,0,0,0,0,0,0,0,0,0,0,0,0,0,0,0,0,0,0,0,8,0.0,1.0,0.0,0,0,0
12,0.0,1525,255,0.0,0.0,0.0,1.0,0.0,255,0.0,0.0,0.0,0,0,0,0,0,0,0,0,0,0,1,0,0,0,0,normal,0,1,0,0,0,0,0,0,0,0,1,0,0.0,0,1.0,0.0,0,0,0,0,0,0,0,0,0,0,0,0,0,0,0,0,0,0,0,0,0,1,0,0,0,0,0,0,0,0,0,0,0,0,0,0,0,0,0,0,0,0,0,0,0,0,0,0,0,0,0,0,0,0,0,0,0,0,0,0,0,0,0,0,0,0,0,0,0,0,206,12,0.0,0.0,0.0,0,0,0
209,0.05,0,255,0.05,0.0,0.0,0.08,1.0,21,0.0,0.0,1.0,0,0,0,0,0,0,1,0,0,0,0,0,0,0,0,neptune,0,0,0,0,0,0,0,0,0,0,1,0,0.0,0,0.1,1.0,0,0,0,0,0,0,0,0,0,0,0,0,0,0,0,0,0,0,0,0,0,0,0,0,0,0,0,0,0,0,0,0,0,1,0,0,0,0,0,0,0,0,0,0,0,0,0,0,0,0,0,0,0,0,0,0,0,0,0,0,0,0,0,0,0,0,0,0,0,0,0,21,0.0,0.0,1.0,0,0,0
10,0.0,0,247,0.02,0.0,0.32,0.32,0.0,79,0.0,0.0,0.0,0,0,0,0,0,0,0,0,0,0,1,0,0,0,0,normal,0,1,0,0,0,0,0,0,0,0,1,0,0.0,0,1.0,0.0,0,0,0,0,0,0,0,0,0,0,0,0,0,0,0,0,0,1,0,0,0,0,0,0,0,0,0,0,0,0,0,0,0,0,0,0,0,0,0,0,0,0,0,0,0,0,0,0,0,0,0,0,0,0,0,0,0,0,0,0,0,0,0,0,0,0,0,0,0,0,965,10,0.0,0.0,0.0,0,0,0
1,0.0,2832,155,0.46,0.43,0.01,0.19,0.08,29,0.0,0.03,0.45,0,0,0,0,0,0,0,1,0,0,0,0,0,0,0,normal,0,1,0,0,0,0,0,0,0,0,1,0,0.0,0,1.0,1.0,0,0,0,0,0,0,0,0,0,0,0,0,0,0,0,0,0,0,0,0,0,0,0,0,0,0,0,0,0,0,0,0,0,0,0,0,0,0,0,0,0,0,0,0,0,0,0,0,0,0,0,0,0,0,0,0,0,0,1,0,0,0,0,0,0,0,0,0,0,0,90,1,0.0,0.0,1.0,0,0,0
242,0.06,0,255,0.06,0.0,0.0,0.07,1.0,19,0.0,0.0,1.0,0,0,0,0,0,0,1,0,0,0,0,0,0,0,0,neptune,0,0,0,0,0,0,0,0,0,0,1,0,0.0,0,0.01,1.0,0,0,0,0,0,0,0,0,0,0,0,0,0,0,0,0,0,0,0,0,0,0,0,0,0,0,0,0,0,0,0,0,0,0,0,0,0,0,0,0,0,0,0,0,0,0,0,1,0,0,0,0,0,0,0,0,0,0,0,0,0,0,0,0,0,0,0,0,0,0,0,2,0.0,0.0,1.0,0,0,0
18,0.0,5481,144,0.0,0.17,0.01,1.0,0.0,255,0.02,0.12,0.01,0,0,0,0,0,0,0,0,0,0,1,0,0,0,0,normal,0,1,0,0,0,0,0,0,0,0,1,0,0.0,0,1.0,0.0,0,0,0,0,0,0,0,0,0,0,0,0,0,0,0,0,0,0,0,0,0,1,0,0,0,0,0,0,0,0,0,0,0,0,0,0,0,0,0,0,0,0,0,0,0,0,0,0,0,0,0,0,0,0,0,0,0,0,0,0,0,0,0,0,0,0,0,0,0,0,259,29,0.1,0.0,0.0,0,0,0
1,0.0,212,185,0.0,0.0,0.01,1.0,0.0,255,0.02,0.0,0.0,0,0,0,0,0,0,0,0,0,0,1,0,0,0,0,normal,0,1,0,0,0,0,0,0,0,0,1,0,0.0,0,1.0,0.0,0,0,0,0,0,0,0,0,0,0,0,0,0,0,0,0,0,0,0,0,0,1,0,0,0,0,0,0,0,0,0,0,0,0,0,0,0,0,0,0,0,0,0,0,0,0,0,0,0,0,0,0,0,0,0,0,0,0,0,0,0,0,0,0,0,0,0,0,0,0,296,2,1.0,0.0,0.0,0,0,0
259,0.05,0,255,0.07,1.0,0.0,0.07,0.0,19,0.0,1.0,0.0,0,0,1,0,0,0,0,0,0,0,0,0,0,0,0,neptune,0,0,0,0,0,0,0,0,0,0,1,0,1.0,0,0.07,0.0,0,0,0,0,0,0,0,0,1,0,0,0,0,0,0,0,0,0,0,0,0,0,0,0,0,0,0,0,0,0,0,0,0,0,0,0,0,0,0,0,0,0,0,0,0,0,0,0,0,0,0,0,0,0,0,0,0,0,0,0,0,0,0,0,0,0,0,0,0,0,0,19,0.0,1.0,0.0,0,0,0
8,0.0,1046,88,0.0,0.0,0.01,1.0,0.0,255,0.02,0.0,0.0,0,0,0,0,0,0,0,0,0,0,1,0,0,0,0,normal,0,1,0,0,0,0,0,0,0,0,1,0,0.0,0,1.0,0.0,0,0,0,0,0,0,0,0,0,0,0,0,0,0,0,0,0,0,0,0,0,1,0,0,0,0,0,0,0,0,0,0,0,0,0,0,0,0,0,0,0,0,0,0,0,0,0,0,0,0,0,0,0,0,0,0,0,0,0,0,0,0,0,0,0,0,0,0,0,0,229,8,0.0,0.0,0.0,0,0,0
432,1.0,0,255,1.0,0.92,0.0,0.0,0.08,1,0.0,1.0,0.0,0,0,1,0,0,0,0,0,0,0,0,0,0,0,0,satan,0,0,0,0,0,0,0,0,0,0,1,0,0.93,0,0.0,0.05,0,0,0,0,0,0,0,0,0,0,0,0,0,0,0,0,0,0,0,0,0,0,0,0,0,0,0,0,0,0,0,0,0,0,0,0,0,0,0,0,0,0,0,0,0,0,0,1,0,0,0,0,0,0,0,0,0,0,0,0,0,0,0,0,0,0,0,0,0,0,0,1,0.0,1.0,0.0,0,0,0
4,0.0,0,78,0.05,0.0,0.69,0.69,0.0,128,0.02,0.0,0.0,0,0,0,0,0,0,0,0,0,0,1,0,0,0,0,normal,0,0,0,0,0,0,0,0,0,0,1,0,0.0,0,1.0,0.0,0,0,0,0,0,0,0,0,0,0,0,0,0,0,0,0,0,1,0,0,0,0,0,0,0,0,0,0,0,0,0,0,0,0,0,0,0,0,0,0,0,0,0,0,0,0,0,0,0,0,0,0,0,0,0,0,0,0,0,0,0,0,0,0,0,0,0,0,0,0,1699,4,0.0,0.0,0.0,0,0,0
220,0.07,0,255,0.07,1.0,0.0,0.01,0.0,3,0.0,1.0,0.0,0,0,1,0,0,0,0,0,0,0,0,0,0,0,0,neptune,0,0,0,0,0,0,0,0,0,0,1,0,1.0,0,0.01,0.0,0,0,0,0,0,0,0,0,0,0,0,0,0,0,0,0,0,0,0,0,0,0,0,0,0,0,0,0,0,0,0,0,0,0,0,0,0,0,0,0,0,0,0,0,0,0,0,0,0,0,0,0,0,0,0,0,0,0,0,0,0,0,0,0,0,0,1,0,0,0,0,3,0.0,1.0,0.0,0,0,0
284,0.06,0,255,0.06,0.0,0.0,0.07,1.0,19,0.0,0.0,1.0,0,0,0,0,0,0,1,0,0,0,0,0,0,0,0,neptune,0,0,0,0,0,0,0,0,0,0,1,0,0.0,0,0.07,1.0,0,0,0,0,1,0,0,0,0,0,0,0,0,0,0,0,0,0,0,0,0,0,0,0,0,0,0,0,0,0,0,0,0,0,0,0,0,0,0,0,0,0,0,0,0,0,0,0,0,0,0,0,0,0,0,0,0,0,0,0,0,0,0,0,0,0,0,0,0,0,0,19,0.0,0.0,1.0,0,0,0
110,0.06,0,255,0.07,0.0,0.0,0.04,1.0,9,0.0,0.0,1.0,0,0,0,0,0,0,1,0,0,0,0,0,0,0,0,neptune,0,0,0,0,0,0,0,0,0,0,1,0,0.0,0,0.08,1.0,0,0,0,0,0,0,0,0,0,0,1,0,0,0,0,0,0,0,0,0,0,0,0,0,0,0,0,0,0,0,0,0,0,0,0,0,0,0,0,0,0,0,0,0,0,0,0,0,0,0,0,0,0,0,0,0,0,0,0,0,0,0,0,0,0,0,0,0,0,0,0,9,0.0,0.0,1.0,0,0,0
1,0.0,599,255,0.02,0.52,0.0,0.18,0.0,45,0.0,0.0,0.0,283,0,0,0,0,0,0,0,0,0,1,0,2,1,0,warezmaster,0,1,0,0,0,0,0,0,0,0,1,0,0.0,0,1.0,0.0,0,0,0,0,0,0,0,0,0,0,0,0,0,0,0,0,1,0,0,0,0,0,0,0,0,0,0,0,0,0,0,0,0,0,0,0,0,0,0,0,0,0,0,0,0,0,0,0,0,0,0,0,0,0,0,0,0,0,0,0,0,0,0,0,0,0,0,0,0,0,164,1,0.0,0.0,0.0,0,0,0
12,0.0,522,255,0.0,0.0,0.0,1.0,0.0,255,0.0,0.0,0.0,0,0,0,0,0,0,0,0,0,0,1,0,0,0,0,normal,0,1,0,0,0,0,0,0,0,0,1,0,0.0,0,1.0,0.0,0,0,0,0,0,0,0,0,0,0,0,0,0,0,0,0,0,0,0,0,0,1,0,0,0,0,0,0,0,0,0,0,0,0,0,0,0,0,0,0,0,0,0,0,0,0,0,0,0,0,0,0,0,0,0,0,0,0,0,0,0,0,0,0,0,0,0,0,0,0,304,12,0.0,0.0,0.0,0,0,0
25,0.0,6534,255,0.0,0.0,0.0,1.0,0.0,255,0.0,0.0,0.0,0,0,0,0,0,0,0,0,0,0,1,0,0,0,0,normal,0,1,0,0,0,0,0,0,0,0,1,0,0.0,0,1.0,0.0,0,0,0,0,0,0,0,0,0,0,0,0,0,0,0,0,0,0,0,0,0,1,0,0,0,0,0,0,0,0,0,0,0,0,0,0,0,0,0,0,0,0,0,0,0,0,0,0,0,0,0,0,0,0,0,0,0,0,0,0,0,0,0,0,0,0,0,0,0,0,203,25,0.0,0.0,0.0,0,0,0
2,0.0,0,112,0.04,0.0,0.15,0.15,0.0,17,0.0,0.0,0.0,0,0,0,0,0,0,0,0,0,0,1,0,0,0,0,normal,0,0,0,0,0,0,0,0,0,0,1,0,0.0,0,1.0,0.0,0,0,0,0,0,0,0,0,0,0,0,0,0,0,0,0,0,1,0,0,0,0,0,0,0,0,0,0,0,0,0,0,0,0,0,0,0,0,0,0,0,0,0,0,0,0,0,0,0,0,0,0,0,0,0,0,0,0,0,0,0,0,0,0,0,0,0,0,0,0,383,2,0.0,0.0,0.0,0,0,0
2,0.0,7203,2,0.0,0.0,0.5,1.0,0.0,255,0.02,0.0,0.0,0,0,0,0,0,0,0,0,0,0,1,0,0,0,0,normal,0,1,0,0,0,0,0,0,0,0,1,0,0.0,0,1.0,0.0,0,0,0,0,0,0,0,0,0,0,0,0,0,0,0,0,0,0,0,0,0,1,0,0,0,0,0,0,0,0,0,0,0,0,0,0,0,0,0,0,0,0,0,0,0,0,0,0,0,0,0,0,0,0,0,0,0,0,0,0,0,0,0,0,0,0,0,0,0,0,196,2,0.0,0.0,0.0,0,0,0
3,0.0,0,255,0.01,0.0,0.03,0.02,0.0,6,0.0,0.0,0.0,0,0,0,0,0,0,0,0,0,0,1,0,0,0,0,normal,0,0,0,0,0,0,0,0,0,1,0,0,0.0,0,1.0,0.0,0,0,0,0,0,0,0,0,0,0,0,0,0,0,0,0,0,0,0,0,0,0,0,0,0,0,0,0,0,0,0,0,0,0,0,0,0,0,0,0,0,0,0,0,0,0,0,0,0,0,0,0,0,0,0,0,0,0,0,0,0,0,0,1,0,0,0,0,0,0,182,3,0.0,0.0,0.0,0,0,0
1,0.0,0,255,0.65,0.0,0.96,0.01,0.0,2,0.0,0.0,0.0,0,0,0,0,0,0,0,0,0,0,1,0,0,0,0,normal,0,0,0,0,0,0,0,0,0,0,0,1,0.0,0,1.0,0.0,0,0,0,0,0,0,0,0,0,0,0,0,0,0,0,0,0,0,0,0,0,0,0,0,0,0,0,0,0,0,0,0,0,0,0,0,0,0,0,0,0,0,1,0,0,0,0,0,0,0,0,0,0,0,0,0,0,0,0,0,0,0,0,0,0,0,0,0,0,0,146,1,0.0,0.0,0.0,0,0,0
2,0.0,101,132,0.03,0.0,0.01,0.58,0.0,76,0.0,0.0,0.0,0,0,0,0,0,0,0,0,0,0,1,0,0,0,0,normal,0,0,0,0,0,0,0,0,0,0,0,1,0.0,0,1.0,0.0,0,0,0,0,0,0,0,0,0,1,0,0,0,0,0,0,0,0,0,0,0,0,0,0,0,0,0,0,0,0,0,0,0,0,0,0,0,0,0,0,0,0,0,0,0,0,0,0,0,0,0,0,0,0,0,0,0,0,0,0,0,0,0,0,0,0,0,0,0,0,36,2,0.0,0.0,0.0,0,0,0
233,0.07,0,255,0.08,1.0,0.0,0.05,0.0,12,0.0,1.0,0.0,0,0,1,0,0,0,0,0,0,0,0,0,0,0,0,neptune,0,0,0,0,0,0,0,0,0,0,1,0,1.0,0,0.05,0.0,0,0,0,0,0,0,0,0,0,0,0,0,0,0,0,0,0,0,0,0,0,0,0,0,0,0,0,0,0,0,0,0,0,0,0,0,0,0,0,0,0,0,0,0,0,0,0,1,0,0,0,0,0,0,0,0,0,0,0,0,0,0,0,0,0,0,0,0,0,0,0,12,0.0,1.0,0.0,0,0,0
290,0.05,0,255,0.07,0.0,0.0,0.04,1.0,10,0.0,0.0,1.0,0,0,0,0,0,0,1,0,0,0,0,0,0,0,0,neptune,0,0,0,0,0,0,0,0,0,0,1,0,0.0,0,0.03,1.0,0,0,0,0,0,0,0,0,0,0,0,0,0,0,0,0,0,0,0,0,0,0,0,0,0,0,0,0,0,0,0,0,0,0,0,0,0,0,0,0,0,0,0,0,0,0,0,1,0,0,0,0,0,0,0,0,0,0,0,0,0,0,0,0,0,0,0,0,0,0,0,10,0.0,0.0,1.0,0,0,0
4,0.5,105,255,0.43,0.0,0.81,0.01,0.0,2,0.0,0.0,0.0,2382,0,0,0,0,0,0,0,0,0,1,0,0,0,0,normal,0,0,0,0,0,0,0,0,0,0,0,1,0.0,0,0.5,0.0,0,0,0,0,0,0,0,0,0,0,0,0,0,0,0,0,0,0,0,0,0,0,0,0,0,0,0,0,0,0,0,0,0,0,0,0,0,0,0,0,0,0,1,0,0,0,0,0,0,0,0,0,0,0,0,0,0,0,0,0,0,0,0,0,0,0,0,0,0,0,146,2,0.0,0.0,0.0,0,0,0
285,0.06,0,255,0.07,0.0,0.0,0.02,1.0,5,0.0,0.0,1.0,0,0,0,0,0,0,1,0,0,0,0,0,0,0,0,neptune,0,0,0,0,0,0,0,0,0,0,1,0,0.0,0,0.02,1.0,0,0,0,0,1,0,0,0,0,0,0,0,0,0,0,0,0,0,0,0,0,0,0,0,0,0,0,0,0,0,0,0,0,0,0,0,0,0,0,0,0,0,0,0,0,0,0,0,0,0,0,0,0,0,0,0,0,0,0,0,0,0,0,0,0,0,0,0,0,0,0,7,0.0,0.0,1.0,0,0,0
2,0.0,612,48,0.0,0.0,0.02,1.0,0.0,255,0.01,0.0,0.0,0,0,0,0,0,0,0,0,0,0,1,0,0,0,0,normal,0,1,0,0,0,0,0,0,0,0,1,0,0.0,0,1.0,0.0,0,0,0,0,0,0,0,0,0,0,0,0,0,0,0,0,0,0,0,0,0,1,0,0,0,0,0,0,0,0,0,0,0,0,0,0,0,0,0,0,0,0,0,0,0,0,0,0,0,0,0,0,0,0,0,0,0,0,0,0,0,0,0,0,0,0,0,0,0,0,295,2,0.0,0.0,0.0,0,0,0
8,0.0,667,255,0.0,0.0,0.0,1.0,0.0,255,0.0,0.0,0.0,0,0,0,0,0,0,0,0,0,0,1,0,0,0,0,normal,0,1,0,0,0,0,0,0,0,0,1,0,0.0,0,1.0,0.0,0,0,0,0,0,0,0,0,0,0,0,0,0,0,0,0,0,0,0,0,0,1,0,0,0,0,0,0,0,0,0,0,0,0,0,0,0,0,0,0,0,0,0,0,0,0,0,0,0,0,0,0,0,0,0,0,0,0,0,0,0,0,0,0,0,0,0,0,0,0,211,9,0.22,0.0,0.0,0,0,0
150,0.06,0,255,0.07,1.0,0.0,0.05,0.0,13,0.0,1.0,0.0,0,0,1,0,0,0,0,0,0,0,0,0,0,0,0,neptune,0,0,0,0,0,0,0,0,0,0,1,0,1.0,0,0.13,0.0,0,0,0,0,0,0,0,0,0,0,0,0,0,0,0,0,0,0,0,0,0,0,0,1,0,0,0,0,0,0,0,0,0,0,0,0,0,0,0,0,0,0,0,0,0,0,0,0,0,0,0,0,0,0,0,0,0,0,0,0,0,0,0,0,0,0,0,0,0,0,0,20,0.0,1.0,0.0,0,0,0
2,0.0,18273,2,0.0,0.0,0.5,1.0,0.0,255,0.01,0.0,0.0,0,0,0,0,0,0,0,0,0,0,1,0,0,0,0,normal,0,1,0,0,0,0,0,0,0,0,1,0,0.0,0,1.0,0.0,0,0,0,0,0,0,0,0,0,0,0,0,0,0,0,0,0,0,0,0,0,1,0,0,0,0,0,0,0,0,0,0,0,0,0,0,0,0,0,0,0,0,0,0,0,0,0,0,0,0,0,0,0,0,0,0,0,0,0,0,0,0,0,0,0,0,0,0,0,0,225,7,0.29,0.0,0.0,0,0,0
126,0.06,0,255,0.05,0.0,0.0,0.04,1.0,10,0.0,0.0,1.0,0,0,0,0,0,0,1,0,0,0,0,0,0,0,0,neptune,0,0,0,0,0,0,0,0,0,0,1,0,0.0,0,0.08,1.0,0,0,0,1,0,0,0,0,0,0,0,0,0,0,0,0,0,0,0,0,0,0,0,0,0,0,0,0,0,0,0,0,0,0,0,0,0,0,0,0,0,0,0,0,0,0,0,0,0,0,0,0,0,0,0,0,0,0,0,0,0,0,0,0,0,0,0,0,0,0,0,10,0.0,0.0,1.0,0,0,0
61,0.07,0,255,0.02,0.0,0.01,0.25,1.0,63,0.0,0.0,1.0,0,0,0,0,0,0,1,0,0,0,0,0,0,0,0,neptune,0,0,0,0,0,0,0,0,0,0,1,0,0.0,0,0.15,1.0,0,0,0,0,0,0,0,0,0,0,0,0,0,0,0,0,0,0,0,0,0,0,0,0,0,0,0,0,0,0,0,0,0,0,0,0,0,0,0,0,0,0,0,0,0,0,0,0,0,0,0,0,0,0,0,0,0,0,1,0,0,0,0,0,0,0,0,0,0,0,0,9,0.0,0.0,1.0,0,0,0
72,0.03,126,255,0.02,0.0,0.0,0.93,0.0,236,0.0,0.0,0.0,0,0,0,0,0,0,0,0,0,0,1,0,0,0,0,normal,0,0,0,0,0,0,0,0,0,0,0,1,0.0,0,0.99,0.0,0,0,0,0,0,0,0,0,0,1,0,0,0,0,0,0,0,0,0,0,0,0,0,0,0,0,0,0,0,0,0,0,0,0,0,0,0,0,0,0,0,0,0,0,0,0,0,0,0,0,0,0,0,0,0,0,0,0,0,0,0,0,0,0,0,0,0,0,0,0,43,152,0.01,0.0,0.0,0,0,0
120,0.08,0,255,0.06,0.0,0.0,0.05,1.0,14,0.0,0.0,1.0,0,0,0,0,0,0,1,0,0,0,0,0,0,0,0,neptune,0,0,0,0,0,0,0,0,0,0,1,0,0.0,0,0.12,0.99,0,0,0,0,0,0,0,0,0,0,0,0,0,0,0,0,0,0,0,0,0,0,0,0,0,0,0,0,0,0,0,0,0,0,0,0,0,0,0,0,0,0,0,0,0,0,0,1,0,0,0,0,0,0,0,0,0,0,0,0,0,0,0,0,0,0,0,0,0,0,0,14,0.0,0.0,1.0,0,0,0
219,0.07,0,255,0.09,1.0,0.0,0.06,0.0,16,0.0,1.0,0.0,0,0,1,0,0,0,0,0,0,0,0,0,0,0,0,neptune,0,0,0,0,0,0,0,0,0,0,1,0,1.0,0,0.07,0.0,0,0,0,0,0,0,0,0,0,0,0,0,0,0,0,0,0,0,0,0,0,0,0,0,0,0,0,0,0,0,0,0,0,0,0,0,0,0,0,0,0,0,0,0,0,0,0,1,0,0,0,0,0,0,0,0,0,0,0,0,0,0,0,0,0,0,0,0,0,0,0,16,0.0,1.0,0.0,0,0,0
52,0.12,0,255,0.08,0.0,0.0,0.01,1.0,2,0.0,0.0,1.0,0,0,0,0,0,0,1,0,0,0,0,0,0,0,0,neptune,0,0,0,0,0,0,0,0,0,0,1,0,0.0,0,0.04,1.0,0,0,0,0,0,0,0,0,0,0,0,0,0,0,0,0,0,0,0,0,0,0,0,0,0,0,0,0,0,0,0,0,0,0,0,0,0,0,0,0,0,0,0,0,0,0,0,0,0,0,0,0,0,0,0,0,0,1,0,0,0,0,0,0,0,0,0,0,0,0,0,2,0.0,0.0,1.0,0,0,0
11,0.0,864,79,0.0,0.78,0.01,1.0,0.0,255,0.07,0.85,0.0,0,0,0,0,0,0,0,0,0,0,1,0,0,0,0,normal,0,1,0,0,0,0,0,0,0,0,1,0,0.0,0,1.0,0.0,0,0,0,0,0,0,0,0,0,0,0,0,0,0,0,0,0,0,0,0,0,1,0,0,0,0,0,0,0,0,0,0,0,0,0,0,0,0,0,0,0,0,0,0,0,0,0,0,0,0,0,0,0,0,0,0,0,0,0,0,0,0,0,0,0,0,0,0,0,0,333,13,0.15,0.0,0.0,0,0,0
2,1.0,0,34,0.26,0.0,0.18,0.03,0.03,1,0.0,0.0,0.0,6,0,0,0,0,0,0,0,0,0,1,0,0,0,0,normal,0,1,0,0,0,0,0,0,0,0,1,0,0.0,0,0.5,0.0,0,0,0,0,0,0,0,0,0,0,0,0,0,0,0,0,0,0,0,0,0,0,0,0,0,0,0,0,0,0,0,0,0,0,0,0,0,0,0,0,0,0,1,0,0,0,0,0,0,0,0,0,0,0,0,0,0,0,0,0,0,0,0,0,0,0,0,0,0,0,7012,1,0.0,0.0,0.0,0,0,0
1,0.0,334,8,0.25,0.0,0.12,0.88,0.0,158,0.02,0.0,0.01,0,0,0,0,0,0,0,0,0,0,1,0,0,0,0,normal,0,1,0,0,0,0,0,0,0,0,1,0,0.0,0,1.0,0.0,0,0,0,0,0,0,0,0,0,0,0,0,0,0,0,0,0,0,0,0,0,0,0,0,0,0,0,0,0,0,0,0,0,0,0,0,0,0,0,0,0,0,0,0,0,0,0,0,0,0,0,0,1,0,0,0,0,0,0,0,0,0,0,0,0,0,0,0,0,0,1033,1,0.0,0.0,0.0,0,0,0
211,0.06,0,255,0.06,0.0,0.0,0.04,1.0,11,0.0,0.0,1.0,0,0,0,0,0,0,1,0,0,0,0,0,0,0,0,neptune,0,0,0,0,0,0,0,0,0,0,1,0,0.0,0,0.05,1.0,0,0,0,0,0,0,0,0,0,0,0,0,0,0,0,0,0,0,0,0,0,0,0,0,0,0,0,0,0,0,0,0,0,0,0,0,0,0,1,0,0,0,0,0,0,0,0,0,0,0,0,0,0,0,0,0,0,0,0,0,0,0,0,0,0,0,0,0,0,0,0,11,0.0,0.0,1.0,0,0,0
5,0.0,2445,216,0.0,0.0,0.0,1.0,0.0,255,0.01,0.0,0.0,0,0,0,0,0,0,0,0,0,0,1,0,0,0,0,normal,0,1,0,0,0,0,0,0,0,0,1,0,0.0,0,1.0,0.0,0,0,0,0,0,0,0,0,0,0,0,0,0,0,0,0,0,0,0,0,0,1,0,0,0,0,0,0,0,0,0,0,0,0,0,0,0,0,0,0,0,0,0,0,0,0,0,0,0,0,0,0,0,0,0,0,0,0,0,0,0,0,0,0,0,0,0,0,0,0,213,5,0.0,0.0,0.0,0,0,0
203,0.07,0,255,0.08,0.0,0.0,0.01,1.0,2,0.0,0.0,1.0,0,0,0,0,0,0,1,0,0,0,0,0,0,0,0,neptune,0,0,0,0,0,0,0,0,0,0,1,0,0.0,0,0.01,1.0,0,0,0,0,0,0,0,0,0,0,0,0,0,0,0,0,0,0,0,0,0,0,0,0,0,0,0,0,0,0,0,0,0,0,0,0,0,0,0,0,0,0,0,0,0,0,0,0,0,0,0,0,0,0,0,0,0,0,0,0,0,0,0,0,0,1,0,0,0,0,0,2,0.0,0.0,1.0,0,0,0
2,0.0,25519,128,0.0,0.0,0.01,1.0,0.0,255,0.01,0.0,0.0,0,0,0,0,0,0,0,0,0,0,1,0,0,0,0,normal,0,1,0,0,0,0,0,0,0,0,1,0,0.0,0,1.0,0.0,0,0,0,0,0,0,0,0,0,0,0,0,0,0,0,0,0,0,0,0,0,1,0,0,0,0,0,0,0,0,0,0,0,0,0,0,0,0,0,0,0,0,0,0,0,0,0,0,0,0,0,0,0,0,0,0,0,0,0,0,0,0,0,0,0,0,0,0,0,0,313,2,0.0,0.0,0.0,0,0,0
20,0.0,604,85,0.0,0.0,0.01,1.0,0.0,135,0.05,0.0,0.0,0,0,0,0,0,0,0,0,0,0,1,0,0,0,0,normal,0,1,0,0,0,0,0,0,0,0,1,0,0.0,0,1.0,0.0,0,0,0,0,0,0,0,0,0,0,0,0,0,0,0,0,0,0,0,0,0,1,0,0,0,0,0,0,0,0,0,0,0,0,0,0,0,0,0,0,0,0,0,0,0,0,0,0,0,0,0,0,0,0,0,0,0,0,0,0,0,0,0,0,0,0,0,0,0,0,232,20,0.0,0.0,0.0,0,0,0
141,0.06,0,216,0.06,1.0,0.0,0.06,0.0,13,0.0,1.0,0.0,0,0,1,0,0,0,0,0,0,0,0,0,0,0,0,neptune,0,0,0,0,0,0,0,0,0,0,1,0,1.0,0,0.09,0.0,0,0,0,0,0,0,0,0,0,0,0,0,0,0,0,0,0,0,0,0,0,0,0,0,0,0,0,0,0,0,0,0,0,0,0,0,0,0,0,0,0,0,0,0,0,0,0,1,0,0,0,0,0,0,0,0,0,0,0,0,0,0,0,0,0,0,0,0,0,0,0,13,0.0,1.0,0.0,0,0,0
227,0.08,0,255,0.09,1.0,0.0,0.02,0.0,5,0.0,1.0,0.0,0,0,1,0,0,0,0,0,0,0,0,0,0,0,0,neptune,0,0,0,0,0,0,0,0,0,0,1,0,1.0,0,0.02,0.0,0,0,0,0,0,0,0,0,0,0,0,0,0,0,0,0,0,0,0,0,0,0,0,0,0,0,0,0,0,0,0,0,0,0,0,0,0,0,0,0,0,0,0,0,0,0,0,1,0,0,0,0,0,0,0,0,0,0,0,0,0,0,0,0,0,0,0,0,0,0,0,5,0.0,1.0,0.0,0,0,0
217,0.05,0,255,0.05,0.0,0.0,0.03,1.0,8,0.0,0.0,1.0,0,0,0,0,0,0,1,0,0,0,0,0,0,0,0,neptune,0,0,0,0,0,0,0,0,0,0,1,0,0.0,0,0.04,1.0,0,0,0,0,0,0,0,0,0,0,0,0,0,0,0,0,0,0,0,0,0,0,0,0,0,0,0,0,0,0,0,0,0,0,0,0,0,0,0,0,0,0,0,0,0,0,0,0,0,0,0,0,0,0,0,0,0,0,0,0,0,0,0,0,0,0,0,0,0,1,0,8,0.0,0.0,1.0,0,0,0
111,0.07,0,164,0.07,0.0,0.01,0.01,1.0,1,0.0,0.0,1.0,0,0,0,0,0,0,1,0,0,0,0,0,0,0,0,neptune,0,0,0,0,0,0,0,0,0,0,1,0,0.0,0,0.01,1.0,0,0,0,0,0,0,0,0,0,0,0,0,0,0,0,0,0,0,0,0,0,0,0,0,0,0,0,0,0,0,0,0,0,0,0,0,0,0,0,0,0,0,0,0,0,0,0,1,0,0,0,0,0,0,0,0,0,0,0,0,0,0,0,0,0,0,0,0,0,0,0,1,0.0,0.0,1.0,0,0,0
2,0.0,0,156,0.46,0.42,0.26,0.26,0.0,68,0.03,0.01,0.0,0,0,0,0,0,0,0,0,0,0,1,0,0,0,0,normal,0,1,1,0,0,0,0,0,0,0,1,0,0.0,0,1.0,0.0,0,0,0,0,0,0,0,0,0,0,0,0,0,0,0,0,0,1,0,0,0,0,0,0,0,0,0,0,0,0,0,0,0,0,0,0,0,0,0,0,0,0,0,0,0,0,0,0,0,0,0,0,0,0,0,0,0,0,0,0,0,0,0,0,0,0,0,0,0,0,12324,2,0.0,0.0,0.0,0,0,0
1,0.0,0,2,0.0,0.0,1.0,1.0,0.0,38,0.5,0.0,0.0,0,0,0,0,0,0,0,0,0,0,1,0,0,0,0,ipsweep,0,0,0,0,0,0,0,0,0,1,0,0,0.0,0,1.0,0.0,0,0,0,0,0,0,0,0,0,0,0,1,0,0,0,0,0,0,0,0,0,0,0,0,0,0,0,0,0,0,0,0,0,0,0,0,0,0,0,0,0,0,0,0,0,0,0,0,0,0,0,0,0,0,0,0,0,0,0,0,0,0,0,0,0,0,0,0,0,0,8,42,1.0,0.0,0.0,0,0,0
4,0.0,3000,8,0.0,0.0,0.12,1.0,0.0,255,0.02,0.0,0.0,0,0,0,0,0,0,0,0,0,0,1,0,0,0,0,normal,0,1,0,0,0,0,0,0,0,0,1,0,0.0,0,1.0,0.0,0,0,0,0,0,0,0,0,0,0,0,0,0,0,0,0,0,0,0,0,0,1,0,0,0,0,0,0,0,0,0,0,0,0,0,0,0,0,0,0,0,0,0,0,0,0,0,0,0,0,0,0,0,0,0,0,0,0,0,0,0,0,0,0,0,0,0,0,0,0,303,8,0.38,0.0,0.0,0,0,0
147,0.05,0,255,0.07,0.0,0.0,0.06,1.0,15,0.0,0.0,1.0,0,0,0,0,0,0,1,0,0,0,0,0,0,0,0,neptune,0,0,0,0,0,0,0,0,0,0,1,0,0.0,0,0.13,1.0,0,0,0,0,0,0,0,0,0,0,0,0,0,0,0,0,0,0,0,0,0,0,0,0,0,0,0,0,0,0,0,0,0,0,0,0,0,0,0,0,0,0,0,0,0,0,0,1,0,0,0,0,0,0,0,0,0,0,0,0,0,0,0,0,0,0,0,0,0,0,0,19,0.0,0.0,1.0,0,0,0
18,0.0,5156,255,0.0,0.0,0.0,1.0,0.0,255,0.0,0.0,0.0,0,0,0,0,0,0,0,0,0,0,1,0,0,0,0,normal,0,1,0,0,0,0,0,0,0,0,1,0,0.0,0,1.0,0.0,0,0,0,0,0,0,0,0,0,0,0,0,0,0,0,0,0,0,0,0,0,1,0,0,0,0,0,0,0,0,0,0,0,0,0,0,0,0,0,0,0,0,0,0,0,0,0,0,0,0,0,0,0,0,0,0,0,0,0,0,0,0,0,0,0,0,0,0,0,0,321,18,0.0,0.0,0.0,0,0,0
65,0.06,0,255,0.02,0.0,0.01,0.24,1.0,62,0.0,0.0,1.0,0,0,0,0,0,0,1,0,0,0,0,0,0,0,0,neptune,0,0,0,0,0,0,0,0,0,0,1,0,0.0,0,0.25,1.0,0,0,0,0,0,0,0,0,0,0,0,0,0,0,0,0,0,0,0,0,0,0,0,0,0,0,0,0,0,0,0,0,0,0,0,0,0,0,0,0,0,0,0,0,0,0,0,0,0,0,0,0,0,0,0,0,0,0,1,0,0,0,0,0,0,0,0,0,0,0,0,16,0.0,0.0,1.0,0,0,0
5,0.0,31353,5,0.0,0.0,0.2,1.0,0.0,255,0.03,0.0,0.0,0,0,0,0,0,0,0,0,0,0,1,0,0,0,0,normal,0,1,0,0,0,0,0,0,0,0,1,0,0.0,0,1.0,0.0,0,0,0,0,0,0,0,0,0,0,0,0,0,0,0,0,0,0,0,0,0,1,0,0,0,0,0,0,0,0,0,0,0,0,0,0,0,0,0,0,0,0,0,0,0,0,0,0,0,0,0,0,0,0,0,0,0,0,0,0,0,0,0,0,0,0,0,0,0,0,329,5,0.0,0.0,0.0,0,0,0
1,0.0,328,22,0.14,0.0,0.05,0.86,0.0,19,0.0,0.0,0.0,1,0,0,0,0,0,0,0,0,0,1,0,0,0,0,normal,0,1,0,0,0,0,0,0,0,0,1,0,0.0,0,1.0,0.0,0,0,0,0,0,0,0,0,0,0,0,0,0,0,0,0,0,0,0,0,0,0,0,0,0,0,0,0,0,0,0,0,0,0,0,0,0,0,0,0,0,0,0,0,0,0,0,0,0,0,0,0,1,0,0,0,0,0,0,0,0,0,0,0,0,0,0,0,0,0,1230,2,1.0,0.0,0.0,0,0,0
15,0.0,7266,15,0.0,0.0,0.07,1.0,0.0,255,0.01,0.0,0.0,0,0,0,0,0,0,0,0,0,0,1,0,0,0,0,normal,0,1,0,0,0,0,0,0,0,0,1,0,0.0,0,1.0,0.0,0,0,0,0,0,0,0,0,0,0,0,0,0,0,0,0,0,0,0,0,0,1,0,0,0,0,0,0,0,0,0,0,0,0,0,0,0,0,0,0,0,0,0,0,0,0,0,0,0,0,0,0,0,0,0,0,0,0,0,0,0,0,0,0,0,0,0,0,0,0,214,32,0.09,0.0,0.0,0,0,0
10,0.0,1150,10,0.0,0.0,0.1,1.0,0.0,62,0.11,0.03,0.0,0,0,0,0,0,0,0,0,0,0,1,0,0,0,0,normal,0,1,0,0,0,0,0,0,0,0,1,0,0.0,0,1.0,0.0,0,0,0,0,0,0,0,0,0,0,0,0,0,0,0,0,0,0,0,0,0,1,0,0,0,0,0,0,0,0,0,0,0,0,0,0,0,0,0,0,0,0,0,0,0,0,0,0,0,0,0,0,0,0,0,0,0,0,0,0,0,0,0,0,0,0,0,0,0,0,339,14,0.36,0.0,0.0,0,0,0
1,0.0,44,255,0.47,0.46,0.0,0.48,0.37,123,0.0,0.02,0.77,0,0,0,0,0,0,0,0,0,1,0,0,0,0,0,processtable,0,0,0,0,0,0,0,0,0,0,1,0,0.0,0,1.0,1.0,0,0,0,0,0,0,0,0,0,0,0,0,0,0,0,0,0,0,0,0,0,0,0,0,0,0,0,0,0,0,0,0,0,0,0,0,0,0,0,0,0,0,0,0,0,0,0,0,0,0,0,0,0,0,0,0,0,0,1,0,0,0,0,0,0,0,0,0,0,0,0,1,0.0,0.0,1.0,0,0,0
25,0.0,2432,255,0.0,0.0,0.0,1.0,0.0,255,0.0,0.0,0.0,0,0,0,0,0,0,0,0,0,0,1,0,0,0,0,normal,0,1,0,0,0,0,0,0,0,0,1,0,0.0,0,1.0,0.0,0,0,0,0,0,0,0,0,0,0,0,0,0,0,0,0,0,0,0,0,0,1,0,0,0,0,0,0,0,0,0,0,0,0,0,0,0,0,0,0,0,0,0,0,0,0,0,0,0,0,0,0,0,0,0,0,0,0,0,0,0,0,0,0,0,0,0,0,0,0,222,25,0.0,0.0,0.0,0,0,0
36,0.06,0,255,0.06,0.0,0.01,0.06,1.0,16,0.0,0.0,1.0,0,0,0,0,0,0,1,0,0,0,0,0,0,0,0,neptune,0,0,0,0,0,0,0,0,0,0,1,0,0.0,0,0.44,1.0,0,0,0,0,0,0,0,0,0,0,0,0,0,0,0,0,0,1,0,0,0,0,0,0,0,0,0,0,0,0,0,0,0,0,0,0,0,0,0,0,0,0,0,0,0,0,0,0,0,0,0,0,0,0,0,0,0,0,0,0,0,0,0,0,0,0,0,0,0,0,0,16,0.0,0.0,1.0,0,0,0
8,0.0,8735,235,0.0,0.0,0.0,1.0,0.0,255,0.01,0.0,0.0,0,0,0,0,0,0,0,0,0,0,1,0,0,0,0,normal,0,1,0,0,0,0,0,0,0,0,1,0,0.0,0,1.0,0.0,0,0,0,0,0,0,0,0,0,0,0,0,0,0,0,0,0,0,0,0,0,1,0,0,0,0,0,0,0,0,0,0,0,0,0,0,0,0,0,0,0,0,0,0,0,0,0,0,0,0,0,0,0,0,0,0,0,0,0,0,0,0,0,0,0,0,0,0,0,0,251,8,0.0,0.0,0.0,0,0,0
3,0.0,261,3,0.0,0.0,0.33,1.0,0.0,255,0.03,0.0,0.0,0,0,0,0,0,0,0,0,0,0,1,0,0,0,0,normal,0,1,0,0,0,0,0,0,0,0,1,0,0.0,0,1.0,0.0,0,0,0,0,0,0,0,0,0,0,0,0,0,0,0,0,0,0,0,0,0,1,0,0,0,0,0,0,0,0,0,0,0,0,0,0,0,0,0,0,0,0,0,0,0,0,0,0,0,0,0,0,0,0,0,0,0,0,0,0,0,0,0,0,0,0,0,0,0,0,287,3,0.0,0.0,0.0,0,0,0
1,0.0,335,160,0.04,0.0,0.01,0.52,0.0,152,0.01,0.0,0.0,3,0,0,0,0,0,0,0,0,0,1,0,0,0,0,normal,0,1,0,0,0,0,0,0,0,0,1,0,0.0,0,1.0,0.0,0,0,0,0,0,0,0,0,0,0,0,0,0,0,0,0,0,0,0,0,0,0,0,0,0,0,0,0,0,0,0,0,0,0,0,0,0,0,0,0,0,0,0,0,0,0,0,0,0,0,0,0,1,0,0,0,0,0,0,0,0,0,0,0,0,0,0,0,0,0,725,2,1.0,0.0,0.0,0,0,0
134,0.01,77,255,0.01,0.0,0.01,1.0,0.0,254,0.0,0.0,0.0,0,0,0,0,0,0,0,0,0,0,1,0,0,0,0,normal,0,0,0,0,0,0,0,0,0,0,0,1,0.0,0,0.99,0.0,0,0,0,0,0,0,0,0,0,1,0,0,0,0,0,0,0,0,0,0,0,0,0,0,0,0,0,0,0,0,0,0,0,0,0,0,0,0,0,0,0,0,0,0,0,0,0,0,0,0,0,0,0,0,0,0,0,0,0,0,0,0,0,0,0,0,0,0,0,0,43,133,0.0,0.0,0.0,0,0,0
128,0.0,70,255,0.01,0.0,0.0,1.0,0.0,254,0.0,0.0,0.0,0,0,0,0,0,0,0,0,0,0,1,0,0,0,0,normal,0,0,0,0,0,0,0,0,0,0,0,1,0.0,0,1.0,0.0,0,0,0,0,0,0,0,0,0,1,0,0,0,0,0,0,0,0,0,0,0,0,0,0,0,0,0,0,0,0,0,0,0,0,0,0,0,0,0,0,0,0,0,0,0,0,0,0,0,0,0,0,0,0,0,0,0,0,0,0,0,0,0,0,0,0,0,0,0,0,44,128,0.0,0.0,0.0,0,0,0
1,0.0,0,143,0.03,0.0,0.15,0.15,0.0,25,0.08,0.0,0.0,0,0,0,0,0,0,0,0,0,0,1,0,0,0,0,normal,0,0,0,0,0,0,0,0,0,0,1,0,0.0,0,1.0,0.0,0,0,0,0,0,0,0,0,0,0,0,0,0,0,0,0,0,1,0,0,0,0,0,0,0,0,0,0,0,0,0,0,0,0,0,0,0,0,0,0,0,0,0,0,0,0,0,0,0,0,0,0,0,0,0,0,0,0,0,0,0,0,0,0,0,0,0,0,0,0,7321,1,0.0,0.0,0.0,0,0,0
2,0.0,1783,22,0.0,0.0,0.05,1.0,0.0,255,0.05,0.0,0.0,0,0,0,0,0,0,0,0,0,0,1,0,0,0,0,normal,0,1,0,0,0,0,0,0,0,0,1,0,0.0,0,1.0,0.0,0,0,0,0,0,0,0,0,0,0,0,0,0,0,0,0,0,0,0,0,0,1,0,0,0,0,0,0,0,0,0,0,0,0,0,0,0,0,0,0,0,0,0,0,0,0,0,0,0,0,0,0,0,0,0,0,0,0,0,0,0,0,0,0,0,0,0,0,0,0,224,2,0.0,0.0,0.0,0,0,0
109,0.0,130,255,0.0,0.0,0.0,1.0,0.0,255,0.0,0.0,0.0,0,0,0,0,0,0,0,0,0,0,1,0,0,0,0,normal,0,0,0,0,0,0,0,0,0,0,0,1,0.0,0,1.0,0.0,0,0,0,0,0,0,0,0,0,1,0,0,0,0,0,0,0,0,0,0,0,0,0,0,0,0,0,0,0,0,0,0,0,0,0,0,0,0,0,0,0,0,0,0,0,0,0,0,0,0,0,0,0,0,0,0,0,0,0,0,0,0,0,0,0,0,0,0,0,0,44,175,0.01,0.0,0.0,0,0,0
214,0.06,0,255,0.09,0.0,0.0,0.04,1.0,10,0.0,0.0,1.0,0,0,0,0,0,0,1,0,0,0,0,0,0,0,0,neptune,0,0,0,0,0,0,0,0,0,0,1,0,0.0,0,0.03,1.0,0,0,0,0,0,0,0,0,0,0,0,0,0,0,0,0,0,0,0,0,0,0,0,0,0,0,0,0,0,0,0,0,0,0,0,0,0,0,0,0,0,0,0,0,0,0,0,1,0,0,0,0,0,0,0,0,0,0,0,0,0,0,0,0,0,0,0,0,0,0,0,7,0.0,0.0,1.0,0,0,0
1,0.0,0,193,0.03,0.0,0.04,0.04,0.0,11,0.18,0.0,0.0,0,0,0,0,0,0,0,0,0,0,1,0,0,0,0,normal,0,0,0,0,0,0,0,0,0,0,0,1,0.0,0,1.0,0.0,0,0,0,0,0,0,0,0,0,1,0,0,0,0,0,0,0,0,0,0,0,0,0,0,0,0,0,0,0,0,0,0,0,0,0,0,0,0,0,0,0,0,0,0,0,0,0,0,0,0,0,0,0,0,0,0,0,0,0,0,0,0,0,0,0,0,0,0,0,0,33,2,1.0,0.0,0.0,0,0,0
1,0.0,105,176,0.49,0.0,0.86,0.01,0.0,2,0.0,0.0,0.0,13096,0,0,0,0,0,0,0,0,0,1,0,0,0,0,normal,0,0,0,0,0,0,0,0,0,0,0,1,0.0,0,1.0,0.0,0,0,0,0,0,0,0,0,0,0,0,0,0,0,0,0,0,0,0,0,0,0,0,0,0,0,0,0,0,0,0,0,0,0,0,0,0,0,0,0,0,0,1,0,0,0,0,0,0,0,0,0,0,0,0,0,0,0,0,0,0,0,0,0,0,0,0,0,0,0,147,1,0.0,0.0,0.0,0,0,0
2,0.0,0,186,0.0,0.35,0.01,1.0,0.0,255,0.07,0.53,0.0,0,0,1,0,0,0,0,0,0,0,0,0,0,0,0,normal,0,0,0,0,0,0,0,0,0,0,1,0,1.0,0,1.0,0.0,0,0,0,0,0,0,0,0,0,0,0,0,0,0,0,0,0,0,0,0,0,1,0,0,0,0,0,0,0,0,0,0,0,0,0,0,0,0,0,0,0,0,0,0,0,0,0,0,0,0,0,0,0,0,0,0,0,0,0,0,0,0,0,0,0,0,0,0,0,0,0,2,0.0,1.0,0.0,0,0,0
1,0.0,44,255,0.03,0.12,0.0,0.78,0.33,198,0.0,0.07,0.43,7513,0,0,0,0,0,0,0,0,0,1,0,0,0,0,processtable,0,0,0,0,0,0,0,0,0,0,1,0,0.0,0,1.0,0.0,0,0,0,0,0,0,0,0,0,0,0,0,0,0,0,0,0,0,0,0,0,0,0,0,0,0,0,0,0,0,0,0,0,0,0,0,0,0,0,0,0,0,0,0,0,0,0,0,0,0,0,0,0,0,0,0,0,0,1,0,0,0,0,0,0,0,0,0,0,0,0,1,0.0,0.0,0.0,0,0,0
54,0.07,0,255,0.02,0.0,0.01,0.24,1.0,61,0.0,0.0,1.0,0,0,0,0,0,0,1,0,0,0,0,0,0,0,0,neptune,0,0,0,0,0,0,0,0,0,0,1,0,0.0,0,0.28,1.0,0,0,0,0,0,0,0,0,0,0,0,0,0,0,0,1,0,0,0,0,0,0,0,0,0,0,0,0,0,0,0,0,0,0,0,0,0,0,0,0,0,0,0,0,0,0,0,0,0,0,0,0,0,0,0,0,0,0,0,0,0,0,0,0,0,0,0,0,0,0,0,15,0.0,0.0,1.0,0,0,0
4,0.0,301,255,0.0,0.0,0.0,1.0,0.0,255,0.0,0.0,0.0,0,0,0,0,0,0,0,0,0,0,1,0,0,0,0,normal,0,1,0,0,0,0,0,0,0,0,1,0,0.0,0,1.0,0.25,0,0,0,0,0,0,0,0,0,0,0,0,0,0,0,0,0,0,0,0,0,1,0,0,0,0,0,0,0,0,0,0,0,0,0,0,0,0,0,0,0,0,0,0,0,0,0,0,0,0,0,0,0,0,0,0,0,0,0,0,0,0,0,0,0,0,0,0,0,0,229,4,0.0,0.0,0.25,0,0,0
222,0.07,0,255,0.06,0.0,0.0,0.06,1.0,15,0.0,0.0,1.0,0,0,0,0,0,0,1,0,0,0,0,0,0,0,0,neptune,0,0,0,0,0,0,0,0,0,0,1,0,0.0,0,0.03,1.0,0,0,0,0,0,0,0,0,0,0,0,0,0,0,0,0,0,1,0,0,0,0,0,0,0,0,0,0,0,0,0,0,0,0,0,0,0,0,0,0,0,0,0,0,0,0,0,0,0,0,0,0,0,0,0,0,0,0,0,0,0,0,0,0,0,0,0,0,0,0,0,7,0.29,0.0,0.86,0,0,0
3,0.0,701,135,0.0,0.0,0.01,1.0,0.0,255,0.02,0.0,0.0,0,0,0,0,0,0,0,0,0,0,1,0,0,0,0,normal,0,1,0,0,0,0,0,0,0,0,1,0,0.0,0,1.0,0.0,0,0,0,0,0,0,0,0,0,0,0,0,0,0,0,0,0,0,0,0,0,1,0,0,0,0,0,0,0,0,0,0,0,0,0,0,0,0,0,0,0,0,0,0,0,0,0,0,0,0,0,0,0,0,0,0,0,0,0,0,0,0,0,0,0,0,0,0,0,0,222,3,0.0,0.0,0.0,0,0,0
3,0.0,4451,3,0.0,0.0,0.33,1.0,0.0,255,0.04,0.0,0.01,0,0,0,0,0,0,0,0,0,0,1,0,0,0,0,normal,0,1,0,0,0,0,0,0,0,0,1,0,0.0,0,1.0,0.0,0,0,0,0,0,0,0,0,0,0,0,0,0,0,0,0,0,0,0,0,0,1,0,0,0,0,0,0,0,0,0,0,0,0,0,0,0,0,0,0,0,0,0,0,0,0,0,0,0,0,0,0,0,0,0,0,0,0,0,0,0,0,0,0,0,0,0,0,0,0,314,3,0.0,0.0,0.0,0,0,0
1,0.0,497,6,0.0,0.0,0.17,1.0,0.0,255,0.02,0.0,0.0,0,0,0,0,0,0,0,0,0,0,1,0,0,0,0,normal,0,1,0,0,0,0,0,0,0,0,1,0,0.0,0,1.0,0.0,0,0,0,0,0,0,0,0,0,0,0,0,0,0,0,0,0,0,0,0,0,1,0,0,0,0,0,0,0,0,0,0,0,0,0,0,0,0,0,0,0,0,0,0,0,0,0,0,0,0,0,0,0,0,0,0,0,0,0,0,0,0,0,0,0,0,0,0,0,0,226,4,0.5,0.0,0.0,0,0,0
4,0.0,3347,74,0.0,0.0,0.01,1.0,0.01,255,0.02,0.0,0.0,0,0,0,0,0,0,0,0,0,0,1,0,0,0,0,normal,0,1,0,0,0,0,0,0,0,0,1,0,0.0,0,1.0,0.0,0,0,0,0,0,0,0,0,0,0,0,0,0,0,0,0,0,0,0,0,0,1,0,0,0,0,0,0,0,0,0,0,0,0,0,0,0,0,0,0,0,0,0,0,0,0,0,0,0,0,0,0,0,0,0,0,0,0,0,0,0,0,0,0,0,0,0,0,0,0,342,15,0.13,0.0,0.0,0,0,0
13,0.23,0,255,0.08,0.0,0.0,0.01,1.0,3,0.0,0.0,1.0,0,0,0,0,0,0,1,0,0,0,0,0,0,0,0,neptune,0,0,0,0,0,0,0,0,0,0,1,0,0.0,0,0.23,1.0,0,0,0,0,0,0,0,0,0,0,0,0,0,0,0,0,0,0,0,0,0,0,0,0,0,1,0,0,0,0,0,0,0,0,0,0,0,0,0,0,0,0,0,0,0,0,0,0,0,0,0,0,0,0,0,0,0,0,0,0,0,0,0,0,0,0,0,0,0,0,0,3,0.0,0.0,1.0,0,0,0
29,0.0,12689,255,0.0,0.0,0.0,1.0,0.0,255,0.0,0.0,0.0,0,0,0,0,0,0,0,0,0,0,1,0,0,0,0,normal,0,1,0,0,0,0,0,0,0,0,1,0,0.0,0,1.0,0.0,0,0,0,0,0,0,0,0,0,0,0,0,0,0,0,0,0,0,0,0,0,1,0,0,0,0,0,0,0,0,0,0,0,0,0,0,0,0,0,0,0,0,0,0,0,0,0,0,0,0,0,0,0,0,0,0,0,0,0,0,0,0,0,0,0,0,0,0,0,0,204,30,0.07,0.0,0.0,0,0,0
2,1.0,0,1,0.0,0.0,1.0,1.0,1.0,2,1.0,0.0,0.5,0,0,0,0,0,0,1,0,0,0,0,0,0,0,0,neptune,0,0,0,0,0,0,0,0,0,0,1,0,0.0,0,0.5,0.5,0,0,0,0,0,0,0,0,0,0,0,0,0,0,0,0,0,0,0,0,0,0,0,0,0,0,0,0,0,0,0,0,0,0,0,0,0,0,0,0,0,0,0,0,0,0,0,0,0,0,0,0,0,0,0,0,0,0,1,0,0,0,0,0,0,0,0,0,0,0,0,1,0.0,0.0,1.0,0,0,0
1,0.0,0,2,0.0,0.0,1.0,1.0,0.0,21,0.52,0.0,0.0,0,0,0,0,0,0,0,0,0,0,1,0,0,0,0,ipsweep,0,0,0,0,0,0,0,0,0,1,0,0,0.0,0,1.0,0.0,0,0,0,0,0,0,0,0,0,0,0,1,0,0,0,0,0,0,0,0,0,0,0,0,0,0,0,0,0,0,0,0,0,0,0,0,0,0,0,0,0,0,0,0,0,0,0,0,0,0,0,0,0,0,0,0,0,0,0,0,0,0,0,0,0,0,0,0,0,0,8,20,1.0,0.0,0.0,0,0,0
296,0.05,0,255,0.06,0.0,0.0,0.01,1.0,2,0.0,0.0,1.0,0,0,0,0,0,0,1,0,0,0,0,0,0,0,0,neptune,0,0,0,0,0,0,0,0,0,0,1,0,0.0,0,0.02,1.0,0,0,0,0,0,0,0,0,0,0,0,0,0,0,0,0,0,0,0,0,0,0,0,0,0,0,0,0,0,0,0,0,0,0,0,0,0,0,0,0,0,0,0,0,0,0,0,1,0,0,0,0,0,0,0,0,0,0,0,0,0,0,0,0,0,0,0,0,0,0,0,7,0.0,0.0,1.0,0,0,0
253,0.06,0,255,0.07,0.0,0.0,0.07,1.0,18,0.0,0.0,1.0,0,0,0,0,0,0,1,0,0,0,0,0,0,0,0,neptune,0,0,0,0,0,0,0,0,0,0,1,0,0.0,0,0.08,1.0,0,0,0,0,0,0,0,0,0,0,0,0,0,0,0,0,0,0,0,0,0,0,0,0,0,0,0,0,0,0,0,0,0,0,0,0,0,0,0,0,0,0,0,0,0,0,0,1,0,0,0,0,0,0,0,0,0,0,0,0,0,0,0,0,0,0,0,0,0,0,0,19,0.0,0.0,1.0,0,0,0
257,0.06,0,255,0.07,1.0,0.0,0.05,0.0,12,0.0,1.0,0.0,0,0,0,1,0,0,0,0,0,0,0,0,0,0,0,neptune,0,0,0,0,0,0,0,0,0,0,1,0,1.0,0,0.05,0.0,0,0,0,0,0,0,0,1,0,0,0,0,0,0,0,0,0,0,0,0,0,0,0,0,0,0,0,0,0,0,0,0,0,0,0,0,0,0,0,0,0,0,0,0,0,0,0,0,0,0,0,0,0,0,0,0,0,0,0,0,0,0,0,0,0,0,0,0,0,0,0,12,0.0,1.0,0.0,0,0,0
232,0.07,0,255,0.08,0.0,0.0,0.0,1.0,1,0.0,0.0,1.0,0,0,0,0,0,0,1,0,0,0,0,0,0,0,0,neptune,0,0,0,0,0,0,0,0,0,0,1,0,0.0,0,0.02,1.0,0,0,0,0,0,0,0,0,0,0,0,0,0,0,0,0,0,0,0,0,0,0,0,0,0,0,0,0,0,0,0,0,0,0,0,0,0,0,0,0,0,0,0,0,0,0,0,1,0,0,0,0,0,0,0,0,0,0,0,0,0,0,0,0,0,0,0,0,0,0,0,4,0.0,0.0,1.0,0,0,0
2,0.0,8314,35,0.0,0.0,0.03,1.0,0.0,35,0.0,0.0,0.0,0,0,0,0,0,0,0,0,0,0,1,0,2,0,0,back,0,1,0,1,0,0,0,0,0,0,1,0,0.0,0,1.0,0.0,0,0,0,0,0,0,0,0,0,0,0,0,0,0,0,0,0,0,0,0,0,1,0,0,0,0,0,0,0,0,0,0,0,0,0,0,0,0,0,0,0,0,0,0,0,0,0,0,0,0,0,0,0,0,0,0,0,0,0,0,0,0,0,0,0,0,0,0,0,0,54540,2,0.0,0.0,0.0,0,0,0
26,0.19,0,255,0.83,0.71,0.19,0.01,0.1,2,0.0,0.0,0.0,0,0,0,0,0,0,0,0,0,0,1,0,0,0,0,satan,0,0,0,0,0,0,0,0,0,0,0,1,0.0,0,0.08,0.0,0,0,0,0,0,0,0,0,0,0,0,0,0,0,0,0,0,0,0,0,0,0,0,0,0,0,0,0,0,0,0,0,0,0,0,0,0,0,0,0,0,0,0,0,0,0,0,1,0,0,0,0,0,0,0,0,0,0,0,0,0,0,0,0,0,0,0,0,0,0,1,2,0.0,0.0,0.0,0,0,0
14,0.0,1211,255,0.0,0.0,0.01,1.0,0.0,255,0.0,0.0,0.0,0,0,0,0,0,0,0,0,0,0,1,0,0,0,0,normal,0,1,0,0,0,0,0,0,0,0,1,0,0.0,0,1.0,0.0,0,0,0,0,0,0,0,0,0,0,0,0,0,0,0,0,0,0,0,0,0,1,0,0,0,0,0,0,0,0,0,0,0,0,0,0,0,0,0,0,0,0,0,0,0,0,0,0,0,0,0,0,0,0,0,0,0,0,0,0,0,0,0,0,0,0,0,0,0,0,218,14,0.0,0.0,0.0,0,0,0
2,1.0,337,160,0.04,0.01,0.01,0.44,0.0,126,0.02,0.0,0.0,0,0,0,0,0,0,0,0,0,0,1,0,0,0,0,normal,0,1,0,0,0,0,0,0,0,0,1,0,0.0,0,0.5,0.0,0,0,0,0,0,0,0,0,0,0,0,0,0,0,0,0,0,0,0,0,0,0,0,0,0,0,0,0,0,0,0,0,0,0,0,0,0,0,0,0,0,0,0,0,0,0,0,0,0,0,0,0,1,0,0,0,0,0,0,0,0,0,0,0,0,0,0,0,0,0,2370,1,0.0,0.0,0.0,0,0,0
13,0.0,0,255,0.0,0.0,1.0,1.0,0.0,255,0.0,0.0,0.0,0,0,0,0,0,0,0,0,0,0,1,0,0,0,0,smurf,0,0,0,0,0,0,0,0,0,1,0,0,0.0,0,1.0,0.0,0,0,0,0,0,0,0,0,0,0,0,0,1,0,0,0,0,0,0,0,0,0,0,0,0,0,0,0,0,0,0,0,0,0,0,0,0,0,0,0,0,0,0,0,0,0,0,0,0,0,0,0,0,0,0,0,0,0,0,0,0,0,0,0,0,0,0,0,0,0,520,13,0.0,0.0,0.0,0,0,0
12,0.0,0,146,0.04,0.0,0.29,0.29,0.0,92,0.02,0.0,0.0,0,0,0,0,0,0,0,0,0,0,1,0,0,0,0,normal,0,1,0,0,0,0,0,0,0,0,1,0,0.0,0,1.0,0.0,0,0,0,0,0,0,0,0,0,0,0,0,0,0,0,0,0,1,0,0,0,0,0,0,0,0,0,0,0,0,0,0,0,0,0,0,0,0,0,0,0,0,0,0,0,0,0,0,0,0,0,0,0,0,0,0,0,0,0,0,0,0,0,0,0,0,0,0,0,0,10044,13,0.15,0.0,0.0,0,0,0
3,0.0,273,255,0.02,0.0,0.0,0.7,0.0,178,0.0,0.0,0.0,0,0,0,0,0,0,0,0,0,0,1,0,0,0,0,normal,0,1,0,0,0,0,0,0,0,0,1,0,0.0,0,1.0,0.0,0,0,0,0,0,0,0,0,0,0,0,0,0,0,0,0,0,0,0,0,0,1,0,0,0,0,0,0,0,0,0,0,0,0,0,0,0,0,0,0,0,0,0,0,0,0,0,0,0,0,0,0,0,0,0,0,0,0,0,0,0,0,0,0,0,0,0,0,0,0,250,5,0.6,0.0,0.0,0,0,0
2,0.0,339,255,0.0,0.0,0.0,1.0,0.01,255,0.0,0.0,0.01,0,0,0,0,0,0,0,0,0,0,1,0,0,0,0,normal,0,1,0,0,0,0,0,0,0,0,1,0,0.0,0,1.0,0.0,0,0,0,0,0,0,0,0,0,0,0,0,0,0,0,0,0,0,0,0,0,1,0,0,0,0,0,0,0,0,0,0,0,0,0,0,0,0,0,0,0,0,0,0,0,0,0,0,0,0,0,0,0,0,0,0,0,0,0,0,0,0,0,0,0,0,0,0,0,0,339,2,0.0,0.0,0.0,0,0,0
1,0.0,0,255,0.05,0.0,0.0,0.0,0.01,1,0.0,0.0,1.0,0,0,0,0,0,0,0,1,0,0,0,0,1,0,0,normal,0,0,0,0,0,0,0,0,0,0,1,0,0.0,0,1.0,1.0,0,0,0,0,0,0,0,0,0,0,0,0,0,0,0,0,0,0,0,0,0,0,0,0,0,0,0,0,0,0,0,0,0,0,0,0,0,0,0,0,0,0,0,0,0,0,0,0,0,0,0,0,0,0,0,0,0,0,1,0,0,0,0,0,0,0,0,0,0,0,0,1,0.0,0.0,1.0,0,0,0
1,0.0,0,86,0.07,0.0,0.47,0.47,0.0,45,0.04,0.0,0.0,0,0,0,0,0,0,0,0,0,0,1,0,0,0,0,normal,0,0,0,0,0,0,0,0,0,0,1,0,0.0,0,1.0,0.0,0,0,0,0,0,0,0,0,0,0,0,0,0,0,0,0,0,1,0,0,0,0,0,0,0,0,0,0,0,0,0,0,0,0,0,0,0,0,0,0,0,0,0,0,0,0,0,0,0,0,0,0,0,0,0,0,0,0,0,0,0,0,0,0,0,0,0,0,0,0,29,1,0.0,0.0,0.0,0,0,0
7,0.0,4014,227,0.0,0.0,0.0,1.0,0.0,255,0.01,0.0,0.0,0,0,0,0,0,0,0,0,0,0,1,0,0,0,0,normal,0,1,0,0,0,0,0,0,0,0,1,0,0.0,0,1.0,0.0,0,0,0,0,0,0,0,0,0,0,0,0,0,0,0,0,0,0,0,0,0,1,0,0,0,0,0,0,0,0,0,0,0,0,0,0,0,0,0,0,0,0,0,0,0,0,0,0,0,0,0,0,0,0,0,0,0,0,0,0,0,0,0,0,0,0,0,0,0,0,251,7,0.0,0.0,0.0,0,0,0
1,0.0,447,139,0.03,0.0,0.01,0.76,0.0,179,0.01,0.0,0.0,9,0,0,0,0,0,0,0,0,0,1,0,0,0,0,normal,0,1,0,0,0,0,0,0,0,0,1,0,0.0,0,1.0,0.0,0,0,0,0,0,0,0,0,0,0,0,0,0,0,0,0,0,0,0,0,0,0,0,0,0,0,0,0,0,0,0,0,0,0,0,0,0,0,0,0,0,0,0,0,0,0,0,0,0,0,0,0,1,0,0,0,0,0,0,0,0,0,0,0,0,0,0,0,0,0,2912,2,1.0,0.0,0.0,0,0,0
1,0.0,105,255,0.62,0.0,0.91,0.0,0.0,1,0.0,0.0,0.0,2468,0,0,0,0,0,0,0,0,0,1,0,0,0,0,normal,0,0,0,0,0,0,0,0,0,0,0,1,0.0,0,1.0,0.0,0,0,0,0,0,0,0,0,0,0,0,0,0,0,0,0,0,0,0,0,0,0,0,0,0,0,0,0,0,0,0,0,0,0,0,0,0,0,0,0,0,0,1,0,0,0,0,0,0,0,0,0,0,0,0,0,0,0,0,0,0,0,0,0,0,0,0,0,0,0,146,1,0.0,0.0,0.0,0,0,0
246,0.05,0,255,0.07,0.0,0.0,0.02,1.0,5,0.0,0.0,1.0,0,0,0,0,0,0,1,0,0,0,0,0,0,0,0,neptune,0,0,0,0,0,0,0,0,0,0,1,0,0.0,0,0.07,1.0,0,0,0,0,0,0,0,0,0,0,0,0,0,0,0,0,0,0,0,0,0,0,0,0,0,0,0,1,0,0,0,0,0,0,0,0,0,0,0,0,0,0,0,0,0,0,0,0,0,0,0,0,0,0,0,0,0,0,0,0,0,0,0,0,0,0,0,0,0,0,0,18,0.0,0.0,1.0,0,0,0
8,0.0,6806,48,0.0,0.0,0.02,1.0,0.0,48,0.0,0.0,0.0,0,0,0,0,0,0,0,0,0,0,1,0,0,0,0,normal,0,1,0,0,0,0,0,0,0,0,1,0,0.0,0,1.0,0.0,0,0,0,0,0,0,0,0,0,0,0,0,0,0,0,0,0,0,0,0,0,1,0,0,0,0,0,0,0,0,0,0,0,0,0,0,0,0,0,0,0,0,0,0,0,0,0,0,0,0,0,0,0,0,0,0,0,0,0,0,0,0,0,0,0,0,0,0,0,0,177,8,0.0,0.0,0.0,0,0,0
2,0.0,0,153,0.46,0.44,0.27,0.27,0.0,42,0.0,0.02,0.0,0,0,0,0,0,0,0,0,0,0,1,0,0,0,0,normal,0,1,0,0,0,0,0,0,0,0,1,0,0.0,0,1.0,0.0,0,0,0,0,0,0,0,0,0,0,0,0,0,0,0,0,0,1,0,0,0,0,0,0,0,0,0,0,0,0,0,0,0,0,0,0,0,0,0,0,0,0,0,0,0,0,0,0,0,0,0,0,0,0,0,0,0,0,0,0,0,0,0,0,0,0,0,0,0,0,192,2,0.0,0.0,0.0,0,0,0
241,0.05,0,255,0.06,1.0,0.0,0.07,0.0,18,0.0,1.0,0.0,0,0,1,0,0,0,0,0,0,0,0,0,0,0,0,neptune,0,0,0,0,0,0,0,0,0,0,1,0,1.0,0,0.07,0.0,0,0,0,0,0,0,0,0,0,0,0,0,0,0,0,0,0,0,0,0,0,0,0,0,0,0,0,0,0,0,0,0,0,0,0,0,0,0,0,0,0,0,0,0,0,0,0,1,0,0,0,0,0,0,0,0,0,0,0,0,0,0,0,0,0,0,0,0,0,0,0,18,0.0,1.0,0.0,0,0,0
24,0.0,1408,255,0.0,0.0,0.0,1.0,0.0,255,0.0,0.0,0.0,0,0,0,0,0,0,0,0,0,0,1,0,0,0,0,normal,0,1,0,0,0,0,0,0,0,0,1,0,0.0,0,1.0,0.0,0,0,0,0,0,0,0,0,0,0,0,0,0,0,0,0,0,0,0,0,0,1,0,0,0,0,0,0,0,0,0,0,0,0,0,0,0,0,0,0,0,0,0,0,0,0,0,0,0,0,0,0,0,0,0,0,0,0,0,0,0,0,0,0,0,0,0,0,0,0,236,24,0.0,0.0,0.0,0,0,0
1,0.0,0,168,0.03,0.0,0.27,0.27,0.0,64,0.03,0.0,0.0,0,0,0,0,0,0,0,0,0,0,1,0,0,0,0,normal,0,1,0,0,0,0,0,0,0,0,1,0,0.0,0,1.0,0.0,0,0,0,0,0,0,0,0,0,0,0,0,0,0,0,0,0,1,0,0,0,0,0,0,0,0,0,0,0,0,0,0,0,0,0,0,0,0,0,0,0,0,0,0,0,0,0,0,0,0,0,0,0,0,0,0,0,0,0,0,0,0,0,0,0,0,0,0,0,0,12,2,1.0,0.0,0.0,0,0,0
2,0.0,12446,22,0.0,0.0,0.05,1.0,0.0,255,0.04,0.0,0.0,0,0,0,0,0,0,0,0,0,0,1,0,0,0,0,normal,0,1,0,0,0,0,0,0,0,0,1,0,0.0,0,1.0,0.0,0,0,0,0,0,0,0,0,0,0,0,0,0,0,0,0,0,0,0,0,0,1,0,0,0,0,0,0,0,0,0,0,0,0,0,0,0,0,0,0,0,0,0,0,0,0,0,0,0,0,0,0,0,0,0,0,0,0,0,0,0,0,0,0,0,0,0,0,0,0,188,6,0.5,0.0,0.0,0,0,0
15,0.0,2402,119,0.0,0.0,0.01,1.0,0.01,255,0.04,0.0,0.0,0,0,0,0,0,0,0,0,0,0,1,0,0,0,0,normal,0,1,0,0,0,0,0,0,0,0,1,0,0.0,0,1.0,0.0,0,0,0,0,0,0,0,0,0,0,0,0,0,0,0,0,0,0,0,0,0,1,0,0,0,0,0,0,0,0,0,0,0,0,0,0,0,0,0,0,0,0,0,0,0,0,0,0,0,0,0,0,0,0,0,0,0,0,0,0,0,0,0,0,0,0,0,0,0,0,310,15,0.0,0.0,0.0,0,0,0
1,0.0,44,255,0.51,0.49,0.0,0.43,0.33,109,0.0,0.0,0.77,0,0,0,0,0,0,0,0,0,1,0,0,0,0,0,processtable,0,0,0,0,0,0,0,0,0,0,1,0,0.0,0,1.0,1.0,0,0,0,0,0,0,0,0,0,0,0,0,0,0,0,0,0,0,0,0,0,0,0,0,0,0,0,0,0,0,0,0,0,0,0,0,0,0,0,0,0,0,0,0,0,0,0,0,0,0,0,0,0,0,0,0,0,0,1,0,0,0,0,0,0,0,0,0,0,0,0,1,0.0,0.0,1.0,0,0,0
3,0.0,3073,248,0.0,0.0,0.0,1.0,0.0,255,0.02,0.0,0.0,0,0,0,0,0,0,0,0,0,0,1,0,0,0,0,normal,0,1,0,0,0,0,0,0,0,0,1,0,0.0,0,1.0,0.0,0,0,0,0,0,0,0,0,0,0,0,0,0,0,0,0,0,0,0,0,0,1,0,0,0,0,0,0,0,0,0,0,0,0,0,0,0,0,0,0,0,0,0,0,0,0,0,0,0,0,0,0,0,0,0,0,0,0,0,0,0,0,0,0,0,0,0,0,0,0,297,3,0.0,0.0,0.0,0,0,0
491,1.0,0,255,1.0,0.93,0.0,0.0,0.07,1,0.0,1.0,0.0,0,0,1,0,0,0,0,0,0,0,0,0,0,0,0,satan,0,0,0,0,0,0,0,0,0,0,1,0,0.96,0,0.0,0.04,0,0,0,0,0,0,0,0,0,0,0,0,0,0,0,0,0,0,0,0,0,0,0,0,0,0,0,0,0,0,0,0,0,0,0,0,0,0,0,0,0,0,1,0,0,0,0,0,0,0,0,0,0,0,0,0,0,0,0,0,0,0,0,0,0,0,0,0,0,0,0,1,0.0,1.0,0.0,0,0,0
47,0.0,839,255,0.0,0.0,0.0,1.0,0.0,255,0.0,0.0,0.0,0,0,0,0,0,0,0,0,0,0,1,0,0,0,0,normal,0,1,0,0,0,0,0,0,0,0,1,0,0.0,0,1.0,0.0,0,0,0,0,0,0,0,0,0,0,0,0,0,0,0,0,0,0,0,0,0,1,0,0,0,0,0,0,0,0,0,0,0,0,0,0,0,0,0,0,0,0,0,0,0,0,0,0,0,0,0,0,0,0,0,0,0,0,0,0,0,0,0,0,0,0,0,0,0,0,297,47,0.0,0.0,0.0,0,0,0
14,0.0,3400,255,0.0,0.0,0.0,1.0,0.0,255,0.0,0.0,0.0,0,0,0,0,0,0,0,0,0,0,1,0,0,0,0,normal,0,1,0,0,0,0,0,0,0,0,1,0,0.0,0,1.0,0.0,0,0,0,0,0,0,0,0,0,0,0,0,0,0,0,0,0,0,0,0,0,1,0,0,0,0,0,0,0,0,0,0,0,0,0,0,0,0,0,0,0,0,0,0,0,0,0,0,0,0,0,0,0,0,0,0,0,0,0,0,0,0,0,0,0,0,0,0,0,0,313,14,0.0,0.0,0.0,0,0,0
1,0.0,0,2,0.0,0.0,1.0,1.0,0.0,180,0.5,0.0,0.0,0,0,0,0,0,0,0,0,0,0,1,0,0,0,0,ipsweep,0,0,0,0,0,0,0,0,0,1,0,0,0.0,0,1.0,0.0,0,0,0,0,0,0,0,0,0,0,0,1,0,0,0,0,0,0,0,0,0,0,0,0,0,0,0,0,0,0,0,0,0,0,0,0,0,0,0,0,0,0,0,0,0,0,0,0,0,0,0,0,0,0,0,0,0,0,0,0,0,0,0,0,0,0,0,0,0,0,8,20,1.0,0.0,0.0,0,0,0
8,0.5,0,255,0.09,0.0,0.0,0.01,1.0,2,0.0,0.0,1.0,0,0,0,0,0,0,1,0,0,0,0,0,0,0,0,neptune,0,0,0,0,0,0,0,0,0,0,1,0,0.0,0,0.12,1.0,0,0,0,0,0,0,0,0,0,0,0,0,0,0,0,0,0,0,0,0,1,0,0,0,0,0,0,0,0,0,0,0,0,0,0,0,0,0,0,0,0,0,0,0,0,0,0,0,0,0,0,0,0,0,0,0,0,0,0,0,0,0,0,0,0,0,0,0,0,0,0,1,0.0,0.0,1.0,0,0,0
1,0.0,9533,142,0.0,0.0,0.01,1.0,0.0,255,0.02,0.0,0.0,0,0,0,0,0,0,0,0,0,0,1,0,0,0,0,normal,0,1,0,0,0,0,0,0,0,0,1,0,0.0,0,1.0,0.0,0,0,0,0,0,0,0,0,0,0,0,0,0,0,0,0,0,0,0,0,0,1,0,0,0,0,0,0,0,0,0,0,0,0,0,0,0,0,0,0,0,0,0,0,0,0,0,0,0,0,0,0,0,0,0,0,0,0,0,0,0,0,0,0,0,0,0,0,0,0,144,1,0.0,0.0,0.0,0,0,0
209,0.05,0,255,0.05,0.0,0.0,0.1,1.0,25,0.0,0.0,1.0,0,0,0,0,0,0,1,0,0,0,0,0,0,0,0,neptune,0,0,0,0,0,0,0,0,0,0,1,0,0.0,0,0.12,1.0,0,0,0,0,0,0,0,0,0,0,0,0,0,0,0,0,0,0,0,0,0,0,0,0,0,0,0,0,0,0,0,0,0,0,0,0,0,0,0,0,0,0,0,0,0,0,0,1,0,0,0,0,0,0,0,0,0,0,0,0,0,0,0,0,0,0,0,0,0,0,0,25,0.0,0.0,1.0,0,0,0
1,0.0,23265,81,0.0,0.0,0.01,1.0,0.0,255,0.02,0.0,0.0,0,0,0,0,0,0,0,0,0,0,1,0,0,0,0,normal,0,1,0,0,0,0,0,0,0,0,1,0,0.0,0,1.0,0.0,0,0,0,0,0,0,0,0,0,0,0,0,0,0,0,0,0,0,0,0,0,1,0,0,0,0,0,0,0,0,0,0,0,0,0,0,0,0,0,0,0,0,0,0,0,0,0,0,0,0,0,0,0,0,0,0,0,0,0,0,0,0,0,0,0,0,0,0,0,0,230,1,0.0,0.0,0.0,0,0,0
87,0.07,0,255,0.06,1.0,0.0,0.01,0.0,3,0.0,1.0,0.0,0,0,1,0,0,0,0,0,0,0,0,0,0,0,0,neptune,0,0,0,0,0,0,0,0,0,0,1,0,1.0,0,0.23,0.0,0,0,0,0,0,0,0,0,0,0,0,0,0,0,0,0,0,0,0,0,0,0,0,0,0,0,0,0,0,0,0,0,0,0,0,0,0,0,0,0,0,0,0,0,0,0,0,1,0,0,0,0,0,0,0,0,0,0,0,0,0,0,0,0,0,0,0,0,0,0,0,20,0.0,1.0,0.0,0,0,0
1,0.0,2257,1,0.0,0.0,1.0,1.0,0.0,7,0.86,0.0,0.0,10,0,0,0,0,0,0,0,0,0,1,0,0,0,0,normal,0,1,0,0,0,0,0,0,0,0,1,0,0.0,0,1.0,0.0,0,0,0,0,0,0,0,0,0,0,0,0,0,0,0,0,0,0,0,0,0,0,0,0,0,0,0,0,0,0,0,0,0,0,0,0,0,0,0,0,0,0,0,0,0,0,0,0,0,0,0,0,0,0,0,0,0,0,1,0,0,0,0,0,0,0,0,0,0,0,139,1,0.0,0.0,0.0,0,0,0
8,0.0,1215,187,0.0,0.0,0.01,1.0,0.0,255,0.01,0.0,0.0,0,0,0,0,0,0,0,0,0,0,1,0,0,0,0,normal,0,1,0,0,0,0,0,0,0,0,1,0,0.0,0,1.0,0.0,0,0,0,0,0,0,0,0,0,0,0,0,0,0,0,0,0,0,0,0,0,1,0,0,0,0,0,0,0,0,0,0,0,0,0,0,0,0,0,0,0,0,0,0,0,0,0,0,0,0,0,0,0,0,0,0,0,0,0,0,0,0,0,0,0,0,0,0,0,0,244,12,0.33,0.0,0.0,0,0,0
14,0.0,2120,255,0.0,0.0,0.0,1.0,0.0,255,0.0,0.0,0.0,0,0,0,0,0,0,0,0,0,0,1,0,0,0,0,normal,0,1,0,0,0,0,0,0,0,0,1,0,0.0,0,1.0,0.0,0,0,0,0,0,0,0,0,0,0,0,0,0,0,0,0,0,0,0,0,0,1,0,0,0,0,0,0,0,0,0,0,0,0,0,0,0,0,0,0,0,0,0,0,0,0,0,0,0,0,0,0,0,0,0,0,0,0,0,0,0,0,0,0,0,0,0,0,0,0,220,14,0.0,0.0,0.0,0,0,0
296,0.04,0,255,0.05,0.0,0.0,0.09,1.0,24,0.0,0.0,1.0,0,0,0,0,0,0,1,0,0,0,0,0,0,0,0,neptune,0,0,0,0,0,0,0,0,0,0,1,0,0.0,0,0.08,1.0,0,0,0,0,0,0,0,0,0,0,0,0,0,0,0,0,0,0,0,0,0,0,0,0,0,0,0,0,0,0,0,0,0,0,0,0,0,0,0,0,0,0,0,0,0,0,0,0,0,0,0,0,0,0,0,0,0,0,0,0,0,0,0,0,0,0,0,0,0,1,0,24,0.0,0.0,1.0,0,0,0
2,0.0,1736,26,0.0,0.0,0.04,1.0,0.0,243,0.08,0.0,0.0,0,0,0,0,0,0,0,0,0,0,1,0,0,0,0,normal,0,1,0,0,0,0,0,0,0,0,1,0,0.0,0,1.0,0.0,0,0,0,0,0,0,0,0,0,0,0,0,0,0,0,0,0,0,0,0,0,1,0,0,0,0,0,0,0,0,0,0,0,0,0,0,0,0,0,0,0,0,0,0,0,0,0,0,0,0,0,0,0,0,0,0,0,0,0,0,0,0,0,0,0,0,0,0,0,0,297,2,0.0,0.0,0.0,0,0,0
449,0.0,0,210,0.0,0.0,1.0,1.0,0.0,210,0.0,0.0,0.0,0,0,0,0,0,0,0,0,0,0,1,0,0,0,0,smurf,0,0,0,0,0,0,0,0,0,1,0,0,0.0,0,1.0,0.0,0,0,0,0,0,0,0,0,0,0,0,0,1,0,0,0,0,0,0,0,0,0,0,0,0,0,0,0,0,0,0,0,0,0,0,0,0,0,0,0,0,0,0,0,0,0,0,0,0,0,0,0,0,0,0,0,0,0,0,0,0,0,0,0,0,0,0,0,0,0,520,449,0.0,0.0,0.0,0,0,0
159,0.06,0,255,0.05,0.0,0.0,0.1,1.0,25,0.0,0.0,1.0,0,0,0,0,0,0,1,0,0,0,0,0,0,0,0,neptune,0,0,0,0,0,0,0,0,0,0,1,0,0.0,0,0.16,1.0,0,0,0,0,0,0,0,0,0,0,0,0,0,0,0,0,0,0,0,0,0,0,0,0,0,0,0,0,0,0,0,0,0,0,0,0,0,0,0,0,0,0,0,0,0,0,0,1,0,0,0,0,0,0,0,0,0,0,0,0,0,0,0,0,0,0,0,0,0,0,0,25,0.0,0.0,1.0,0,0,0
203,0.01,134,205,0.01,0.0,0.0,0.81,0.0,166,0.0,0.0,0.0,0,0,0,0,0,0,0,0,0,0,1,0,0,0,0,normal,0,0,0,0,0,0,0,0,0,0,0,1,0.0,0,1.0,0.0,0,0,0,0,0,0,0,0,0,1,0,0,0,0,0,0,0,0,0,0,0,0,0,0,0,0,0,0,0,0,0,0,0,0,0,0,0,0,0,0,0,0,0,0,0,0,0,0,0,0,0,0,0,0,0,0,0,0,0,0,0,0,0,0,0,0,0,0,0,0,46,280,0.01,0.0,0.0,0,0,0
1,0.0,4481,13,0.0,0.0,0.08,1.0,0.0,255,0.03,0.0,0.0,0,0,0,0,0,0,0,0,0,0,1,0,0,0,0,normal,0,1,0,0,0,0,0,0,0,0,1,0,0.0,0,1.0,0.0,0,0,0,0,0,0,0,0,0,0,0,0,0,0,0,0,0,0,0,0,0,1,0,0,0,0,0,0,0,0,0,0,0,0,0,0,0,0,0,0,0,0,0,0,0,0,0,0,0,0,0,0,0,0,0,0,0,0,0,0,0,0,0,0,0,0,0,0,0,0,161,2,1.0,0.0,0.0,0,0,0
7,0.0,392,191,0.0,0.0,0.01,1.0,0.0,255,0.02,0.0,0.0,0,0,0,0,0,0,0,0,0,0,1,0,0,0,0,normal,0,1,0,0,0,0,0,0,0,0,1,0,0.0,0,1.0,0.0,0,0,0,0,0,0,0,0,0,0,0,0,0,0,0,0,0,0,0,0,0,1,0,0,0,0,0,0,0,0,0,0,0,0,0,0,0,0,0,0,0,0,0,0,0,0,0,0,0,0,0,0,0,0,0,0,0,0,0,0,0,0,0,0,0,0,0,0,0,0,299,7,0.0,0.0,0.0,0,0,0
1,0.0,335,57,0.07,0.0,0.02,0.32,0.02,138,0.01,0.0,0.01,1,0,0,0,0,0,0,0,0,0,1,0,0,0,0,normal,0,1,0,0,0,0,0,0,0,0,1,0,0.0,0,1.0,0.0,0,0,0,0,0,0,0,0,0,0,0,0,0,0,0,0,0,0,0,0,0,0,0,0,0,0,0,0,0,0,0,0,0,0,0,0,0,0,0,0,0,0,0,0,0,0,0,0,0,0,0,0,1,0,0,0,0,0,0,0,0,0,0,0,0,0,0,0,0,0,709,2,1.0,0.0,0.0,0,0,0
2,0.0,0,255,0.65,0.0,0.04,0.04,0.0,11,0.0,0.0,0.0,0,0,0,0,0,0,0,0,0,0,1,0,0,0,0,normal,0,1,0,0,0,0,0,0,0,0,1,0,0.0,0,1.0,0.0,0,0,0,0,0,0,0,0,0,0,0,0,0,0,0,0,0,1,0,0,0,0,0,0,0,0,0,0,0,0,0,0,0,0,0,0,0,0,0,0,0,0,0,0,0,0,0,0,0,0,0,0,0,0,0,0,0,0,0,0,0,0,0,0,0,0,0,0,0,0,7280,2,0.0,0.0,0.0,0,0,0
1,0.0,302,249,0.29,0.26,0.0,0.25,0.0,64,0.03,0.0,0.0,0,0,0,0,0,0,0,0,0,0,1,0,0,0,0,normal,0,1,0,0,0,0,0,0,0,0,1,0,0.0,0,1.0,0.0,0,0,0,0,0,0,0,0,0,0,0,0,0,0,0,0,0,0,0,0,0,0,0,0,0,0,0,0,0,0,0,0,0,0,0,0,0,0,0,0,0,0,0,0,0,0,0,0,0,0,0,0,1,0,0,0,0,0,0,0,0,0,0,0,0,0,0,0,0,0,1487,1,0.0,0.0,0.0,0,0,0
2,0.0,0,81,0.02,0.0,0.28,0.28,0.0,51,0.04,0.0,0.0,0,0,0,0,0,0,0,0,0,0,1,0,0,0,0,normal,0,1,0,0,0,0,0,0,0,0,1,0,0.0,0,1.0,0.0,0,0,0,0,0,0,0,0,0,0,0,0,0,0,0,0,0,1,0,0,0,0,0,0,0,0,0,0,0,0,0,0,0,0,0,0,0,0,0,0,0,0,0,0,0,0,0,0,0,0,0,0,0,0,0,0,0,0,0,0,0,0,0,0,0,0,0,0,0,0,383,2,0.0,0.0,0.0,0,0,0
125,0.06,0,255,0.07,0.0,0.0,0.03,1.0,8,0.0,0.0,1.0,0,0,0,0,0,0,1,0,0,0,0,0,0,0,0,neptune,0,0,0,0,0,0,0,0,0,0,1,0,0.0,0,0.1,1.0,0,0,0,0,0,0,0,0,0,0,0,0,0,0,0,0,0,0,0,0,0,0,0,0,0,0,0,0,0,0,0,0,0,0,0,0,0,0,0,1,0,0,0,0,0,0,0,0,0,0,0,0,0,0,0,0,0,0,0,0,0,0,0,0,0,0,0,0,0,0,0,13,0.0,0.0,1.0,0,0,0
78,0.0,131,255,0.01,0.0,0.0,1.0,0.0,254,0.0,0.0,0.0,0,0,0,0,0,0,0,0,0,0,1,0,0,0,0,normal,0,0,0,0,0,0,0,0,0,0,0,1,0.0,0,1.0,0.0,0,0,0,0,0,0,0,0,0,1,0,0,0,0,0,0,0,0,0,0,0,0,0,0,0,0,0,0,0,0,0,0,0,0,0,0,0,0,0,0,0,0,0,0,0,0,0,0,0,0,0,0,0,0,0,0,0,0,0,0,0,0,0,0,0,0,0,0,0,0,45,158,0.01,0.0,0.0,0,0,0
8,0.0,1483,255,0.0,0.0,0.0,1.0,0.0,255,0.0,0.0,0.0,0,0,0,0,0,0,0,0,0,0,1,0,0,0,0,normal,0,1,0,0,0,0,0,0,0,0,1,0,0.0,0,1.0,0.0,0,0,0,0,0,0,0,0,0,0,0,0,0,0,0,0,0,0,0,0,0,1,0,0,0,0,0,0,0,0,0,0,0,0,0,0,0,0,0,0,0,0,0,0,0,0,0,0,0,0,0,0,0,0,0,0,0,0,0,0,0,0,0,0,0,0,0,0,0,0,252,13,0.15,0.0,0.0,0,0,0
1,0.0,0,205,0.0,0.0,1.0,1.0,0.0,205,0.0,0.0,0.0,0,0,0,0,0,0,0,0,0,0,1,0,0,0,0,normal,0,0,0,0,0,0,0,0,0,1,0,0,0.0,0,1.0,0.0,0,0,0,0,0,0,0,0,0,0,0,0,1,0,0,0,0,0,0,0,0,0,0,0,0,0,0,0,0,0,0,0,0,0,0,0,0,0,0,0,0,0,0,0,0,0,0,0,0,0,0,0,0,0,0,0,0,0,0,0,0,0,0,0,0,0,0,0,0,0,30,1,0.0,0.0,0.0,0,0,0
1,0.0,599,255,0.87,0.85,0.0,0.06,0.0,15,0.0,0.0,0.0,282,0,0,0,0,0,0,0,0,0,1,0,2,1,0,warezmaster,0,1,0,0,0,0,0,0,0,0,1,0,0.0,0,1.0,0.0,0,0,0,0,0,0,0,0,0,0,0,0,0,0,0,0,1,0,0,0,0,0,0,0,0,0,0,0,0,0,0,0,0,0,0,0,0,0,0,0,0,0,0,0,0,0,0,0,0,0,0,0,0,0,0,0,0,0,0,0,0,0,0,0,0,0,0,0,0,0,160,1,0.0,0.0,0.0,0,0,0
2,0.0,8314,247,0.0,0.02,0.0,1.0,0.0,247,0.0,0.02,0.0,0,0,0,0,0,0,0,0,0,0,1,0,2,0,0,back,0,1,0,1,0,0,0,0,0,0,1,0,0.0,0,1.0,0.0,0,0,0,0,0,0,0,0,0,0,0,0,0,0,0,0,0,0,0,0,0,1,0,0,0,0,0,0,0,0,0,0,0,0,0,0,0,0,0,0,0,0,0,0,0,0,0,0,0,0,0,0,0,0,0,0,0,0,0,0,0,0,0,0,0,0,0,0,0,0,54540,2,0.0,0.0,0.0,0,0,0
62,0.06,0,144,0.03,0.0,0.01,0.24,0.99,63,0.03,0.0,0.56,0,0,0,0,0,0,1,0,0,0,0,0,0,0,0,neptune,0,0,0,0,0,0,0,0,0,0,1,0,0.0,0,0.24,1.0,0,0,0,0,0,0,0,0,0,0,0,0,0,0,0,0,0,1,0,0,0,0,0,0,0,0,0,0,0,0,0,0,0,0,0,0,0,0,0,0,0,0,0,0,0,0,0,0,0,0,0,0,0,0,0,0,0,0,0,0,0,0,0,0,0,0,0,0,0,0,0,15,0.0,0.0,1.0,0,0,0
6,0.0,2670,6,0.0,0.0,0.17,1.0,0.0,255,0.02,0.0,0.0,0,0,0,0,0,0,0,0,0,0,1,0,0,0,0,normal,0,1,0,0,0,0,0,0,0,0,1,0,0.0,0,1.0,0.0,0,0,0,0,0,0,0,0,0,0,0,0,0,0,0,0,0,0,0,0,0,1,0,0,0,0,0,0,0,0,0,0,0,0,0,0,0,0,0,0,0,0,0,0,0,0,0,0,0,0,0,0,0,0,0,0,0,0,0,0,0,0,0,0,0,0,0,0,0,0,217,6,0.0,0.0,0.0,0,0,0
486,1.0,0,255,1.0,0.93,0.0,0.0,0.07,1,0.0,1.0,0.0,0,0,1,0,0,0,0,0,0,0,0,0,0,0,0,satan,0,0,0,0,0,0,0,0,0,0,1,0,0.92,0,0.0,0.08,0,0,0,0,0,0,0,0,0,0,0,0,0,0,0,0,0,0,0,0,0,0,0,0,0,0,0,0,0,0,0,0,0,0,0,0,0,0,0,0,0,0,1,0,0,0,0,0,0,0,0,0,0,0,0,0,0,0,0,0,0,0,0,0,0,0,0,0,0,0,0,1,0.0,1.0,0.0,0,0,0
1,0.0,0,255,0.02,0.0,0.4,0.4,0.0,103,0.0,0.0,0.0,0,0,0,0,0,0,0,0,0,0,1,0,0,0,0,normal,0,1,0,0,0,0,0,0,0,0,1,0,0.0,0,1.0,0.0,0,0,0,0,0,0,0,0,0,0,0,0,0,0,0,0,0,1,0,0,0,0,0,0,0,0,0,0,0,0,0,0,0,0,0,0,0,0,0,0,0,0,0,0,0,0,0,0,0,0,0,0,0,0,0,0,0,0,0,0,0,0,0,0,0,0,0,0,0,0,1010,1,0.0,0.0,0.0,0,0,0
144,0.06,0,255,0.07,0.0,0.0,0.07,1.0,17,0.0,0.0,1.0,0,0,0,0,0,0,1,0,0,0,0,0,0,0,0,neptune,0,0,0,0,0,0,0,0,0,0,1,0,0.0,0,0.14,1.0,0,0,0,0,0,0,0,0,0,0,0,0,0,0,0,0,0,0,0,0,0,0,0,0,0,0,0,0,0,0,0,0,0,0,0,0,0,0,0,0,0,0,0,0,0,0,0,1,0,0,0,0,0,0,0,0,0,0,0,0,0,0,0,0,0,0,0,0,0,0,0,20,0.0,0.0,1.0,0,0,0
313,0.52,0,255,0.52,1.0,1.0,0.0,0.0,1,0.0,1.0,0.0,0,0,1,0,0,0,0,0,0,0,0,0,0,0,0,portsweep,0,0,0,0,0,0,0,0,0,0,1,0,1.0,0,0.0,0.0,0,0,0,0,0,0,0,0,0,0,0,0,0,0,0,0,0,0,0,0,0,0,0,0,0,0,0,0,0,0,0,0,0,0,0,0,0,0,0,0,0,0,0,0,0,0,0,1,0,0,0,0,0,0,0,0,0,0,0,0,0,0,0,0,0,0,0,0,0,0,0,1,0.0,1.0,0.0,0,0,0
30,0.0,0,255,0.0,0.11,0.0,1.0,0.0,255,0.0,0.11,0.0,913,0,0,0,0,1,0,0,0,0,0,0,0,0,0,apache2,0,1,0,0,0,0,0,0,0,0,1,0,0.93,0,1.0,0.03,0,0,0,0,0,0,0,0,0,0,0,0,0,0,0,0,0,0,0,0,0,1,0,0,0,0,0,0,0,0,0,0,0,0,0,0,0,0,0,0,0,0,0,0,0,0,0,0,0,0,0,0,0,0,0,0,0,0,0,0,0,0,0,0,0,0,0,0,0,0,56504,30,0.0,0.93,0.03,0,0,0
82,0.06,0,255,0.07,0.0,0.0,0.07,1.0,17,0.0,0.0,1.0,0,0,0,0,0,0,1,0,0,0,0,0,0,0,0,neptune,0,0,0,0,0,0,0,0,0,0,1,0,0.0,0,0.04,1.0,0,0,0,0,0,0,0,0,0,0,0,0,0,0,0,0,0,0,0,0,0,0,0,0,0,0,0,0,0,0,0,0,0,0,0,0,0,0,0,0,0,0,0,0,0,0,0,1,0,0,0,0,0,0,0,0,0,0,0,0,0,0,0,0,0,0,0,0,0,0,0,3,0.0,0.0,1.0,0,0,0
8,0.25,44,55,0.04,0.0,0.02,0.96,0.0,53,0.0,0.0,0.0,30,0,0,0,0,0,0,0,0,0,1,0,0,0,0,normal,0,0,0,0,0,0,0,0,0,0,0,1,0.0,0,0.12,0.0,0,0,0,0,0,0,0,0,0,1,0,0,0,0,0,0,0,0,0,0,0,0,0,0,0,0,0,0,0,0,0,0,0,0,0,0,0,0,0,0,0,0,0,0,0,0,0,0,0,0,0,0,0,0,0,0,0,0,0,0,0,0,0,0,0,0,0,0,0,0,44,8,0.25,0.0,0.0,0,0,0
79,0.05,0,255,0.07,0.0,0.0,0.05,1.0,13,0.0,0.0,1.0,0,0,0,0,0,0,1,0,0,0,0,0,0,0,0,neptune,0,0,0,0,0,0,0,0,0,0,1,0,0.0,0,0.24,1.0,0,0,0,0,0,0,0,0,0,0,0,0,0,0,0,0,0,0,0,0,0,0,0,0,0,0,0,0,0,0,0,0,0,0,0,0,0,0,0,0,0,0,0,0,0,0,0,1,0,0,0,0,0,0,0,0,0,0,0,0,0,0,0,0,0,0,0,0,0,0,0,19,0.0,0.0,1.0,0,0,0
7,0.0,1490,52,0.0,0.0,0.02,1.0,0.0,255,0.04,0.0,0.0,0,0,0,0,0,0,0,0,0,0,1,0,0,0,0,normal,0,1,0,0,0,0,0,0,0,0,1,0,0.0,0,1.0,0.0,0,0,0,0,0,0,0,0,0,0,0,0,0,0,0,0,0,0,0,0,0,1,0,0,0,0,0,0,0,0,0,0,0,0,0,0,0,0,0,0,0,0,0,0,0,0,0,0,0,0,0,0,0,0,0,0,0,0,0,0,0,0,0,0,0,0,0,0,0,0,314,8,0.25,0.0,0.0,0,0,0
3,0.0,788,255,0.0,0.0,0.0,1.0,0.0,255,0.0,0.0,0.0,0,0,0,0,0,0,0,0,0,0,1,0,0,0,0,normal,0,1,0,0,0,0,0,0,0,0,1,0,0.0,0,1.0,0.0,0,0,0,0,0,0,0,0,0,0,0,0,0,0,0,0,0,0,0,0,0,1,0,0,0,0,0,0,0,0,0,0,0,0,0,0,0,0,0,0,0,0,0,0,0,0,0,0,0,0,0,0,0,0,0,0,0,0,0,0,0,0,0,0,0,0,0,0,0,0,310,3,0.0,0.0,0.0,0,0,0
10,0.0,709,10,0.0,0.0,0.1,1.0,0.0,117,0.07,0.0,0.0,0,0,0,0,0,0,0,0,0,0,1,0,0,0,0,normal,0,1,0,0,0,0,0,0,0,0,1,0,0.0,0,1.0,0.0,0,0,0,0,0,0,0,0,0,0,0,0,0,0,0,0,0,0,0,0,0,1,0,0,0,0,0,0,0,0,0,0,0,0,0,0,0,0,0,0,0,0,0,0,0,0,0,0,0,0,0,0,0,0,0,0,0,0,0,0,0,0,0,0,0,0,0,0,0,0,207,10,0.0,0.0,0.0,0,0,0
139,0.06,0,255,0.08,0.0,0.0,0.06,1.0,15,0.0,0.0,1.0,0,0,0,0,0,0,1,0,0,0,0,0,0,0,0,neptune,0,0,0,0,0,0,0,0,0,0,1,0,0.0,0,0.12,1.0,0,0,0,0,0,0,0,0,0,0,0,0,0,0,0,0,0,0,0,0,0,0,0,0,0,0,0,0,0,0,0,0,0,0,0,0,0,0,0,0,0,0,0,0,0,0,0,1,0,0,0,0,0,0,0,0,0,0,0,0,0,0,0,0,0,0,0,0,0,0,0,16,0.0,0.0,1.0,0,0,0
5,0.0,9241,32,0.0,0.0,0.03,1.0,0.0,255,0.03,0.0,0.0,0,0,0,0,0,0,0,0,0,0,1,0,0,0,0,normal,0,1,0,0,0,0,0,0,0,0,1,0,0.0,0,1.0,0.0,0,0,0,0,0,0,0,0,0,0,0,0,0,0,0,0,0,0,0,0,0,1,0,0,0,0,0,0,0,0,0,0,0,0,0,0,0,0,0,0,0,0,0,0,0,0,0,0,0,0,0,0,0,0,0,0,0,0,0,0,0,0,0,0,0,0,0,0,0,0,330,5,0.0,0.0,0.0,0,0,0
116,0.0,74,255,0.01,0.0,0.01,0.99,0.0,252,0.0,0.0,0.0,0,0,0,0,0,0,0,0,0,0,1,0,0,0,0,normal,0,0,0,0,0,0,0,0,0,0,0,1,0.0,0,1.0,0.0,0,0,0,0,0,0,0,0,0,1,0,0,0,0,0,0,0,0,0,0,0,0,0,0,0,0,0,0,0,0,0,0,0,0,0,0,0,0,0,0,0,0,0,0,0,0,0,0,0,0,0,0,0,0,0,0,0,0,0,0,0,0,0,0,0,0,0,0,0,0,44,116,0.0,0.0,0.0,0,0,0
3,0.0,1380,255,0.01,0.0,0.0,0.97,0.0,248,0.0,0.0,0.0,0,0,0,0,0,0,0,0,0,0,1,0,0,0,0,normal,0,1,0,0,0,0,0,0,0,0,1,0,0.0,0,1.0,0.0,0,0,0,0,0,0,0,0,0,0,0,0,0,0,0,0,0,0,0,0,0,1,0,0,0,0,0,0,0,0,0,0,0,0,0,0,0,0,0,0,0,0,0,0,0,0,0,0,0,0,0,0,0,0,0,0,0,0,0,0,0,0,0,0,0,0,0,0,0,0,235,3,0.0,0.0,0.0,0,0,0
123,0.07,0,255,0.06,0.0,0.0,0.07,1.0,18,0.0,0.0,1.0,0,0,0,0,0,0,1,0,0,0,0,0,0,0,0,neptune,0,0,0,0,0,0,0,0,0,0,1,0,0.0,0,0.15,1.0,0,0,0,1,0,0,0,0,0,0,0,0,0,0,0,0,0,0,0,0,0,0,0,0,0,0,0,0,0,0,0,0,0,0,0,0,0,0,0,0,0,0,0,0,0,0,0,0,0,0,0,0,0,0,0,0,0,0,0,0,0,0,0,0,0,0,0,0,0,0,0,18,0.0,0.0,1.0,0,0,0
2,0.0,4815,35,0.0,0.0,0.03,1.0,0.0,255,0.03,0.0,0.0,0,0,0,0,0,0,0,0,0,0,1,0,0,0,0,normal,0,1,0,0,0,0,0,0,0,0,1,0,0.0,0,1.0,0.0,0,0,0,0,0,0,0,0,0,0,0,0,0,0,0,0,0,0,0,0,0,1,0,0,0,0,0,0,0,0,0,0,0,0,0,0,0,0,0,0,0,0,0,0,0,0,0,0,0,0,0,0,0,0,0,0,0,0,0,0,0,0,0,0,0,0,0,0,0,0,333,4,0.5,0.0,0.0,0,0,0
511,1.0,0,255,1.0,0.69,0.0,0.0,0.31,1,0.0,1.0,0.0,0,0,1,0,0,0,0,0,0,0,0,0,0,0,0,satan,0,0,0,0,0,0,0,0,0,0,1,0,0.76,0,0.0,0.24,0,0,0,0,0,0,0,0,0,0,0,0,0,0,0,0,0,0,0,0,0,0,0,0,0,0,0,0,0,0,0,0,0,0,0,0,0,0,0,0,0,0,1,0,0,0,0,0,0,0,0,0,0,0,0,0,0,0,0,0,0,0,0,0,0,0,0,0,0,0,0,1,0.0,1.0,0.0,0,0,0
4,0.0,753,68,0.0,0.0,0.01,1.0,0.0,255,0.01,0.0,0.0,0,0,0,0,0,0,0,0,0,0,1,0,0,0,0,normal,0,1,0,0,0,0,0,0,0,0,1,0,0.0,0,1.0,0.0,0,0,0,0,0,0,0,0,0,0,0,0,0,0,0,0,0,0,0,0,0,1,0,0,0,0,0,0,0,0,0,0,0,0,0,0,0,0,0,0,0,0,0,0,0,0,0,0,0,0,0,0,0,0,0,0,0,0,0,0,0,0,0,0,0,0,0,0,0,0,192,17,0.12,0.0,0.0,0,0,0
463,1.0,0,255,1.0,0.94,0.0,0.0,0.06,1,0.0,1.0,0.0,0,0,1,0,0,0,0,0,0,0,0,0,0,0,0,satan,0,0,0,0,0,0,0,0,0,0,1,0,0.92,0,0.0,0.08,0,0,0,0,0,0,0,0,0,0,0,0,0,0,0,0,0,0,0,0,0,0,0,0,0,0,0,0,0,0,0,0,0,0,0,0,0,0,0,0,0,0,1,0,0,0,0,0,0,0,0,0,0,0,0,0,0,0,0,0,0,0,0,0,0,0,0,0,0,0,0,1,0.0,1.0,0.0,0,0,0
214,0.06,0,255,0.07,1.0,0.0,0.04,0.0,11,0.0,1.0,0.0,0,0,1,0,0,0,0,0,0,0,0,0,0,0,0,neptune,0,0,0,0,0,0,0,0,0,0,1,0,1.0,0,0.05,0.0,0,0,0,0,0,0,0,0,0,0,0,0,0,0,0,0,0,0,0,0,0,0,0,0,0,0,0,0,0,0,0,0,0,0,0,0,0,0,0,0,0,0,0,0,0,0,0,1,0,0,0,0,0,0,0,0,0,0,0,0,0,0,0,0,0,0,0,0,0,0,0,11,0.0,1.0,0.0,0,0,0
1,0.0,2014,99,0.0,0.0,0.01,1.0,0.0,255,0.07,0.0,0.0,0,0,0,0,0,0,0,0,0,0,1,0,0,0,0,normal,0,1,0,0,0,0,0,0,0,0,1,0,0.0,0,1.0,0.0,0,0,0,0,0,0,0,0,0,0,0,0,0,0,0,0,0,0,0,0,0,1,0,0,0,0,0,0,0,0,0,0,0,0,0,0,0,0,0,0,0,0,0,0,0,0,0,0,0,0,0,0,0,0,0,0,0,0,0,0,0,0,0,0,0,0,0,0,0,0,205,3,1.0,0.0,0.0,0,0,0
283,0.06,0,255,0.07,1.0,0.0,0.07,0.0,17,0.0,1.0,0.0,0,0,1,0,0,0,0,0,0,0,0,0,0,0,0,neptune,0,0,0,0,0,0,0,0,0,0,1,0,1.0,0,0.06,0.0,0,0,0,0,0,0,0,0,0,0,0,0,0,0,0,0,0,0,0,0,0,1,0,0,0,0,0,0,0,0,0,0,0,0,0,0,0,0,0,0,0,0,0,0,0,0,0,0,0,0,0,0,0,0,0,0,0,0,0,0,0,0,0,0,0,0,0,0,0,0,0,17,0.0,1.0,0.0,0,0,0
246,0.07,0,255,0.07,1.0,0.0,0.07,0.0,19,0.0,1.0,0.0,0,0,1,0,0,0,0,0,0,0,0,0,0,0,0,neptune,0,0,0,0,0,0,0,0,0,0,1,0,1.0,0,0.08,0.0,0,0,0,0,0,0,0,0,0,0,0,0,0,0,0,0,0,0,0,0,0,0,0,0,0,0,0,0,0,0,0,0,0,0,0,0,0,0,0,0,0,0,0,0,0,0,0,1,0,0,0,0,0,0,0,0,0,0,0,0,0,0,0,0,0,0,0,0,0,0,0,19,0.0,1.0,0.0,0,0,0
149,0.05,0,255,0.06,0.0,0.0,0.08,1.0,20,0.0,0.0,1.0,0,0,0,0,0,0,1,0,0,0,0,0,0,0,0,neptune,0,0,0,0,0,0,0,0,0,0,1,0,0.0,0,0.13,1.0,0,0,0,0,0,0,0,0,0,0,0,0,0,0,0,0,0,0,0,0,0,0,0,1,0,0,0,0,0,0,0,0,0,0,0,0,0,0,0,0,0,0,0,0,0,0,0,0,0,0,0,0,0,0,0,0,0,0,0,0,0,0,0,0,0,0,0,0,0,0,0,20,0.0,0.0,1.0,0,0,0
128,0.05,0,255,0.05,0.0,0.0,0.03,1.0,8,0.0,0.0,1.0,0,0,0,0,0,0,1,0,0,0,0,0,0,0,0,neptune,0,0,0,0,0,0,0,0,0,0,1,0,0.0,0,0.06,1.0,0,0,0,0,0,0,0,0,0,0,0,0,0,0,0,0,0,0,0,0,0,0,0,0,0,0,0,0,0,0,0,0,0,0,0,0,0,0,0,0,0,0,0,0,0,0,0,0,0,0,0,0,0,0,0,0,0,0,0,0,0,0,0,0,1,0,0,0,0,0,0,8,0.0,0.0,1.0,0,0,0
264,0.01,46,153,0.01,0.0,0.3,0.78,0.0,120,0.0,0.0,0.0,0,0,0,0,0,0,0,0,0,0,1,0,0,0,0,normal,0,0,0,0,0,0,0,0,0,0,0,1,0.0,0,1.0,0.0,0,0,0,0,0,0,0,0,0,1,0,0,0,0,0,0,0,0,0,0,0,0,0,0,0,0,0,0,0,0,0,0,0,0,0,0,0,0,0,0,0,0,0,0,0,0,0,0,0,0,0,0,0,0,0,0,0,0,0,0,0,0,0,0,0,0,0,0,0,0,132,263,0.0,0.0,0.0,0,0,0
3,0.0,656,255,0.0,0.0,0.0,1.0,0.01,255,0.0,0.0,0.01,0,0,0,0,0,0,0,0,0,0,1,0,0,0,0,normal,0,1,0,0,0,0,0,0,0,0,1,0,0.0,0,1.0,0.33,0,0,0,0,0,0,0,0,0,0,0,0,0,0,0,0,0,0,0,0,0,1,0,0,0,0,0,0,0,0,0,0,0,0,0,0,0,0,0,0,0,0,0,0,0,0,0,0,0,0,0,0,0,0,0,0,0,0,0,0,0,0,0,0,0,0,0,0,0,0,294,9,0.22,0.0,0.11,0,0,0
1,0.0,38,55,0.09,0.0,0.02,0.04,0.0,9,0.22,0.0,0.0,0,0,0,0,0,0,0,0,0,0,1,0,0,0,0,normal,0,1,0,0,0,0,0,0,0,0,1,0,0.0,0,1.0,0.0,0,1,0,0,0,0,0,0,0,0,0,0,0,0,0,0,0,0,0,0,0,0,0,0,0,0,0,0,0,0,0,0,0,0,0,0,0,0,0,0,0,0,0,0,0,0,0,0,0,0,0,0,0,0,0,0,0,0,0,0,0,0,0,0,0,0,0,0,0,0,9,1,0.0,0.0,0.0,0,0,0
97,0.02,44,255,0.01,0.0,0.01,1.0,0.0,254,0.0,0.0,0.0,0,0,0,0,0,0,0,0,0,0,1,0,0,0,0,normal,0,0,0,0,0,0,0,0,0,0,0,1,0.0,0,0.99,0.0,0,0,0,0,0,0,0,0,0,1,0,0,0,0,0,0,0,0,0,0,0,0,0,0,0,0,0,0,0,0,0,0,0,0,0,0,0,0,0,0,0,0,0,0,0,0,0,0,0,0,0,0,0,0,0,0,0,0,0,0,0,0,0,0,0,0,0,0,0,0,44,170,0.01,0.0,0.0,0,0,0
160,0.06,0,255,0.07,0.0,0.0,0.02,1.0,5,0.0,0.0,1.0,0,0,0,0,0,0,1,0,0,0,0,0,0,0,0,neptune,0,0,0,0,0,0,0,0,0,0,1,0,0.0,0,0.03,1.0,0,0,0,0,0,0,0,0,0,0,0,0,0,0,0,0,0,0,0,0,0,0,0,0,0,0,0,0,0,0,0,0,0,0,0,0,0,0,0,0,0,0,0,0,0,0,0,1,0,0,0,0,0,0,0,0,0,0,0,0,0,0,0,0,0,0,0,0,0,0,0,4,0.0,0.0,1.0,0,0,0
134,0.06,0,255,0.06,0.93,0.0,0.07,0.0,17,0.0,1.0,0.0,0,0,1,0,0,0,0,0,0,0,0,0,0,0,0,neptune,0,0,0,0,0,0,0,0,0,0,1,0,1.0,0,0.13,0.0,0,0,0,0,0,0,0,0,0,0,0,0,0,0,0,0,0,0,0,0,0,0,0,0,0,0,0,0,0,0,0,0,0,0,0,0,0,0,0,0,0,0,0,0,0,0,0,1,0,0,0,0,0,0,0,0,0,0,0,0,0,0,0,0,0,0,0,0,0,0,0,17,0.0,1.0,0.0,0,0,0
117,0.06,0,255,0.07,0.0,0.0,0.05,1.0,12,0.0,0.0,1.0,0,0,0,0,0,0,1,0,0,0,0,0,0,0,0,neptune,0,0,0,0,0,0,0,0,0,0,1,0,0.0,0,0.13,1.0,0,0,0,0,0,0,0,0,0,0,0,0,0,0,0,0,0,0,0,0,0,0,0,0,0,0,0,0,0,0,0,0,0,0,0,0,0,0,0,0,0,0,0,0,0,0,0,1,0,0,0,0,0,0,0,0,0,0,0,0,0,0,0,0,0,0,0,0,0,0,0,15,0.0,0.0,1.0,0,0,0
3,0.0,12656,43,0.0,0.0,0.02,1.0,0.0,255,0.03,0.0,0.01,0,0,0,0,0,0,0,0,0,0,1,0,0,0,0,normal,0,1,0,0,0,0,0,0,0,0,1,0,0.0,0,1.0,0.0,0,0,0,0,0,0,0,0,0,0,0,0,0,0,0,0,0,0,0,0,0,1,0,0,0,0,0,0,0,0,0,0,0,0,0,0,0,0,0,0,0,0,0,0,0,0,0,0,0,0,0,0,0,0,0,0,0,0,0,0,0,0,0,0,0,0,0,0,0,0,222,14,0.21,0.0,0.0,0,0,0
103,0.07,0,28,0.14,1.0,0.04,0.07,0.0,2,0.0,1.0,0.0,0,0,1,0,0,0,0,0,0,0,0,0,0,0,0,neptune,0,0,0,0,0,0,0,0,0,0,1,0,1.0,0,0.02,0.0,0,0,0,0,0,0,0,0,0,0,0,0,0,0,0,0,0,0,0,0,0,0,0,0,0,0,0,0,0,0,0,0,0,0,0,0,0,0,0,0,0,0,0,0,0,0,0,1,0,0,0,0,0,0,0,0,0,0,0,0,0,0,0,0,0,0,0,0,0,0,0,2,0.0,1.0,0.0,0,0,0
14,0.0,580,56,0.0,0.0,0.04,1.0,0.0,255,0.04,0.0,0.0,0,0,0,0,0,0,0,0,0,0,1,0,0,0,0,normal,0,1,0,0,0,0,0,0,0,0,1,0,0.0,0,1.0,0.0,0,0,0,0,0,0,0,0,0,0,0,0,0,0,0,0,0,0,0,0,0,1,0,0,0,0,0,0,0,0,0,0,0,0,0,0,0,0,0,0,0,0,0,0,0,0,0,0,0,0,0,0,0,0,0,0,0,0,0,0,0,0,0,0,0,0,0,0,0,0,209,21,0.1,0.0,0.0,0,0,0
50,0.08,0,255,0.05,0.0,0.01,0.04,1.0,9,0.0,0.0,1.0,0,0,0,0,0,0,1,0,0,0,0,0,0,0,0,neptune,0,0,0,0,0,0,0,0,0,0,1,0,0.0,0,0.3,1.0,0,0,0,0,0,0,0,0,0,0,0,0,0,0,0,0,0,0,0,0,0,1,0,0,0,0,0,0,0,0,0,0,0,0,0,0,0,0,0,0,0,0,0,0,0,0,0,0,0,0,0,0,0,0,0,0,0,0,0,0,0,0,0,0,0,0,0,0,0,0,0,15,0.0,0.0,1.0,0,0,0
2,1.0,44,18,0.11,0.0,0.06,0.94,0.0,17,0.0,0.0,0.0,28,0,0,0,0,0,0,0,0,0,1,0,0,0,0,normal,0,0,0,0,0,0,0,0,0,0,0,1,0.0,0,0.5,0.0,0,0,0,0,0,0,0,0,0,1,0,0,0,0,0,0,0,0,0,0,0,0,0,0,0,0,0,0,0,0,0,0,0,0,0,0,0,0,0,0,0,0,0,0,0,0,0,0,0,0,0,0,0,0,0,0,0,0,0,0,0,0,0,0,0,0,0,0,0,0,44,2,1.0,0.0,0.0,0,0,0
10,0.0,0,78,0.06,0.0,0.17,0.13,0.0,10,0.0,0.0,0.0,0,0,0,0,0,0,0,0,0,0,1,0,0,0,0,satan,0,0,0,0,0,0,0,0,0,0,0,1,0.0,0,1.0,0.0,0,0,0,0,0,0,0,0,0,0,0,0,0,0,0,0,0,0,0,0,0,0,0,0,0,0,0,0,0,0,0,0,0,0,0,0,0,0,0,0,0,0,0,0,0,0,0,1,0,0,0,0,0,0,0,0,0,0,0,0,0,0,0,0,0,0,0,0,0,0,1,10,0.0,0.0,0.0,0,0,0
1,0.0,2681,1,0.0,0.0,1.0,1.0,0.0,255,0.03,0.0,0.0,0,0,0,0,0,0,0,0,0,0,1,0,0,0,0,normal,0,1,0,0,0,0,0,0,0,0,1,0,0.0,0,1.0,0.0,0,0,0,0,0,0,0,0,0,0,0,0,0,0,0,0,0,0,0,0,0,1,0,0,0,0,0,0,0,0,0,0,0,0,0,0,0,0,0,0,0,0,0,0,0,0,0,0,0,0,0,0,0,0,0,0,0,0,0,0,0,0,0,0,0,0,0,0,0,0,165,1,0.0,0.0,0.0,0,0,0
233,0.06,0,255,0.07,1.0,0.0,0.08,0.0,20,0.0,1.0,0.0,0,0,1,0,0,0,0,0,0,0,0,0,0,0,0,neptune,0,0,0,0,0,0,0,0,0,0,1,0,1.0,0,0.09,0.0,0,0,0,0,0,0,0,0,0,0,0,0,0,0,0,0,0,0,0,0,0,0,0,0,0,0,0,0,0,0,0,0,0,0,0,0,0,0,0,0,0,0,0,0,0,0,0,1,0,0,0,0,0,0,0,0,0,0,0,0,0,0,0,0,0,0,0,0,0,0,0,20,0.0,1.0,0.0,0,0,0
6,0.0,15563,10,0.0,0.0,0.1,1.0,0.0,255,0.04,0.0,0.0,0,0,0,0,0,0,0,0,0,0,1,0,0,0,0,normal,0,1,0,0,0,0,0,0,0,0,1,0,0.0,0,1.0,0.0,0,0,0,0,0,0,0,0,0,0,0,0,0,0,0,0,0,0,0,0,0,1,0,0,0,0,0,0,0,0,0,0,0,0,0,0,0,0,0,0,0,0,0,0,0,0,0,0,0,0,0,0,0,0,0,0,0,0,0,0,0,0,0,0,0,0,0,0,0,0,210,7,0.29,0.0,0.0,0,0,0
511,0.0,0,255,0.01,0.0,0.23,0.23,0.0,58,0.0,0.0,0.0,0,0,0,0,0,0,0,0,0,0,1,0,0,0,0,smurf,0,0,0,0,0,0,0,0,0,1,0,0,0.0,0,1.0,0.0,0,0,0,0,0,0,0,0,0,0,0,0,1,0,0,0,0,0,0,0,0,0,0,0,0,0,0,0,0,0,0,0,0,0,0,0,0,0,0,0,0,0,0,0,0,0,0,0,0,0,0,0,0,0,0,0,0,0,0,0,0,0,0,0,0,0,0,0,0,0,1032,511,0.0,0.0,0.0,0,0,0
1,0.0,4,23,0.0,0.0,0.04,1.0,0.0,23,0.0,0.0,0.0,7,0,0,0,0,0,0,0,0,0,1,0,0,0,0,normal,0,0,0,0,0,0,0,0,0,0,1,0,0.0,0,1.0,0.0,0,0,0,0,0,0,0,0,0,0,0,0,0,0,0,0,0,0,0,0,0,0,0,0,0,0,0,0,0,0,0,0,0,0,0,0,0,0,0,0,0,0,0,0,0,0,0,0,0,0,0,0,0,0,0,0,0,0,0,0,0,1,0,0,0,0,0,0,0,0,0,1,0.0,0.0,0.0,0,0,0
1,0.0,15,255,0.02,0.01,0.0,0.28,0.73,72,0.0,0.03,0.68,8172,0,0,0,0,0,0,0,0,0,1,0,0,0,0,processtable,0,0,0,0,0,0,0,0,0,0,1,0,0.0,0,1.0,0.0,0,0,0,0,0,0,0,0,0,0,0,0,0,0,0,0,0,0,0,0,0,0,0,0,0,0,0,0,0,0,0,0,0,0,0,0,0,0,0,0,0,0,0,0,0,0,0,0,0,0,0,0,0,0,0,0,0,0,1,0,0,0,0,0,0,0,0,0,0,0,0,1,0.0,0.0,0.0,0,0,0
1,0.0,364,142,0.03,0.02,0.01,0.81,0.0,192,0.01,0.03,0.0,1,0,0,0,0,0,0,0,0,0,1,0,0,0,0,normal,0,1,0,0,0,0,0,0,0,0,1,0,0.0,0,1.0,0.0,0,0,0,0,0,0,0,0,0,0,0,0,0,0,0,0,0,0,0,0,0,0,0,0,0,0,0,0,0,0,0,0,0,0,0,0,0,0,0,0,0,0,0,0,0,0,0,0,0,0,0,0,1,0,0,0,0,0,0,0,0,0,0,0,0,0,0,0,0,0,1055,2,1.0,0.0,0.0,0,0,0
109,0.0,79,255,0.01,0.0,0.0,1.0,0.0,254,0.0,0.0,0.0,0,0,0,0,0,0,0,0,0,0,1,0,0,0,0,normal,0,0,0,0,0,0,0,0,0,0,0,1,0.0,0,1.0,0.0,0,0,0,0,0,0,0,0,0,1,0,0,0,0,0,0,0,0,0,0,0,0,0,0,0,0,0,0,0,0,0,0,0,0,0,0,0,0,0,0,0,0,0,0,0,0,0,0,0,0,0,0,0,0,0,0,0,0,0,0,0,0,0,0,0,0,0,0,0,0,44,109,0.0,0.0,0.0,0,0,0
442,1.0,0,255,1.0,0.92,0.0,0.0,0.08,1,0.0,1.0,0.0,0,0,1,0,0,0,0,0,0,0,0,0,0,0,0,satan,0,0,0,0,0,0,0,0,0,0,1,0,0.93,0,0.0,0.05,0,0,0,0,0,0,0,0,0,0,0,0,0,0,0,0,0,0,0,0,0,0,0,0,0,0,0,0,0,0,0,0,0,0,0,0,0,0,0,0,0,0,0,0,0,0,0,1,0,0,0,0,0,0,0,0,0,0,0,0,0,0,0,0,0,0,0,0,0,0,0,1,0.0,1.0,0.0,0,0,0
42,0.0,1340,176,0.0,0.0,0.01,1.0,0.0,255,0.01,0.0,0.0,0,0,0,0,0,0,0,0,0,0,1,0,0,0,0,normal,0,1,0,0,0,0,0,0,0,0,1,0,0.0,0,1.0,0.0,0,0,0,0,0,0,0,0,0,0,0,0,0,0,0,0,0,0,0,0,0,1,0,0,0,0,0,0,0,0,0,0,0,0,0,0,0,0,0,0,0,0,0,0,0,0,0,0,0,0,0,0,0,0,0,0,0,0,0,0,0,0,0,0,0,0,0,0,0,0,199,42,0.0,0.0,0.0,0,0,0
1,0.0,401,255,0.06,0.01,0.0,0.21,0.53,54,0.0,0.0,0.0,0,0,0,0,0,0,0,0,0,0,1,0,0,0,0,normal,0,1,0,0,0,0,0,0,0,0,1,0,0.0,0,1.0,0.0,0,0,0,0,0,0,0,0,0,0,0,0,0,0,0,0,0,0,0,0,0,0,0,0,0,0,0,0,0,0,0,0,0,0,0,0,0,0,0,0,0,0,0,0,0,0,0,0,0,0,0,0,1,0,0,0,0,0,0,0,0,0,0,0,0,0,0,0,0,0,1534,1,0.0,0.0,0.0,0,0,0
1,0.0,83,120,0.03,0.01,0.01,0.78,0.0,196,0.01,0.02,0.0,0,0,0,0,0,0,0,0,0,0,1,0,0,0,0,normal,0,1,0,0,0,0,0,0,0,0,1,0,0.0,0,1.0,0.0,0,0,0,0,0,0,0,0,0,0,0,0,0,0,0,0,0,0,0,0,0,0,0,0,0,0,0,0,0,0,0,0,0,0,0,0,0,0,0,0,0,0,0,0,0,0,0,0,0,0,0,0,1,0,0,0,0,0,0,0,0,0,0,0,0,0,0,0,0,0,0,1,0.0,0.0,0.0,0,0,0
3,1.0,306,135,0.04,0.9,0.01,0.31,0.02,89,0.02,0.64,0.02,2,0,0,0,0,0,0,0,0,0,1,0,0,0,0,mscan,0,0,0,0,0,0,0,0,0,0,1,0,0.67,0,0.33,0.0,0,0,0,0,0,0,0,0,0,0,0,0,0,0,0,0,0,0,0,0,0,0,0,0,0,0,0,0,0,0,0,0,0,0,0,0,0,0,0,0,0,0,0,0,0,0,0,0,0,0,0,0,0,0,0,0,0,0,1,0,0,0,0,0,0,0,0,0,0,0,24,6,0.67,0.33,0.0,0,0,0
10,0.0,1600,255,0.0,0.0,0.0,1.0,0.0,255,0.0,0.0,0.0,0,0,0,0,0,0,0,0,0,0,1,0,0,0,0,normal,0,1,0,0,0,0,0,0,0,0,1,0,0.0,0,1.0,0.0,0,0,0,0,0,0,0,0,0,0,0,0,0,0,0,0,0,0,0,0,0,1,0,0,0,0,0,0,0,0,0,0,0,0,0,0,0,0,0,0,0,0,0,0,0,0,0,0,0,0,0,0,0,0,0,0,0,0,0,0,0,0,0,0,0,0,0,0,0,0,235,10,0.0,0.0,0.0,0,0,0
1,0.0,366,158,0.03,0.0,0.01,0.39,0.0,107,0.02,0.0,0.0,5,0,0,0,0,0,0,0,0,0,1,0,0,0,0,normal,0,1,0,0,0,0,0,0,0,0,1,0,0.0,0,1.0,0.0,0,0,0,0,0,0,0,0,0,0,0,0,0,0,0,0,0,0,0,0,0,0,0,0,0,0,0,0,0,0,0,0,0,0,0,0,0,0,0,0,0,0,0,0,0,0,0,0,0,0,0,0,1,0,0,0,0,0,0,0,0,0,0,0,0,0,0,0,0,0,1808,1,0.0,0.0,0.0,0,0,0
221,0.08,0,255,0.07,1.0,0.0,0.01,0.0,3,0.0,1.0,0.0,0,0,1,0,0,0,0,0,0,0,0,0,0,0,0,neptune,0,0,0,0,0,0,0,0,0,0,1,0,1.0,0,0.01,0.0,0,1,0,0,0,0,0,0,0,0,0,0,0,0,0,0,0,0,0,0,0,0,0,0,0,0,0,0,0,0,0,0,0,0,0,0,0,0,0,0,0,0,0,0,0,0,0,0,0,0,0,0,0,0,0,0,0,0,0,0,0,0,0,0,0,0,0,0,0,0,0,3,0.0,1.0,0.0,0,0,0
1,0.0,2558,255,0.0,0.0,0.0,1.0,0.0,255,0.0,0.0,0.0,0,0,0,0,0,0,0,0,0,0,1,0,0,0,0,normal,0,1,0,0,0,0,0,0,0,0,1,0,0.0,0,1.0,0.0,0,0,0,0,0,0,0,0,0,0,0,0,0,0,0,0,0,0,0,0,0,1,0,0,0,0,0,0,0,0,0,0,0,0,0,0,0,0,0,0,0,0,0,0,0,0,0,0,0,0,0,0,0,0,0,0,0,0,0,0,0,0,0,0,0,0,0,0,0,0,352,12,0.42,0.0,0.0,0,0,0
4,0.5,105,255,0.75,0.0,1.0,0.01,0.0,2,0.0,0.0,0.0,2625,0,0,0,0,0,0,0,0,0,1,0,0,0,0,normal,0,0,0,0,0,0,0,0,0,0,0,1,0.0,0,0.5,0.0,0,0,0,0,0,0,0,0,0,0,0,0,0,0,0,0,0,0,0,0,0,0,0,0,0,0,0,0,0,0,0,0,0,0,0,0,0,0,0,0,0,0,1,0,0,0,0,0,0,0,0,0,0,0,0,0,0,0,0,0,0,0,0,0,0,0,0,0,0,0,147,2,0.0,0.0,0.0,0,0,0
76,0.08,0,255,0.07,1.0,0.0,0.02,0.0,5,0.0,1.0,0.0,0,0,0,1,0,0,0,0,0,0,0,0,0,0,0,neptune,0,0,0,0,0,0,0,0,0,0,1,0,1.0,0,0.07,0.0,0,0,0,0,0,0,0,0,0,0,0,0,0,0,0,0,0,0,0,0,0,0,0,0,0,0,0,0,0,0,0,0,0,0,0,0,0,0,0,0,0,0,0,0,0,0,0,0,0,0,0,0,0,0,0,0,0,0,0,0,0,0,0,0,1,0,0,0,0,0,0,5,0.0,1.0,0.0,0,0,0
70,0.0,127,255,0.01,0.0,0.0,0.93,0.0,237,0.0,0.0,0.0,0,0,0,0,0,0,0,0,0,0,1,0,0,0,0,normal,0,0,0,0,0,0,0,0,0,0,0,1,0.0,0,1.0,0.0,0,0,0,0,0,0,0,0,0,1,0,0,0,0,0,0,0,0,0,0,0,0,0,0,0,0,0,0,0,0,0,0,0,0,0,0,0,0,0,0,0,0,0,0,0,0,0,0,0,0,0,0,0,0,0,0,0,0,0,0,0,0,0,0,0,0,0,0,0,0,45,148,0.01,0.0,0.0,0,0,0
1,0.0,4015,23,0.09,0.0,0.04,0.13,0.04,3,0.0,0.0,0.33,11371,0,0,0,0,0,0,0,0,0,1,0,0,0,0,normal,0,1,0,0,0,0,0,0,0,0,1,0,0.0,0,1.0,0.0,0,0,0,0,0,0,0,0,0,0,0,0,0,0,0,0,0,0,0,0,0,0,0,0,0,0,0,0,0,0,0,0,0,0,0,0,0,0,0,0,0,0,0,0,0,0,0,0,0,0,0,0,0,0,0,0,0,0,1,0,0,0,0,0,0,0,0,0,0,0,127,1,0.0,0.0,0.0,0,0,0
5,0.0,18347,5,0.0,0.0,0.2,1.0,0.0,255,0.04,0.0,0.0,0,0,0,0,0,0,0,0,0,0,1,0,0,0,0,normal,0,1,0,0,0,0,0,0,0,0,1,0,0.0,0,1.0,0.0,0,0,0,0,0,0,0,0,0,0,0,0,0,0,0,0,0,0,0,0,0,1,0,0,0,0,0,0,0,0,0,0,0,0,0,0,0,0,0,0,0,0,0,0,0,0,0,0,0,0,0,0,0,0,0,0,0,0,0,0,0,0,0,0,0,0,0,0,0,0,301,5,0.0,0.0,0.0,0,0,0
1,0.0,1794,8,0.0,0.0,0.12,1.0,0.0,255,0.04,0.0,0.0,0,0,0,0,0,0,0,0,0,0,1,0,0,0,0,normal,0,1,0,0,0,0,0,0,0,0,1,0,0.0,0,1.0,0.0,0,0,0,0,0,0,0,0,0,0,0,0,0,0,0,0,0,0,0,0,0,1,0,0,0,0,0,0,0,0,0,0,0,0,0,0,0,0,0,0,0,0,0,0,0,0,0,0,0,0,0,0,0,0,0,0,0,0,0,0,0,0,0,0,0,0,0,0,0,0,262,27,0.19,0.0,0.0,0,0,0
1,0.0,0,25,0.16,0.0,0.04,0.08,0.12,10,0.3,0.0,0.0,0,0,0,0,0,0,0,0,0,0,1,0,0,0,0,normal,0,0,0,0,0,0,0,0,0,0,1,0,0.0,0,1.0,0.0,0,0,0,0,0,0,0,0,0,0,0,0,0,0,0,1,0,0,0,0,0,0,0,0,0,0,0,0,0,0,0,0,0,0,0,0,0,0,0,0,0,0,0,0,0,0,0,0,0,0,0,0,0,0,0,0,0,0,0,0,0,0,0,0,0,0,0,0,0,0,7,1,0.0,0.0,0.0,0,0,0
1,0.0,0,9,0.0,0.0,1.0,1.0,0.0,25,0.08,0.0,0.0,0,0,0,0,0,0,0,0,0,0,1,0,0,0,0,warezmaster,0,0,0,0,0,0,0,0,0,0,1,0,0.0,0,1.0,0.0,0,0,0,0,0,0,0,0,0,0,0,0,0,0,0,0,0,1,0,0,0,0,0,0,0,0,0,0,0,0,0,0,0,0,0,0,0,0,0,0,0,0,0,0,0,0,0,0,0,0,0,0,0,0,0,0,0,0,0,0,0,0,0,0,0,0,0,0,0,0,12,1,0.0,0.0,0.0,0,0,0
1,0.0,16044,192,0.04,0.0,0.01,0.01,0.0,1,0.0,0.0,0.0,57,0,0,0,0,0,0,0,0,0,1,0,0,0,0,normal,0,1,0,4,0,0,0,0,0,0,1,0,0.0,0,1.0,0.0,0,0,0,0,0,0,0,0,0,0,0,0,0,0,0,0,0,0,0,0,0,0,0,0,0,0,0,0,0,0,0,0,0,0,0,0,0,0,0,0,0,0,0,0,0,0,0,0,0,0,0,0,0,0,0,0,0,0,1,0,0,0,0,0,0,0,0,0,0,0,136,1,0.0,0.0,0.0,0,0,0
193,0.06,0,255,0.07,0.0,0.0,0.02,1.0,6,0.0,0.0,1.0,0,0,0,0,0,0,1,0,0,0,0,0,0,0,0,neptune,0,0,0,0,0,0,0,0,0,0,1,0,0.0,0,0.05,1.0,0,0,0,0,0,0,0,0,0,0,0,0,0,0,0,0,0,0,0,0,0,0,0,0,0,0,0,0,0,0,0,0,0,0,0,0,0,0,0,0,0,0,0,0,0,0,0,1,0,0,0,0,0,0,0,0,0,0,0,0,0,0,0,0,0,0,0,0,0,0,0,9,0.0,0.0,1.0,0,0,0
256,0.05,0,255,0.05,0.0,0.0,0.0,1.0,1,0.0,0.0,1.0,0,0,0,0,0,0,1,0,0,0,0,0,0,0,0,neptune,0,0,0,0,0,0,0,0,0,0,1,0,0.0,0,0.03,1.0,0,0,0,0,0,0,0,0,0,0,0,0,0,0,0,0,0,0,0,0,0,0,0,0,0,0,0,0,0,0,0,0,0,0,0,0,0,0,0,0,0,0,0,0,0,0,0,0,0,0,0,0,0,0,0,0,0,0,0,0,0,0,0,0,0,0,1,0,0,0,0,7,0.0,0.0,1.0,0,0,0
237,0.06,0,255,0.07,0.0,0.0,0.04,1.0,10,0.0,0.0,1.0,0,0,0,0,0,0,1,0,0,0,0,0,0,0,0,neptune,0,0,0,0,0,0,0,0,0,0,1,0,0.0,0,0.04,1.0,0,1,0,0,0,0,0,0,0,0,0,0,0,0,0,0,0,0,0,0,0,0,0,0,0,0,0,0,0,0,0,0,0,0,0,0,0,0,0,0,0,0,0,0,0,0,0,0,0,0,0,0,0,0,0,0,0,0,0,0,0,0,0,0,0,0,0,0,0,0,0,9,0.0,0.0,1.0,0,0,0
6,0.0,29,255,0.01,0.0,0.01,0.95,0.0,241,0.0,0.0,0.0,0,0,0,0,0,0,0,0,0,0,1,0,0,0,0,normal,0,0,0,0,0,0,0,0,0,0,0,1,0.0,0,1.0,0.0,0,0,0,0,0,0,0,0,0,1,0,0,0,0,0,0,0,0,0,0,0,0,0,0,0,0,0,0,0,0,0,0,0,0,0,0,0,0,0,0,0,0,0,0,0,0,0,0,0,0,0,0,0,0,0,0,0,0,0,0,0,0,0,0,0,0,0,0,0,0,29,14,0.14,0.0,0.0,0,0,0
8,0.0,0,255,0.0,0.0,1.0,1.0,0.0,255,0.0,0.0,0.0,0,0,0,0,0,0,0,0,0,0,1,0,0,0,0,smurf,0,0,0,0,0,0,0,0,0,1,0,0,0.0,0,1.0,0.0,0,0,0,0,0,0,0,0,0,0,0,0,1,0,0,0,0,0,0,0,0,0,0,0,0,0,0,0,0,0,0,0,0,0,0,0,0,0,0,0,0,0,0,0,0,0,0,0,0,0,0,0,0,0,0,0,0,0,0,0,0,0,0,0,0,0,0,0,0,0,520,8,0.0,0.0,0.0,0,0,0
12,0.17,0,255,0.95,0.91,0.06,0.04,0.03,9,0.0,0.0,0.0,0,0,0,0,0,0,0,0,0,0,1,0,0,0,0,satan,0,0,0,0,0,0,0,0,0,0,0,1,0.0,0,0.75,0.0,0,0,0,0,0,0,0,0,0,0,0,0,0,0,0,0,0,0,0,0,0,0,0,0,0,0,0,0,0,0,0,0,0,0,0,0,0,0,0,0,0,0,0,0,0,0,0,1,0,0,0,0,0,0,0,0,0,0,0,0,0,0,0,0,0,0,0,0,0,0,1,9,0.0,0.0,0.0,0,0,0
3,0.0,658,255,0.0,0.0,0.0,1.0,0.0,255,0.0,0.0,0.0,0,0,0,0,0,0,0,0,0,0,1,0,0,0,0,normal,0,1,0,0,0,0,0,0,0,0,1,0,0.0,0,1.0,0.0,0,0,0,0,0,0,0,0,0,0,0,0,0,0,0,0,0,0,0,0,0,1,0,0,0,0,0,0,0,0,0,0,0,0,0,0,0,0,0,0,0,0,0,0,0,0,0,0,0,0,0,0,0,0,0,0,0,0,0,0,0,0,0,0,0,0,0,0,0,0,289,3,0.0,0.0,0.0,0,0,0
263,0.06,0,255,0.06,0.0,0.0,0.03,1.0,7,0.0,0.0,1.0,0,0,0,0,0,0,1,0,0,0,0,0,0,0,0,neptune,0,0,0,0,0,0,0,0,0,0,1,0,0.0,0,0.03,1.0,0,0,0,0,0,0,0,0,0,0,0,0,0,0,0,1,0,0,0,0,0,0,0,0,0,0,0,0,0,0,0,0,0,0,0,0,0,0,0,0,0,0,0,0,0,0,0,0,0,0,0,0,0,0,0,0,0,0,0,0,0,0,0,0,0,0,0,0,0,0,0,7,0.0,0.0,1.0,0,0,0
1,0.0,279,224,0.03,0.0,0.0,0.61,0.0,137,0.0,0.0,0.01,0,0,0,0,0,0,0,0,0,0,1,0,0,0,0,normal,0,1,0,0,0,0,0,0,0,0,1,0,0.0,0,1.0,0.0,0,0,0,0,0,0,0,0,0,0,0,0,0,0,0,0,0,0,0,0,0,0,0,0,0,0,0,0,0,0,0,0,0,0,0,0,0,0,0,0,0,0,0,0,0,0,0,0,0,0,0,0,1,0,0,0,0,0,0,0,0,0,0,0,0,0,0,0,0,0,604,1,0.0,0.0,0.0,0,0,0
1,0.0,105,255,0.63,0.0,0.93,0.0,0.0,1,0.0,0.0,0.0,1530,0,0,0,0,0,0,0,0,0,1,0,0,0,0,normal,0,0,0,0,0,0,0,0,0,0,0,1,0.0,0,1.0,0.0,0,0,0,0,0,0,0,0,0,0,0,0,0,0,0,0,0,0,0,0,0,0,0,0,0,0,0,0,0,0,0,0,0,0,0,0,0,0,0,0,0,0,1,0,0,0,0,0,0,0,0,0,0,0,0,0,0,0,0,0,0,0,0,0,0,0,0,0,0,0,146,1,0.0,0.0,0.0,0,0,0
31,0.1,0,255,0.07,0.0,0.0,0.07,1.0,19,0.0,0.0,1.0,0,0,0,0,0,0,1,0,0,0,0,0,0,0,0,neptune,0,0,0,0,0,0,0,0,0,0,1,0,0.0,0,0.16,1.0,0,0,0,0,0,0,0,0,0,0,0,0,0,0,1,0,0,0,0,0,0,0,0,0,0,0,0,0,0,0,0,0,0,0,0,0,0,0,0,0,0,0,0,0,0,0,0,0,0,0,0,0,0,0,0,0,0,0,0,0,0,0,0,0,0,0,0,0,0,0,0,5,0.0,0.0,1.0,0,0,0
3,0.0,1228,36,0.0,0.0,0.03,1.0,0.0,36,0.0,0.0,0.0,0,0,0,0,0,0,0,0,0,0,1,0,0,0,0,normal,0,1,0,0,0,0,0,0,0,0,1,0,0.0,0,1.0,0.0,0,0,0,0,0,0,0,0,0,0,0,0,0,0,0,0,0,0,0,0,0,1,0,0,0,0,0,0,0,0,0,0,0,0,0,0,0,0,0,0,0,0,0,0,0,0,0,0,0,0,0,0,0,0,0,0,0,0,0,0,0,0,0,0,0,0,0,0,0,0,220,3,0.0,0.0,0.0,0,0,0
13,0.0,882,255,0.0,0.0,0.0,1.0,0.0,255,0.0,0.0,0.0,0,0,0,0,0,0,0,0,0,0,1,0,0,0,0,normal,0,1,0,0,0,0,0,0,0,0,1,0,0.0,0,1.0,0.0,0,0,0,0,0,0,0,0,0,0,0,0,0,0,0,0,0,0,0,0,0,1,0,0,0,0,0,0,0,0,0,0,0,0,0,0,0,0,0,0,0,0,0,0,0,0,0,0,0,0,0,0,0,0,0,0,0,0,0,0,0,0,0,0,0,0,0,0,0,0,204,17,0.12,0.0,0.0,0,0,0
44,0.0,839,255,0.0,0.0,0.0,1.0,0.0,255,0.0,0.0,0.0,0,0,0,0,0,0,0,0,0,0,1,0,0,0,0,normal,0,1,0,0,0,0,0,0,0,0,1,0,0.0,0,1.0,0.0,0,0,0,0,0,0,0,0,0,0,0,0,0,0,0,0,0,0,0,0,0,1,0,0,0,0,0,0,0,0,0,0,0,0,0,0,0,0,0,0,0,0,0,0,0,0,0,0,0,0,0,0,0,0,0,0,0,0,0,0,0,0,0,0,0,0,0,0,0,0,243,44,0.0,0.0,0.0,0,0,0
15,0.0,2124,53,0.0,0.0,0.02,1.0,0.0,251,0.04,0.0,0.0,0,0,0,0,0,0,0,0,0,0,1,0,0,0,0,normal,0,1,0,0,0,0,0,0,0,0,1,0,0.0,0,1.0,0.0,0,0,0,0,0,0,0,0,0,0,0,0,0,0,0,0,0,0,0,0,0,1,0,0,0,0,0,0,0,0,0,0,0,0,0,0,0,0,0,0,0,0,0,0,0,0,0,0,0,0,0,0,0,0,0,0,0,0,0,0,0,0,0,0,0,0,0,0,0,0,349,15,0.0,0.0,0.0,0,0,0
192,0.06,0,255,0.07,0.0,0.0,0.02,1.0,4,0.0,0.0,1.0,0,0,0,0,0,0,1,0,0,0,0,0,0,0,0,neptune,0,0,0,0,0,0,0,0,0,0,1,0,0.0,0,0.09,1.0,0,0,0,0,0,0,0,0,0,0,0,0,0,0,0,0,0,0,0,0,0,0,0,0,0,0,0,0,0,0,0,0,0,0,0,0,0,0,0,0,0,0,0,0,0,0,0,1,0,0,0,0,0,0,0,0,0,0,0,0,0,0,0,0,0,0,0,0,0,0,0,17,0.0,0.0,1.0,0,0,0
1,0.0,0,2,0.0,0.0,1.0,1.0,0.0,132,0.5,0.0,0.0,0,0,0,0,0,0,0,0,0,0,1,0,0,0,0,ipsweep,0,0,0,0,0,0,0,0,0,1,0,0,0.0,0,1.0,0.0,0,0,0,0,0,0,0,0,0,0,0,1,0,0,0,0,0,0,0,0,0,0,0,0,0,0,0,0,0,0,0,0,0,0,0,0,0,0,0,0,0,0,0,0,0,0,0,0,0,0,0,0,0,0,0,0,0,0,0,0,0,0,0,0,0,0,0,0,0,0,8,35,1.0,0.0,0.0,0,0,0
2,1.0,93,255,0.02,0.07,0.0,0.89,0.0,227,0.0,0.0,0.0,4,0,0,0,0,0,0,0,0,0,1,0,0,0,0,guess_passwd,0,1,0,0,0,0,0,0,0,0,1,0,0.5,0,0.5,0.0,0,0,0,0,0,0,0,0,0,0,0,0,0,0,0,0,0,0,0,0,0,0,0,0,0,0,0,0,0,0,0,0,0,0,0,0,0,0,0,0,0,0,0,0,0,1,0,0,0,0,0,0,0,0,0,0,0,0,0,0,0,0,0,0,0,0,0,0,0,0,26,1,0.0,0.0,0.0,0,0,0
8,0.0,593,85,0.0,0.0,0.01,1.0,0.0,255,0.01,0.0,0.0,0,0,0,0,0,0,0,0,0,0,1,0,0,0,0,normal,0,1,0,0,0,0,0,0,0,0,1,0,0.0,0,1.0,0.0,0,0,0,0,0,0,0,0,0,0,0,0,0,0,0,0,0,0,0,0,0,1,0,0,0,0,0,0,0,0,0,0,0,0,0,0,0,0,0,0,0,0,0,0,0,0,0,0,0,0,0,0,0,0,0,0,0,0,0,0,0,0,0,0,0,0,0,0,0,0,228,8,0.0,0.0,0.0,0,0,0
2,0.0,0,255,0.73,1.0,1.0,0.01,0.0,2,0.0,1.0,0.0,17689,0,0,0,0,1,0,0,0,0,0,0,0,0,0,portsweep,0,0,0,0,0,0,0,0,0,0,1,0,1.0,0,1.0,0.0,0,0,0,0,0,0,0,0,0,0,0,0,0,0,0,0,0,0,0,0,0,0,0,0,0,0,0,0,0,0,0,0,0,0,0,0,0,0,0,0,0,0,1,0,0,0,0,0,0,0,0,0,0,0,0,0,0,0,0,0,0,0,0,0,0,0,0,0,0,0,1,2,0.0,1.0,0.0,0,0,0
240,0.05,0,255,0.05,0.0,0.0,0.07,1.0,17,0.0,0.0,1.0,0,0,0,0,0,0,1,0,0,0,0,0,0,0,0,neptune,0,0,0,0,0,0,0,0,0,0,1,0,0.0,0,0.07,1.0,0,0,0,0,0,0,0,0,0,0,0,0,0,0,0,0,0,0,0,0,0,0,0,0,0,0,0,0,0,0,0,0,0,0,0,0,0,0,0,0,0,0,0,0,0,0,0,1,0,0,0,0,0,0,0,0,0,0,0,0,0,0,0,0,0,0,0,0,0,0,0,17,0.0,0.0,1.0,0,0,0
236,0.07,0,255,0.08,0.0,0.0,0.02,1.0,5,0.0,0.0,1.0,0,0,0,0,0,0,1,0,0,0,0,0,0,0,0,neptune,0,0,0,0,0,0,0,0,0,0,1,0,0.0,0,0.02,1.0,0,0,0,0,0,0,0,0,0,0,0,0,0,0,0,0,0,0,0,0,0,0,0,0,0,0,0,0,0,0,0,0,0,0,0,1,0,0,0,0,0,0,0,0,0,0,0,0,0,0,0,0,0,0,0,0,0,0,0,0,0,0,0,0,0,0,0,0,0,0,0,5,0.0,0.0,1.0,0,0,0
19,0.0,1003,255,0.0,0.0,0.0,1.0,0.0,255,0.0,0.0,0.0,0,0,0,0,0,0,0,0,0,0,1,0,0,0,0,normal,0,1,0,0,0,0,0,0,0,0,1,0,0.0,0,1.0,0.0,0,0,0,0,0,0,0,0,0,0,0,0,0,0,0,0,0,0,0,0,0,1,0,0,0,0,0,0,0,0,0,0,0,0,0,0,0,0,0,0,0,0,0,0,0,0,0,0,0,0,0,0,0,0,0,0,0,0,0,0,0,0,0,0,0,0,0,0,0,0,375,19,0.0,0.0,0.0,0,0,0
1,0.0,758,28,0.0,0.04,0.04,1.0,0.0,255,0.01,0.01,0.0,0,0,0,0,0,0,0,0,0,0,1,0,0,0,0,normal,0,1,0,0,0,0,0,0,0,0,1,0,0.0,0,1.0,0.0,0,0,0,0,0,0,0,0,0,0,0,0,0,0,0,0,0,0,0,0,0,1,0,0,0,0,0,0,0,0,0,0,0,0,0,0,0,0,0,0,0,0,0,0,0,0,0,0,0,0,0,0,0,0,0,0,0,0,0,0,0,0,0,0,0,0,0,0,0,0,301,9,0.33,0.0,0.0,0,0,0
2,0.0,33,59,0.03,0.0,0.22,0.95,0.0,56,0.0,0.0,0.0,6,0,0,0,0,0,0,0,0,0,1,0,0,0,0,normal,0,0,0,0,0,0,0,0,0,0,0,1,0.0,0,1.0,0.0,0,0,0,0,0,0,0,0,0,1,0,0,0,0,0,0,0,0,0,0,0,0,0,0,0,0,0,0,0,0,0,0,0,0,0,0,0,0,0,0,0,0,0,0,0,0,0,0,0,0,0,0,0,0,0,0,0,0,0,0,0,0,0,0,0,0,0,0,0,0,111,2,0.0,0.0,0.0,0,0,0
1,0.0,0,55,0.07,0.0,0.64,0.64,0.02,110,0.02,0.0,0.0,0,0,0,0,0,0,0,0,0,0,1,0,0,0,0,normal,0,0,0,0,0,0,0,0,0,0,1,0,0.0,0,1.0,0.0,0,0,0,0,0,0,0,0,0,0,0,0,0,0,0,0,0,1,0,0,0,0,0,0,0,0,0,0,0,0,0,0,0,0,0,0,0,0,0,0,0,0,0,0,0,0,0,0,0,0,0,0,0,0,0,0,0,0,0,0,0,0,0,0,0,0,0,0,0,0,12,1,0.0,0.0,0.0,0,0,0
1,0.0,327,205,0.02,0.03,0.0,0.54,0.0,125,0.02,0.05,0.0,0,0,0,0,0,0,0,0,0,0,1,0,0,0,0,normal,0,1,0,0,0,0,0,0,0,0,1,0,0.0,0,1.0,0.0,0,0,0,0,0,0,0,0,0,0,0,0,0,0,0,0,0,0,0,0,0,0,0,0,0,0,0,0,0,0,0,0,0,0,0,0,0,0,0,0,0,0,0,0,0,0,0,0,0,0,0,0,1,0,0,0,0,0,0,0,0,0,0,0,0,0,0,0,0,0,1264,3,1.0,0.0,0.0,0,0,0
8,0.0,1056,100,0.0,0.0,0.01,1.0,0.0,255,0.04,0.0,0.0,0,0,0,0,0,0,0,0,0,0,1,0,0,0,0,normal,0,1,0,0,0,0,0,0,0,0,1,0,0.0,0,1.0,0.0,0,0,0,0,0,0,0,0,0,0,0,0,0,0,0,0,0,0,0,0,0,1,0,0,0,0,0,0,0,0,0,0,0,0,0,0,0,0,0,0,0,0,0,0,0,0,0,0,0,0,0,0,0,0,0,0,0,0,0,0,0,0,0,0,0,0,0,0,0,0,287,8,0.0,0.0,0.0,0,0,0
24,0.0,68,255,0.01,0.0,0.0,0.99,0.0,252,0.0,0.0,0.0,0,0,0,0,0,0,0,0,0,0,1,0,0,0,0,normal,0,0,0,0,0,0,0,0,0,0,0,1,0.0,0,1.0,0.0,0,0,0,0,0,0,0,0,0,1,0,0,0,0,0,0,0,0,0,0,0,0,0,0,0,0,0,0,0,0,0,0,0,0,0,0,0,0,0,0,0,0,0,0,0,0,0,0,0,0,0,0,0,0,0,0,0,0,0,0,0,0,0,0,0,0,0,0,0,0,45,24,0.0,0.0,0.0,0,0,0
1,0.0,113,255,0.0,0.0,0.0,1.0,0.0,255,0.0,0.0,0.0,0,0,0,0,0,0,0,0,0,0,1,0,0,0,0,normal,0,1,0,0,0,0,0,0,0,0,1,0,0.0,0,1.0,0.0,0,0,0,0,0,0,0,0,0,0,0,0,0,0,0,0,0,0,0,0,0,1,0,0,0,0,0,0,0,0,0,0,0,0,0,0,0,0,0,0,0,0,0,0,0,0,0,0,0,0,0,0,0,0,0,0,0,0,0,0,0,0,0,0,0,0,0,0,0,0,180,1,0.0,0.0,0.0,0,0,0
1,0.0,334,255,0.02,0.0,0.0,0.48,0.0,123,0.0,0.0,0.0,1,0,0,0,0,0,0,0,0,0,1,0,0,0,0,normal,0,1,0,0,0,0,0,0,0,0,1,0,0.0,0,1.0,0.0,0,0,0,0,0,0,0,0,0,0,0,0,0,0,0,0,0,0,0,0,0,0,0,0,0,0,0,0,0,0,0,0,0,0,0,0,0,0,0,0,0,0,0,0,0,0,0,0,0,0,0,0,1,0,0,0,0,0,0,0,0,0,0,0,0,0,0,0,0,0,1365,2,1.0,0.0,0.0,0,0,0
1,0.0,0,4,0.0,0.0,1.0,1.0,0.0,4,0.0,0.0,0.0,0,0,0,0,0,0,0,0,0,0,1,0,0,0,0,normal,0,0,0,0,0,0,0,0,0,0,0,1,0.0,0,1.0,0.0,0,0,0,0,0,0,0,0,0,1,0,0,0,0,0,0,0,0,0,0,0,0,0,0,0,0,0,0,0,0,0,0,0,0,0,0,0,0,0,0,0,0,0,0,0,0,0,0,0,0,0,0,0,0,0,0,0,0,0,0,0,0,0,0,0,0,0,0,0,0,88,2,1.0,0.0,0.0,0,0,0
14,0.0,7973,34,0.0,0.0,0.03,1.0,0.0,255,0.02,0.0,0.0,0,0,0,0,0,0,0,0,0,0,1,0,0,0,0,normal,0,1,0,0,0,0,0,0,0,0,1,0,0.0,0,1.0,0.0,0,0,0,0,0,0,0,0,0,0,0,0,0,0,0,0,0,0,0,0,0,1,0,0,0,0,0,0,0,0,0,0,0,0,0,0,0,0,0,0,0,0,0,0,0,0,0,0,0,0,0,0,0,0,0,0,0,0,0,0,0,0,0,0,0,0,0,0,0,0,258,14,0.0,0.0,0.0,0,0,0
4,0.0,0,255,0.03,0.0,0.4,0.4,0.0,103,0.0,0.0,0.0,0,0,0,0,0,0,0,0,0,0,1,0,0,0,0,normal,0,0,0,0,0,0,0,0,0,0,1,0,0.0,0,1.0,0.0,0,0,0,0,0,0,0,0,0,0,0,0,0,0,0,0,0,1,0,0,0,0,0,0,0,0,0,0,0,0,0,0,0,0,0,0,0,0,0,0,0,0,0,0,0,0,0,0,0,0,0,0,0,0,0,0,0,0,0,0,0,0,0,0,0,0,0,0,0,0,852,4,0.0,0.0,0.0,0,0,0
9,0.0,0,255,0.96,0.83,0.05,0.04,0.13,9,0.0,0.0,0.0,0,0,0,0,0,0,0,0,0,0,1,0,0,0,0,satan,0,0,0,0,0,0,0,0,0,0,0,1,0.0,0,1.0,0.0,0,0,0,0,0,0,0,0,0,0,0,0,0,0,0,0,0,0,0,0,0,0,0,0,0,0,0,0,0,0,0,0,0,0,0,0,0,0,0,0,0,0,0,0,0,0,0,1,0,0,0,0,0,0,0,0,0,0,0,0,0,0,0,0,0,0,0,0,0,0,1,9,0.0,0.0,0.0,0,0,0
136,0.05,0,255,0.07,0.0,0.0,0.07,1.0,18,0.0,0.0,1.0,0,0,0,0,0,0,1,0,0,0,0,0,0,0,0,neptune,0,0,0,0,0,0,0,0,0,0,1,0,0.0,0,0.13,1.0,0,0,0,0,0,0,0,0,0,0,1,0,0,0,0,0,0,0,0,0,0,0,0,0,0,0,0,0,0,0,0,0,0,0,0,0,0,0,0,0,0,0,0,0,0,0,0,0,0,0,0,0,0,0,0,0,0,0,0,0,0,0,0,0,0,0,0,0,0,0,0,18,0.0,0.0,1.0,0,0,0
208,0.07,0,255,0.1,1.0,0.0,0.02,0.0,5,0.0,1.0,0.0,0,0,1,0,0,0,0,0,0,0,0,0,0,0,0,neptune,0,0,0,0,0,0,0,0,0,0,1,0,1.0,0,0.02,0.0,0,0,0,0,0,0,0,0,0,0,0,0,0,0,0,0,0,0,0,0,0,0,0,0,0,0,0,0,0,0,0,0,0,0,0,0,0,0,0,0,0,0,0,0,0,0,0,1,0,0,0,0,0,0,0,0,0,0,0,0,0,0,0,0,0,0,0,0,0,0,0,5,0.0,1.0,0.0,0,0,0
1,0.0,0,2,0.0,1.0,0.5,1.0,0.0,229,0.2,0.96,0.0,0,0,1,0,0,0,0,0,0,0,0,0,0,0,0,normal,0,0,0,0,0,0,0,0,0,0,1,0,1.0,0,1.0,0.0,0,0,0,0,0,0,0,0,0,0,0,0,0,0,0,0,0,0,0,0,0,1,0,0,0,0,0,0,0,0,0,0,0,0,0,0,0,0,0,0,0,0,0,0,0,0,0,0,0,0,0,0,0,0,0,0,0,0,0,0,0,0,0,0,0,0,0,0,0,0,0,2,1.0,1.0,0.0,0,0,0
134,0.07,0,255,0.07,1.0,0.0,0.05,0.0,14,0.0,1.0,0.0,0,0,1,0,0,0,0,0,0,0,0,0,0,0,0,neptune,0,0,0,0,0,0,0,0,0,0,1,0,1.0,0,0.1,0.0,0,1,0,0,0,0,0,0,0,0,0,0,0,0,0,0,0,0,0,0,0,0,0,0,0,0,0,0,0,0,0,0,0,0,0,0,0,0,0,0,0,0,0,0,0,0,0,0,0,0,0,0,0,0,0,0,0,0,0,0,0,0,0,0,0,0,0,0,0,0,0,14,0.0,1.0,0.0,0,0,0
99,0.07,0,255,0.06,1.0,0.0,0.02,0.0,6,0.0,1.0,0.0,0,0,0,1,0,0,0,0,0,0,0,0,0,0,0,neptune,0,0,0,0,0,0,0,0,0,0,1,0,1.0,0,0.06,0.0,0,0,0,0,0,0,0,0,0,0,0,0,0,0,1,0,0,0,0,0,0,0,0,0,0,0,0,0,0,0,0,0,0,0,0,0,0,0,0,0,0,0,0,0,0,0,0,0,0,0,0,0,0,0,0,0,0,0,0,0,0,0,0,0,0,0,0,0,0,0,0,6,0.0,1.0,0.0,0,0,0
132,0.05,0,255,0.05,0.71,0.0,0.07,0.29,17,0.0,1.0,0.0,0,0,1,0,0,0,0,0,0,0,0,0,0,0,0,neptune,0,0,0,0,0,0,0,0,0,0,1,0,1.0,0,0.13,0.0,0,0,0,0,0,0,0,0,0,0,0,0,0,0,0,0,0,0,0,0,1,0,0,0,0,0,0,0,0,0,0,0,0,0,0,0,0,0,0,0,0,0,0,0,0,0,0,0,0,0,0,0,0,0,0,0,0,0,0,0,0,0,0,0,0,0,0,0,0,0,0,17,0.0,1.0,0.0,0,0,0
1,0.0,0,153,0.01,0.0,0.84,0.84,0.0,129,0.0,0.0,0.0,0,0,0,0,0,0,0,0,0,0,1,0,0,0,0,nmap,0,0,0,0,0,0,0,0,0,0,0,1,0.0,0,1.0,0.0,0,0,0,0,0,0,0,0,0,0,0,0,0,0,0,0,0,0,0,0,0,0,0,0,0,0,0,0,0,0,0,0,0,0,0,0,0,0,0,0,0,0,0,0,0,0,0,1,0,0,0,0,0,0,0,0,0,0,0,0,0,0,0,0,0,0,0,0,0,0,215,1,0.0,0.0,0.0,0,0,0
9,0.0,411,255,0.0,0.0,0.0,1.0,0.0,255,0.0,0.0,0.0,0,0,0,0,0,0,0,0,0,0,1,0,0,0,0,normal,0,1,0,0,0,0,0,0,0,0,1,0,0.0,0,1.0,0.0,0,0,0,0,0,0,0,0,0,0,0,0,0,0,0,0,0,0,0,0,0,1,0,0,0,0,0,0,0,0,0,0,0,0,0,0,0,0,0,0,0,0,0,0,0,0,0,0,0,0,0,0,0,0,0,0,0,0,0,0,0,0,0,0,0,0,0,0,0,0,305,20,0.25,0.0,0.0,0,0,0
26,0.15,0,255,0.02,0.0,0.01,0.25,1.0,63,0.0,0.0,1.0,0,0,0,0,0,0,1,0,0,0,0,0,0,0,0,neptune,0,0,0,0,0,0,0,0,0,0,1,0,0.0,0,0.23,1.0,0,0,0,0,0,0,0,0,0,0,0,0,0,0,0,0,0,0,0,0,0,0,0,0,0,0,0,0,0,0,0,0,0,0,0,0,0,0,0,0,0,0,0,0,0,0,0,0,0,0,0,0,0,0,0,0,0,0,1,0,0,0,0,0,0,0,0,0,0,0,0,6,0.0,0.0,1.0,0,0,0
2,0.0,8314,255,0.0,0.05,0.0,1.0,0.0,255,0.0,0.05,0.0,0,0,0,0,0,0,0,0,0,0,1,0,2,0,0,back,0,1,0,1,0,0,0,0,0,0,1,0,0.0,0,1.0,0.0,0,0,0,0,0,0,0,0,0,0,0,0,0,0,0,0,0,0,0,0,0,1,0,0,0,0,0,0,0,0,0,0,0,0,0,0,0,0,0,0,0,0,0,0,0,0,0,0,0,0,0,0,0,0,0,0,0,0,0,0,0,0,0,0,0,0,0,0,0,0,54540,2,0.0,0.0,0.0,0,0,0
511,0.0,0,255,0.2,0.0,0.03,0.03,0.19,7,0.0,0.0,0.0,0,0,0,0,0,0,0,0,0,0,1,0,0,0,0,smurf,0,0,0,0,0,0,0,0,0,1,0,0,0.0,0,1.0,0.0,0,0,0,0,0,0,0,0,0,0,0,0,1,0,0,0,0,0,0,0,0,0,0,0,0,0,0,0,0,0,0,0,0,0,0,0,0,0,0,0,0,0,0,0,0,0,0,0,0,0,0,0,0,0,0,0,0,0,0,0,0,0,0,0,0,0,0,0,0,0,1032,511,0.0,0.0,0.0,0,0,0
9,0.0,4404,37,0.0,0.0,0.03,1.0,0.0,255,0.03,0.0,0.0,0,0,0,0,0,0,0,0,0,0,1,0,0,0,0,normal,0,1,0,0,0,0,0,0,0,0,1,0,0.0,0,1.0,0.0,0,0,0,0,0,0,0,0,0,0,0,0,0,0,0,0,0,0,0,0,0,1,0,0,0,0,0,0,0,0,0,0,0,0,0,0,0,0,0,0,0,0,0,0,0,0,0,0,0,0,0,0,0,0,0,0,0,0,0,0,0,0,0,0,0,0,0,0,0,0,350,9,0.0,0.0,0.0,0,0,0
1,0.0,145,67,0.04,0.0,0.01,0.87,0.0,58,0.0,0.0,0.0,0,0,0,0,0,0,0,0,0,0,1,0,0,0,0,normal,0,0,0,0,0,0,0,0,0,0,0,1,0.0,0,1.0,0.0,0,0,0,0,0,0,0,0,0,0,0,0,0,0,0,0,0,0,0,0,0,0,0,0,0,0,0,0,0,0,0,0,0,0,0,0,0,0,0,0,0,0,0,0,0,0,0,1,0,0,0,0,0,0,0,0,0,0,0,0,0,0,0,0,0,0,0,0,0,0,105,1,0.0,0.0,0.0,0,0,0
17,0.0,1936,40,0.0,0.0,0.03,1.0,0.0,255,0.04,0.0,0.0,0,0,0,0,0,0,0,0,0,0,1,0,0,0,0,normal,0,1,0,0,0,0,0,0,0,0,1,0,0.0,0,1.0,0.0,0,0,0,0,0,0,0,0,0,0,0,0,0,0,0,0,0,0,0,0,0,1,0,0,0,0,0,0,0,0,0,0,0,0,0,0,0,0,0,0,0,0,0,0,0,0,0,0,0,0,0,0,0,0,0,0,0,0,0,0,0,0,0,0,0,0,0,0,0,0,314,17,0.0,0.0,0.0,0,0,0
100,0.06,0,255,0.08,0.0,0.0,0.07,1.0,19,0.0,0.0,1.0,0,0,0,0,0,0,1,0,0,0,0,0,0,0,0,neptune,0,0,0,0,0,0,0,0,0,0,1,0,0.0,0,0.12,1.0,0,0,0,0,0,0,0,0,0,0,0,0,0,0,0,0,0,0,0,0,0,0,0,0,0,0,0,0,0,0,0,0,0,0,0,0,0,0,0,0,0,0,0,0,0,0,0,1,0,0,0,0,0,0,0,0,0,0,0,0,0,0,0,0,0,0,0,0,0,0,0,12,0.0,0.0,1.0,0,0,0
248,0.01,70,255,0.01,0.0,0.0,1.0,0.0,254,0.0,0.0,0.0,0,0,0,0,0,0,0,0,0,0,1,0,0,0,0,normal,0,0,0,0,0,0,0,0,0,0,0,1,0.0,0,1.0,0.0,0,0,0,0,0,0,0,0,0,1,0,0,0,0,0,0,0,0,0,0,0,0,0,0,0,0,0,0,0,0,0,0,0,0,0,0,0,0,0,0,0,0,0,0,0,0,0,0,0,0,0,0,0,0,0,0,0,0,0,0,0,0,0,0,0,0,0,0,0,0,44,248,0.01,0.0,0.0,0,0,0
148,0.05,0,255,0.07,1.0,0.0,0.04,0.0,10,0.0,1.0,0.0,0,0,1,0,0,0,0,0,0,0,0,0,0,0,0,neptune,0,0,0,0,0,0,0,0,0,0,1,0,1.0,0,0.07,0.0,0,0,0,0,0,0,0,0,0,0,0,0,0,0,0,0,0,0,0,0,0,0,0,0,0,0,0,0,0,0,0,0,0,0,0,0,0,0,0,0,0,0,0,0,0,0,0,1,0,0,0,0,0,0,0,0,0,0,0,0,0,0,0,0,0,0,0,0,0,0,0,10,0.0,1.0,0.0,0,0,0
1,0.0,327,169,0.02,0.0,0.01,0.41,0.0,144,0.01,0.0,0.0,1,0,0,0,0,0,0,0,0,0,1,0,0,0,0,normal,0,1,0,0,0,0,0,0,0,0,1,0,0.0,0,1.0,0.0,0,0,0,0,0,0,0,0,0,0,0,0,0,0,0,0,0,0,0,0,0,0,0,0,0,0,0,0,0,0,0,0,0,0,0,0,0,0,0,0,0,0,0,0,0,0,0,0,0,0,0,0,1,0,0,0,0,0,0,0,0,0,0,0,0,0,0,0,0,0,895,3,1.0,0.0,0.0,0,0,0
9,0.0,9264,11,0.0,0.0,0.09,1.0,0.0,255,0.04,0.0,0.0,0,0,0,0,0,0,0,0,0,0,1,0,0,0,0,normal,0,1,0,0,0,0,0,0,0,0,1,0,0.0,0,1.0,0.0,0,0,0,0,0,0,0,0,0,0,0,0,0,0,0,0,0,0,0,0,0,1,0,0,0,0,0,0,0,0,0,0,0,0,0,0,0,0,0,0,0,0,0,0,0,0,0,0,0,0,0,0,0,0,0,0,0,0,0,0,0,0,0,0,0,0,0,0,0,0,219,19,0.21,0.0,0.0,0,0,0
3,0.67,0,255,0.24,0.0,0.49,0.0,0.0,1,0.0,0.0,0.0,0,0,0,0,0,0,0,0,0,0,1,0,0,0,0,normal,0,0,0,0,0,0,0,0,0,0,0,1,0.0,0,0.33,0.0,0,0,0,0,0,0,0,0,0,0,0,0,0,0,0,0,0,0,0,0,0,0,0,0,0,0,0,0,0,0,0,0,0,0,0,0,0,0,0,0,0,0,1,0,0,0,0,0,0,0,0,0,0,0,0,0,0,0,0,0,0,0,0,0,0,0,0,0,0,0,147,1,0.0,0.0,0.0,0,0,0
16,0.0,1869,255,0.0,0.0,0.0,1.0,0.0,255,0.0,0.0,0.0,0,0,0,0,0,0,0,0,0,0,1,0,0,0,0,normal,0,1,0,0,0,0,0,0,0,0,1,0,0.0,0,1.0,0.0,0,0,0,0,0,0,0,0,0,0,0,0,0,0,0,0,0,0,0,0,0,1,0,0,0,0,0,0,0,0,0,0,0,0,0,0,0,0,0,0,0,0,0,0,0,0,0,0,0,0,0,0,0,0,0,0,0,0,0,0,0,0,0,0,0,0,0,0,0,0,311,17,0.12,0.0,0.0,0,0,0
1,0.0,334,122,0.06,0.0,0.01,0.57,0.01,125,0.02,0.0,0.01,0,0,0,0,0,0,0,0,0,0,1,0,0,0,0,normal,0,1,0,0,0,0,0,0,0,0,1,0,0.0,0,1.0,0.0,0,0,0,0,0,0,0,0,0,0,0,0,0,0,0,0,0,0,0,0,0,0,0,0,0,0,0,0,0,0,0,0,0,0,0,0,0,0,0,0,0,0,0,0,0,0,0,0,0,0,0,0,1,0,0,0,0,0,0,0,0,0,0,0,0,0,0,0,0,0,842,3,1.0,0.0,0.0,0,0,0
1,0.0,0,1,0.0,0.0,1.0,1.0,0.0,253,0.25,0.0,0.0,0,0,0,0,0,0,0,0,0,0,1,0,0,0,0,ipsweep,0,0,0,0,0,0,0,0,0,1,0,0,0.0,0,1.0,0.0,0,0,0,0,0,0,0,0,0,0,0,1,0,0,0,0,0,0,0,0,0,0,0,0,0,0,0,0,0,0,0,0,0,0,0,0,0,0,0,0,0,0,0,0,0,0,0,0,0,0,0,0,0,0,0,0,0,0,0,0,0,0,0,0,0,0,0,0,0,0,18,1,0.0,0.0,0.0,0,0,0
1,0.0,146,168,0.01,0.0,0.01,0.86,0.0,144,0.0,0.0,0.0,0,0,0,0,0,0,0,0,0,0,1,0,0,0,0,normal,0,0,0,0,0,0,0,0,0,0,0,1,0.0,0,1.0,0.0,0,0,0,0,0,0,0,0,0,0,0,0,0,0,0,0,0,0,0,0,0,0,0,0,0,0,0,0,0,0,0,0,0,0,0,0,0,0,0,0,0,0,0,0,0,0,0,1,0,0,0,0,0,0,0,0,0,0,0,0,0,0,0,0,0,0,0,0,0,0,105,1,0.0,0.0,0.0,0,0,0
10,0.0,712,9,0.0,0.0,0.11,1.0,0.0,255,0.04,0.0,0.0,0,0,0,0,0,0,0,0,0,0,1,0,0,0,0,normal,0,1,0,0,0,0,0,0,0,0,1,0,0.0,0,1.0,0.0,0,0,0,0,0,0,0,0,0,0,0,0,0,0,0,0,0,0,0,0,0,1,0,0,0,0,0,0,0,0,0,0,0,0,0,0,0,0,0,0,0,0,0,0,0,0,0,0,0,0,0,0,0,0,0,0,0,0,0,0,0,0,0,0,0,0,0,0,0,0,201,10,0.0,0.0,0.0,0,0,0
1,0.0,0,2,0.0,0.0,1.0,1.0,0.0,86,0.5,0.0,0.0,0,0,0,0,0,0,0,0,0,0,1,0,0,0,0,ipsweep,0,0,0,0,0,0,0,0,0,1,0,0,0.0,0,1.0,0.0,0,0,0,0,0,0,0,0,0,0,0,1,0,0,0,0,0,0,0,0,0,0,0,0,0,0,0,0,0,0,0,0,0,0,0,0,0,0,0,0,0,0,0,0,0,0,0,0,0,0,0,0,0,0,0,0,0,0,0,0,0,0,0,0,0,0,0,0,0,0,8,9,1.0,0.0,0.0,0,0,0
181,0.06,0,255,0.06,0.0,0.0,0.1,1.0,25,0.0,0.0,1.0,0,0,0,0,0,0,1,0,0,0,0,0,0,0,0,neptune,0,0,0,0,0,0,0,0,0,0,1,0,0.0,0,0.14,1.0,0,0,0,0,0,0,0,0,0,0,0,0,0,0,0,0,0,0,0,0,0,0,0,0,0,0,0,0,0,0,0,0,0,0,0,0,0,0,0,0,0,0,0,0,0,0,0,1,0,0,0,0,0,0,0,0,0,0,0,0,0,0,0,0,0,0,0,0,0,0,0,25,0.0,0.0,1.0,0,0,0
23,0.0,1738,255,0.0,0.0,0.0,1.0,0.0,255,0.0,0.0,0.0,0,0,0,0,0,0,0,0,0,0,1,0,0,0,0,normal,0,1,0,0,0,0,0,0,0,0,1,0,0.0,0,1.0,0.0,0,0,0,0,0,0,0,0,0,0,0,0,0,0,0,0,0,0,0,0,0,1,0,0,0,0,0,0,0,0,0,0,0,0,0,0,0,0,0,0,0,0,0,0,0,0,0,0,0,0,0,0,0,0,0,0,0,0,0,0,0,0,0,0,0,0,0,0,0,0,360,23,0.0,0.0,0.0,0,0,0
2,0.0,1380,255,0.01,0.0,0.0,0.97,0.0,248,0.0,0.0,0.0,0,0,0,0,0,0,0,0,0,0,1,0,0,0,0,normal,0,1,0,0,0,0,0,0,0,0,1,0,0.0,0,1.0,0.0,0,0,0,0,0,0,0,0,0,0,0,0,0,0,0,0,0,0,0,0,0,1,0,0,0,0,0,0,0,0,0,0,0,0,0,0,0,0,0,0,0,0,0,0,0,0,0,0,0,0,0,0,0,0,0,0,0,0,0,0,0,0,0,0,0,0,0,0,0,0,306,2,0.0,0.0,0.0,0,0,0
263,0.07,0,255,0.08,1.0,0.0,0.04,0.0,11,0.0,1.0,0.0,0,0,1,0,0,0,0,0,0,0,0,0,0,0,0,neptune,0,0,0,0,0,0,0,0,0,0,1,0,1.0,0,0.04,0.0,0,0,0,0,0,0,0,0,1,0,0,0,0,0,0,0,0,0,0,0,0,0,0,0,0,0,0,0,0,0,0,0,0,0,0,0,0,0,0,0,0,0,0,0,0,0,0,0,0,0,0,0,0,0,0,0,0,0,0,0,0,0,0,0,0,0,0,0,0,0,0,11,0.0,1.0,0.0,0,0,0
7,0.0,1075,255,0.01,0.0,0.0,0.98,0.0,250,0.0,0.0,0.0,0,0,0,0,0,0,0,0,0,0,1,0,0,0,0,normal,0,1,0,0,0,0,0,0,0,0,1,0,0.0,0,1.0,0.0,0,0,0,0,0,0,0,0,0,0,0,0,0,0,0,0,0,0,0,0,0,1,0,0,0,0,0,0,0,0,0,0,0,0,0,0,0,0,0,0,0,0,0,0,0,0,0,0,0,0,0,0,0,0,0,0,0,0,0,0,0,0,0,0,0,0,0,0,0,0,299,7,0.0,0.0,0.0,0,0,0
51,0.0,3692,51,0.0,0.0,0.02,1.0,0.0,255,0.04,0.0,0.0,0,0,0,0,0,0,0,0,0,0,1,0,0,0,0,normal,0,1,0,0,0,0,0,0,0,0,1,0,0.0,0,1.0,0.0,0,0,0,0,0,0,0,0,0,0,0,0,0,0,0,0,0,0,0,0,0,1,0,0,0,0,0,0,0,0,0,0,0,0,0,0,0,0,0,0,0,0,0,0,0,0,0,0,0,0,0,0,0,0,0,0,0,0,0,0,0,0,0,0,0,0,0,0,0,0,219,51,0.0,0.0,0.0,0,0,0
60,0.07,0,255,0.05,0.0,0.01,0.16,1.0,41,0.0,0.0,1.0,0,0,0,0,0,0,1,0,0,0,0,0,0,0,0,neptune,0,0,0,0,0,0,0,0,0,0,1,0,0.0,0,0.25,1.0,0,0,0,0,0,0,0,0,0,0,0,0,0,0,0,0,0,0,0,0,0,0,0,0,0,0,0,0,0,0,0,0,0,0,0,0,0,0,0,0,0,0,0,0,0,0,0,0,0,0,0,0,0,0,0,0,0,0,1,0,0,0,0,0,0,0,0,0,0,0,0,15,0.0,0.0,1.0,0,0,0
8,0.0,5651,8,0.0,0.0,0.12,1.0,0.0,255,0.02,0.0,0.0,0,0,0,0,0,0,0,0,0,0,1,0,0,0,0,normal,0,1,0,0,0,0,0,0,0,0,1,0,0.0,0,1.0,0.0,0,0,0,0,0,0,0,0,0,0,0,0,0,0,0,0,0,0,0,0,0,1,0,0,0,0,0,0,0,0,0,0,0,0,0,0,0,0,0,0,0,0,0,0,0,0,0,0,0,0,0,0,0,0,0,0,0,0,0,0,0,0,0,0,0,0,0,0,0,0,278,8,0.0,0.0,0.0,0,0,0
277,0.05,0,255,0.05,0.0,0.0,0.02,1.0,6,0.0,0.0,1.0,0,0,0,0,0,0,1,0,0,0,0,0,0,0,0,neptune,0,0,0,0,0,0,0,0,0,0,1,0,0.0,0,0.02,1.0,0,0,0,0,0,0,0,0,0,0,0,0,0,0,0,0,0,0,0,0,0,0,0,0,0,0,0,0,0,0,0,0,0,0,0,0,0,0,0,1,0,0,0,0,0,0,0,0,0,0,0,0,0,0,0,0,0,0,0,0,0,0,0,0,0,0,0,0,0,0,0,6,0.0,0.0,1.0,0,0,0
2,0.0,0,237,0.0,0.0,1.0,1.0,0.0,237,0.0,0.0,0.0,0,0,0,0,0,0,0,0,0,0,1,0,0,0,0,normal,0,0,0,0,0,0,0,0,0,1,0,0,0.0,0,1.0,0.0,0,0,0,0,0,0,0,0,0,0,0,0,1,0,0,0,0,0,0,0,0,0,0,0,0,0,0,0,0,0,0,0,0,0,0,0,0,0,0,0,0,0,0,0,0,0,0,0,0,0,0,0,0,0,0,0,0,0,0,0,0,0,0,0,0,0,0,0,0,0,30,2,0.0,0.0,0.0,0,0,0
7,0.0,1982,7,0.0,0.0,0.14,1.0,0.0,255,0.02,0.0,0.0,0,0,0,0,0,0,0,0,0,0,1,0,0,0,0,normal,0,1,0,0,0,0,0,0,0,0,1,0,0.0,0,1.0,0.0,0,0,0,0,0,0,0,0,0,0,0,0,0,0,0,0,0,0,0,0,0,1,0,0,0,0,0,0,0,0,0,0,0,0,0,0,0,0,0,0,0,0,0,0,0,0,0,0,0,0,0,0,0,0,0,0,0,0,0,0,0,0,0,0,0,0,0,0,0,0,217,7,0.0,0.0,0.0,0,0,0
11,0.0,7355,82,0.0,0.0,0.01,1.0,0.0,255,0.01,0.0,0.0,0,0,0,0,0,0,0,0,0,0,1,0,0,0,0,normal,0,1,0,0,0,0,0,0,0,0,1,0,0.0,0,1.0,0.0,0,0,0,0,0,0,0,0,0,0,0,0,0,0,0,0,0,0,0,0,0,1,0,0,0,0,0,0,0,0,0,0,0,0,0,0,0,0,0,0,0,0,0,0,0,0,0,0,0,0,0,0,0,0,0,0,0,0,0,0,0,0,0,0,0,0,0,0,0,0,208,15,0.13,0.0,0.0,0,0,0
13,0.0,1484,255,0.0,0.0,0.0,1.0,0.0,255,0.0,0.0,0.0,0,0,0,0,0,0,0,0,0,0,1,0,0,0,0,normal,0,1,0,0,0,0,0,0,0,0,1,0,0.0,0,1.0,0.0,0,0,0,0,0,0,0,0,0,0,0,0,0,0,0,0,0,0,0,0,0,1,0,0,0,0,0,0,0,0,0,0,0,0,0,0,0,0,0,0,0,0,0,0,0,0,0,0,0,0,0,0,0,0,0,0,0,0,0,0,0,0,0,0,0,0,0,0,0,0,237,13,0.0,0.0,0.0,0,0,0
16,0.25,0,255,0.03,0.0,0.0,0.24,1.0,61,0.0,0.0,1.0,0,0,0,0,0,0,1,0,0,0,0,0,0,0,0,neptune,0,0,0,0,0,0,0,0,0,0,1,0,0.0,0,0.06,1.0,0,0,0,0,0,0,0,0,0,0,0,0,0,0,0,0,0,0,0,0,0,0,0,0,0,0,0,0,0,0,0,0,0,0,0,0,0,0,0,0,0,0,0,0,0,0,0,0,0,0,0,0,0,0,0,0,0,0,1,0,0,0,0,0,0,0,0,0,0,0,0,1,0.0,0.0,1.0,0,0,0
278,0.06,0,255,0.07,0.0,0.0,0.07,1.0,18,0.0,0.0,1.0,0,0,0,0,0,0,1,0,0,0,0,0,0,0,0,neptune,0,0,0,0,0,0,0,0,0,0,1,0,0.0,0,0.0,1.0,0,0,0,0,0,0,0,0,0,0,0,0,0,0,0,0,0,0,0,0,0,0,0,0,0,0,0,0,0,0,0,0,0,0,0,0,0,0,0,0,0,0,0,0,0,0,0,1,0,0,0,0,0,0,0,0,0,0,0,0,0,0,0,0,0,0,0,0,0,0,0,1,0.0,0.0,1.0,0,0,0
1,0.0,188,255,0.02,0.02,0.0,0.69,0.0,175,0.0,0.03,0.0,0,0,0,1,0,0,0,0,0,0,0,0,0,0,0,guess_passwd,0,0,0,0,1,0,0,0,0,0,1,0,1.0,0,1.0,0.0,0,0,0,0,0,0,0,0,0,0,0,0,0,0,0,0,0,0,0,0,0,0,0,0,0,0,0,0,0,0,0,0,0,0,0,0,0,0,0,0,0,0,0,0,0,0,0,0,0,0,0,0,0,0,0,0,0,0,1,0,0,0,0,0,0,0,0,0,0,0,125,1,0.0,1.0,0.0,0,0,0
11,0.0,0,255,0.01,0.56,0.0,0.96,0.15,245,0.0,0.59,0.16,0,0,0,0,0,0,1,0,0,0,0,0,0,0,0,apache2,0,0,0,0,0,0,0,0,0,0,1,0,0.0,0,1.0,1.0,0,0,0,0,0,0,0,0,0,0,0,0,0,0,0,0,0,0,0,0,0,1,0,0,0,0,0,0,0,0,0,0,0,0,0,0,0,0,0,0,0,0,0,0,0,0,0,0,0,0,0,0,0,0,0,0,0,0,0,0,0,0,0,0,0,0,0,0,0,0,0,11,0.0,0.0,1.0,0,0,0
289,0.06,0,255,0.07,0.0,0.0,0.03,1.0,8,0.0,0.0,1.0,0,0,0,0,0,0,1,0,0,0,0,0,0,0,0,neptune,0,0,0,0,0,0,0,0,0,0,1,0,0.0,0,0.04,1.0,0,0,0,0,0,0,0,0,0,0,0,0,0,0,0,0,0,0,0,0,0,0,0,0,0,0,0,1,0,0,0,0,0,0,0,0,0,0,0,0,0,0,0,0,0,0,0,0,0,0,0,0,0,0,0,0,0,0,0,0,0,0,0,0,0,0,0,0,0,0,0,12,0.0,0.0,1.0,0,0,0
300,0.06,0,255,0.08,0.0,0.0,0.08,1.0,20,0.0,0.0,1.0,0,0,0,0,0,0,1,0,0,0,0,0,0,0,0,neptune,0,0,0,0,0,0,0,0,0,0,1,0,0.0,0,0.07,1.0,0,0,0,0,0,0,0,0,0,0,0,0,0,0,0,0,0,0,0,0,0,0,0,0,0,0,0,0,0,0,0,0,0,0,0,0,0,0,0,0,0,0,0,0,0,0,0,0,0,0,0,0,0,0,0,0,0,1,0,0,0,0,0,0,0,0,0,0,0,0,0,20,0.0,0.0,1.0,0,0,0
7,0.0,2118,78,0.0,0.0,0.01,1.0,0.0,255,0.03,0.0,0.0,0,0,0,0,0,0,0,0,0,0,1,0,0,0,0,normal,0,1,0,0,0,0,0,0,0,0,1,0,0.0,0,1.0,0.0,0,0,0,0,0,0,0,0,0,0,0,0,0,0,0,0,0,0,0,0,0,1,0,0,0,0,0,0,0,0,0,0,0,0,0,0,0,0,0,0,0,0,0,0,0,0,0,0,0,0,0,0,0,0,0,0,0,0,0,0,0,0,0,0,0,0,0,0,0,0,222,7,0.0,0.0,0.0,0,0,0
124,0.0,44,255,0.0,0.0,0.01,1.0,0.0,255,0.0,0.0,0.0,0,0,0,0,0,0,0,0,0,0,1,0,0,0,0,normal,0,0,0,0,0,0,0,0,0,0,0,1,0.0,0,1.0,0.0,0,0,0,0,0,0,0,0,0,1,0,0,0,0,0,0,0,0,0,0,0,0,0,0,0,0,0,0,0,0,0,0,0,0,0,0,0,0,0,0,0,0,0,0,0,0,0,0,0,0,0,0,0,0,0,0,0,0,0,0,0,0,0,0,0,0,0,0,0,0,44,204,0.01,0.0,0.0,0,0,0
2,0.0,0,104,0.03,0.0,0.35,0.35,0.0,60,0.03,0.0,0.0,0,0,0,0,0,0,0,0,0,0,1,0,0,0,0,normal,0,1,0,0,0,0,0,0,0,0,1,0,0.0,0,1.0,0.0,0,0,0,0,0,0,0,0,0,0,0,0,0,0,0,0,0,1,0,0,0,0,0,0,0,0,0,0,0,0,0,0,0,0,0,0,0,0,0,0,0,0,0,0,0,0,0,0,0,0,0,0,0,0,0,0,0,0,0,0,0,0,0,0,0,0,0,0,0,0,26,4,0.75,0.0,0.0,0,0,0
2,0.0,0,255,0.73,1.0,1.0,0.01,0.0,2,0.0,1.0,0.0,18318,0,0,0,0,1,0,0,0,0,0,0,0,0,0,portsweep,0,0,0,0,0,0,0,0,0,0,1,0,1.0,0,1.0,0.0,0,0,0,0,0,0,0,0,0,0,0,0,0,0,0,0,0,0,0,0,0,0,0,0,0,0,0,0,0,0,0,0,0,0,0,0,0,0,0,0,0,0,1,0,0,0,0,0,0,0,0,0,0,0,0,0,0,0,0,0,0,0,0,0,0,0,0,0,0,0,1,2,0.0,1.0,0.0,0,0,0
7,0.0,42,255,0.0,0.0,0.01,1.0,0.0,255,0.0,0.0,0.0,0,0,0,0,0,0,0,0,0,0,1,0,0,0,0,normal,0,0,0,0,0,0,0,0,0,0,0,1,0.0,0,1.0,0.0,0,0,0,0,0,0,0,0,0,1,0,0,0,0,0,0,0,0,0,0,0,0,0,0,0,0,0,0,0,0,0,0,0,0,0,0,0,0,0,0,0,0,0,0,0,0,0,0,0,0,0,0,0,0,0,0,0,0,0,0,0,0,0,0,0,0,0,0,0,0,42,7,0.0,0.0,0.0,0,0,0
2,0.0,0,136,0.03,0.0,0.22,0.22,0.0,42,0.05,0.0,0.0,0,0,0,0,0,0,0,0,0,0,1,0,0,0,0,normal,0,0,0,0,0,0,0,0,0,0,1,0,0.0,0,1.0,0.0,0,0,0,0,0,0,0,0,0,0,0,0,0,0,0,0,0,1,0,0,0,0,0,0,0,0,0,0,0,0,0,0,0,0,0,0,0,0,0,0,0,0,0,0,0,0,0,0,0,0,0,0,0,0,0,0,0,0,0,0,0,0,0,0,0,0,0,0,0,0,203,2,0.0,0.0,0.0,0,0,0
267,0.05,0,255,0.05,0.0,0.0,0.02,1.0,5,0.0,0.0,1.0,0,0,0,0,0,0,1,0,0,0,0,0,0,0,0,neptune,0,0,0,0,0,0,0,0,0,0,1,0,0.0,0,0.02,1.0,0,0,0,0,0,1,0,0,0,0,0,0,0,0,0,0,0,0,0,0,0,0,0,0,0,0,0,0,0,0,0,0,0,0,0,0,0,0,0,0,0,0,0,0,0,0,0,0,0,0,0,0,0,0,0,0,0,0,0,0,0,0,0,0,0,0,0,0,0,0,0,5,0.0,0.0,1.0,0,0,0
139,0.08,0,255,0.08,0.0,0.0,0.03,1.0,7,0.0,0.0,1.0,0,0,0,0,0,0,1,0,0,0,0,0,0,0,0,neptune,0,0,0,0,0,0,0,0,0,0,1,0,0.0,0,0.1,1.0,0,0,0,0,0,0,0,0,0,0,0,0,0,0,0,0,0,0,0,0,0,0,0,0,0,0,0,0,0,0,0,0,0,0,0,0,0,0,0,0,0,0,0,0,0,0,0,1,0,0,0,0,0,0,0,0,0,0,0,0,0,0,0,0,0,0,0,0,0,0,0,14,0.0,0.0,1.0,0,0,0
511,0.0,0,255,0.03,0.0,0.76,0.76,0.0,194,0.0,0.0,0.0,0,0,0,0,0,0,0,0,0,0,1,0,0,0,0,smurf,0,0,0,0,0,0,0,0,0,1,0,0,0.0,0,1.0,0.0,0,0,0,0,0,0,0,0,0,0,0,0,1,0,0,0,0,0,0,0,0,0,0,0,0,0,0,0,0,0,0,0,0,0,0,0,0,0,0,0,0,0,0,0,0,0,0,0,0,0,0,0,0,0,0,0,0,0,0,0,0,0,0,0,0,0,0,0,0,0,1032,511,0.0,0.0,0.0,0,0,0
1,0.0,2274,255,0.02,0.0,0.0,0.1,0.12,26,0.0,0.0,0.0,5055,0,0,0,0,0,0,0,0,0,1,0,20,1,0,warezclient,0,1,0,0,0,0,0,0,0,0,1,0,0.0,0,1.0,0.0,0,0,0,0,0,0,0,0,0,0,0,0,0,0,0,0,1,0,0,0,0,0,0,0,0,0,0,0,0,0,0,0,0,0,0,0,0,0,0,0,0,0,0,0,0,0,0,0,0,0,0,0,0,0,0,0,0,0,0,0,0,0,0,0,0,0,0,0,0,0,1049,1,0.0,0.0,0.0,0,0,0
44,0.0,0,255,0.44,0.35,0.56,0.56,0.09,144,0.0,0.0,0.0,0,0,0,0,0,0,0,0,0,0,1,0,0,0,0,teardrop,0,0,0,0,0,0,0,0,0,0,0,1,0.0,0,1.0,0.0,0,0,0,0,0,0,0,0,0,0,0,0,0,0,0,0,0,0,0,0,0,0,0,0,0,0,0,0,0,0,0,0,0,0,0,0,0,0,0,0,0,0,0,0,0,0,0,1,0,0,0,0,0,0,0,0,0,0,0,0,0,0,0,0,0,0,0,0,0,0,28,44,0.0,0.0,0.0,0,0,3
3,0.0,313,255,0.0,0.33,0.0,1.0,0.0,255,0.0,0.33,0.0,0,0,0,0,0,0,0,0,0,0,1,0,0,0,0,normal,0,1,0,0,0,0,0,0,0,0,1,0,0.0,0,1.0,0.0,0,0,0,0,0,0,0,0,0,0,0,0,0,0,0,0,0,0,0,0,0,1,0,0,0,0,0,0,0,0,0,0,0,0,0,0,0,0,0,0,0,0,0,0,0,0,0,0,0,0,0,0,0,0,0,0,0,0,0,0,0,0,0,0,0,0,0,0,0,0,207,3,0.0,0.0,0.0,0,0,0
244,0.07,0,255,0.07,0.0,0.0,0.03,1.0,8,0.0,0.0,1.0,0,0,0,0,0,0,1,0,0,0,0,0,0,0,0,neptune,0,0,0,0,0,0,0,0,0,0,1,0,0.0,0,0.03,1.0,0,1,0,0,0,0,0,0,0,0,0,0,0,0,0,0,0,0,0,0,0,0,0,0,0,0,0,0,0,0,0,0,0,0,0,0,0,0,0,0,0,0,0,0,0,0,0,0,0,0,0,0,0,0,0,0,0,0,0,0,0,0,0,0,0,0,0,0,0,0,0,8,0.0,0.0,1.0,0,0,0
2,1.0,4,120,0.13,0.03,0.01,0.01,0.0,1,0.0,0.0,0.0,0,0,0,0,0,0,0,0,0,0,1,0,0,0,0,satan,0,1,0,0,0,0,0,0,0,0,1,0,0.5,0,0.5,0.0,0,0,0,0,0,0,0,0,0,0,0,0,0,0,0,0,0,0,0,0,0,0,0,0,0,0,0,0,0,0,0,0,0,0,0,0,0,0,0,0,0,0,0,0,0,0,0,0,0,0,0,0,0,0,0,0,0,0,0,0,0,1,0,0,0,0,0,0,0,0,6,1,0.0,0.0,0.0,0,0,0
28,0.0,2605,160,0.0,0.01,0.01,1.0,0.0,255,0.02,0.0,0.0,0,0,0,0,0,0,0,0,0,0,1,0,0,0,0,normal,0,1,0,0,0,0,0,0,0,0,1,0,0.0,0,1.0,0.0,0,0,0,0,0,0,0,0,0,0,0,0,0,0,0,0,0,0,0,0,0,1,0,0,0,0,0,0,0,0,0,0,0,0,0,0,0,0,0,0,0,0,0,0,0,0,0,0,0,0,0,0,0,0,0,0,0,0,0,0,0,0,0,0,0,0,0,0,0,0,299,28,0.0,0.0,0.0,0,0,0
8,0.0,1060,18,0.0,0.0,0.06,1.0,0.0,255,0.04,0.0,0.0,0,0,0,0,0,0,0,0,0,0,1,0,0,0,0,normal,0,1,0,0,0,0,0,0,0,0,1,0,0.0,0,1.0,0.0,0,0,0,0,0,0,0,0,0,0,0,0,0,0,0,0,0,0,0,0,0,1,0,0,0,0,0,0,0,0,0,0,0,0,0,0,0,0,0,0,0,0,0,0,0,0,0,0,0,0,0,0,0,0,0,0,0,0,0,0,0,0,0,0,0,0,0,0,0,0,340,17,0.12,0.0,0.0,0,0,0
140,0.0,46,255,0.0,0.0,0.01,1.0,0.0,255,0.0,0.0,0.0,0,0,0,0,0,0,0,0,0,0,1,0,0,0,0,normal,0,0,0,0,0,0,0,0,0,0,0,1,0.0,0,1.0,0.0,0,0,0,0,0,0,0,0,0,1,0,0,0,0,0,0,0,0,0,0,0,0,0,0,0,0,0,0,0,0,0,0,0,0,0,0,0,0,0,0,0,0,0,0,0,0,0,0,0,0,0,0,0,0,0,0,0,0,0,0,0,0,0,0,0,0,0,0,0,0,46,220,0.01,0.0,0.0,0,0,0
122,0.06,0,255,0.06,0.0,0.0,0.04,1.0,10,0.0,0.0,1.0,0,0,0,0,0,0,1,0,0,0,0,0,0,0,0,neptune,0,0,0,0,0,0,0,0,0,0,1,0,0.0,0,0.07,1.0,0,0,0,0,0,0,0,0,0,0,0,0,0,0,0,0,0,0,0,0,0,0,0,0,0,0,0,0,0,0,0,0,0,0,0,0,0,0,0,0,0,0,0,0,0,0,0,1,0,0,0,0,0,0,0,0,0,0,0,0,0,0,0,0,0,0,0,0,0,0,0,9,0.0,0.0,1.0,0,0,0
196,0.07,0,255,0.08,1.0,0.0,0.01,0.0,3,0.0,1.0,0.0,0,0,1,0,0,0,0,0,0,0,0,0,0,0,0,neptune,0,0,0,0,0,0,0,0,0,0,1,0,1.0,0,0.02,0.0,0,0,0,0,0,0,0,0,0,0,0,0,0,0,0,0,0,0,0,0,0,0,0,0,0,0,0,0,0,0,0,0,0,0,0,0,0,0,0,0,0,0,0,0,0,0,0,1,0,0,0,0,0,0,0,0,0,0,0,0,0,0,0,0,0,0,0,0,0,0,0,3,0.0,1.0,0.0,0,0,0
27,1.0,0,145,0.28,0.2,0.01,0.01,0.0,1,0.0,1.0,0.0,0,0,1,0,0,0,0,0,0,0,0,0,0,0,0,satan,0,0,0,0,0,0,0,0,0,0,1,0,0.96,0,0.04,0.0,0,0,0,0,0,0,0,0,0,0,0,0,0,0,0,0,0,0,0,0,0,0,0,0,0,0,0,0,0,0,0,0,0,0,0,0,0,0,0,0,0,0,0,0,0,0,0,1,0,0,0,0,0,0,0,0,0,0,0,0,0,0,0,0,0,0,0,0,0,0,0,1,0.0,1.0,0.0,0,0,0
3,0.0,1800,255,0.01,0.0,0.0,0.95,0.0,242,0.0,0.0,0.0,0,0,0,0,0,0,0,0,0,0,1,0,0,0,0,normal,0,1,0,0,0,0,0,0,0,0,1,0,0.0,0,1.0,0.0,0,0,0,0,0,0,0,0,0,0,0,0,0,0,0,0,0,0,0,0,0,1,0,0,0,0,0,0,0,0,0,0,0,0,0,0,0,0,0,0,0,0,0,0,0,0,0,0,0,0,0,0,0,0,0,0,0,0,0,0,0,0,0,0,0,0,0,0,0,0,250,3,0.0,0.0,0.0,0,0,0
10,0.0,1862,46,0.0,0.0,0.02,1.0,0.0,255,0.05,0.0,0.01,0,0,0,0,0,0,0,0,0,0,1,0,0,0,0,normal,0,1,0,0,0,0,0,0,0,0,1,0,0.0,0,1.0,0.0,0,0,0,0,0,0,0,0,0,0,0,0,0,0,0,0,0,0,0,0,0,1,0,0,0,0,0,0,0,0,0,0,0,0,0,0,0,0,0,0,0,0,0,0,0,0,0,0,0,0,0,0,0,0,0,0,0,0,0,0,0,0,0,0,0,0,0,0,0,0,291,11,0.18,0.0,0.0,0,0,0
102,0.07,0,255,0.07,1.0,0.0,0.0,0.0,1,0.0,1.0,0.0,0,0,0,1,0,0,0,0,0,0,0,0,0,0,0,neptune,0,0,0,0,0,0,0,0,0,0,1,0,1.0,0,0.01,0.0,0,0,0,0,0,0,0,0,0,0,0,0,0,0,0,0,0,0,0,0,0,0,0,0,0,0,0,0,0,0,0,0,0,0,0,0,0,0,0,0,0,0,0,0,0,0,0,1,0,0,0,0,0,0,0,0,0,0,0,0,0,0,0,0,0,0,0,0,0,0,0,1,0.0,1.0,0.0,0,0,0
16,0.0,687,255,0.0,0.0,0.0,1.0,0.0,255,0.0,0.0,0.0,0,0,0,0,0,0,0,0,0,0,1,0,0,0,0,normal,0,1,0,0,0,0,0,0,0,0,1,0,0.0,0,1.0,0.06,0,0,0,0,0,0,0,0,0,0,0,0,0,0,0,0,0,0,0,0,0,1,0,0,0,0,0,0,0,0,0,0,0,0,0,0,0,0,0,0,0,0,0,0,0,0,0,0,0,0,0,0,0,0,0,0,0,0,0,0,0,0,0,0,0,0,0,0,0,0,295,16,0.0,0.0,0.06,0,0,0
75,0.0,136,255,0.0,0.0,0.0,1.0,0.0,255,0.0,0.0,0.0,0,0,0,0,0,0,0,0,0,0,1,0,0,0,0,normal,0,0,0,0,0,0,0,0,0,0,0,1,0.0,0,1.0,0.0,0,0,0,0,0,0,0,0,0,1,0,0,0,0,0,0,0,0,0,0,0,0,0,0,0,0,0,0,0,0,0,0,0,0,0,0,0,0,0,0,0,0,0,0,0,0,0,0,0,0,0,0,0,0,0,0,0,0,0,0,0,0,0,0,0,0,0,0,0,0,45,155,0.01,0.0,0.0,0,0,0
3,0.0,1935,175,0.0,0.0,0.01,1.0,0.0,255,0.05,0.0,0.0,0,0,0,0,0,0,0,0,0,0,1,0,0,0,0,normal,0,1,0,0,0,0,0,0,0,0,1,0,0.0,0,1.0,0.0,0,0,0,0,0,0,0,0,0,0,0,0,0,0,0,0,0,0,0,0,0,1,0,0,0,0,0,0,0,0,0,0,0,0,0,0,0,0,0,0,0,0,0,0,0,0,0,0,0,0,0,0,0,0,0,0,0,0,0,0,0,0,0,0,0,0,0,0,0,0,345,6,0.5,0.0,0.0,0,0,0
2,1.0,0,255,0.01,0.0,0.06,0.05,0.0,14,0.0,0.0,0.0,0,0,0,0,0,0,0,0,0,0,1,0,0,0,0,normal,0,0,0,0,0,0,0,0,0,1,0,0,0.0,0,0.5,0.0,0,0,0,0,0,0,0,0,0,0,0,0,0,0,0,0,0,0,0,0,0,0,0,0,0,0,0,0,0,0,0,0,0,0,0,0,0,0,0,0,0,0,0,0,0,0,0,0,0,0,0,0,0,0,0,0,0,0,0,0,0,0,0,1,0,0,0,0,0,0,183,1,0.0,0.0,0.0,0,0,0
269,0.05,0,255,0.05,0.0,0.0,0.08,1.0,21,0.0,0.0,1.0,0,0,0,0,0,0,1,0,0,0,0,0,0,0,0,neptune,0,0,0,0,0,0,0,0,0,0,1,0,0.0,0,0.08,1.0,0,0,0,0,0,0,0,0,0,0,0,0,0,0,0,0,0,0,0,0,0,0,0,0,0,0,0,0,0,0,0,0,0,0,0,0,0,0,0,0,0,0,0,0,0,0,0,0,0,0,0,0,0,0,0,0,0,0,0,0,0,0,0,0,0,0,0,0,0,1,0,21,0.0,0.0,1.0,0,0,0
292,0.06,0,255,0.09,0.0,0.0,0.03,1.0,8,0.0,0.0,1.0,0,0,0,0,0,0,1,0,0,0,0,0,0,0,0,neptune,0,0,0,0,0,0,0,0,0,0,1,0,0.0,0,0.04,1.0,0,0,0,0,0,0,0,0,0,0,0,0,0,0,0,0,0,0,0,0,0,0,0,0,0,0,0,0,0,0,0,0,0,0,0,0,0,0,0,0,0,0,0,0,0,0,0,0,0,0,0,0,0,0,0,1,0,0,0,0,0,0,0,0,0,0,0,0,0,0,0,13,0.0,0.0,1.0,0,0,0
1,0.0,0,255,1.0,0.99,1.0,0.0,0.0,1,0.0,1.0,0.0,0,0,0,0,0,1,0,0,0,0,0,0,0,0,0,portsweep,0,0,0,0,0,0,0,0,0,0,1,0,1.0,0,1.0,0.0,0,0,0,0,0,0,0,0,0,0,1,0,0,0,0,0,0,0,0,0,0,0,0,0,0,0,0,0,0,0,0,0,0,0,0,0,0,0,0,0,0,0,0,0,0,0,0,0,0,0,0,0,0,0,0,0,0,0,0,0,0,0,0,0,0,0,0,0,0,0,0,1,0.0,1.0,0.0,0,0,0
209,0.07,0,255,0.09,0.0,0.0,0.04,1.0,11,0.0,0.0,1.0,0,0,0,0,0,0,1,0,0,0,0,0,0,0,0,neptune,0,0,0,0,0,0,0,0,0,0,1,0,0.0,0,0.05,1.0,0,0,0,0,0,0,0,0,0,0,0,0,0,0,0,0,0,0,0,0,0,0,0,0,0,0,0,0,0,0,0,0,0,0,0,0,0,0,0,0,0,0,0,0,0,0,0,1,0,0,0,0,0,0,0,0,0,0,0,0,0,0,0,0,0,0,0,0,0,0,0,11,0.0,0.0,1.0,0,0,0
1,0.0,10758,125,0.0,0.0,0.01,1.0,0.0,255,0.01,0.0,0.0,0,0,0,0,0,0,0,0,0,0,1,0,0,0,0,normal,0,1,0,0,0,0,0,0,0,0,1,0,0.0,0,1.0,0.0,0,0,0,0,0,0,0,0,0,0,0,0,0,0,0,0,0,0,0,0,0,1,0,0,0,0,0,0,0,0,0,0,0,0,0,0,0,0,0,0,0,0,0,0,0,0,0,0,0,0,0,0,0,0,0,0,0,0,0,0,0,0,0,0,0,0,0,0,0,0,265,2,1.0,0.0,0.0,0,0,0
8,0.0,16070,110,0.0,0.0,0.01,1.0,0.0,255,0.03,0.0,0.0,0,0,0,0,0,0,0,0,0,0,1,0,0,0,0,normal,0,1,0,0,0,0,0,0,0,0,1,0,0.0,0,1.0,0.0,0,0,0,0,0,0,0,0,0,0,0,0,0,0,0,0,0,0,0,0,0,1,0,0,0,0,0,0,0,0,0,0,0,0,0,0,0,0,0,0,0,0,0,0,0,0,0,0,0,0,0,0,0,0,0,0,0,0,0,0,0,0,0,0,0,0,0,0,0,0,232,10,0.2,0.0,0.0,0,0,0
1,0.0,0,255,0.88,0.86,0.86,0.0,0.0,1,0.0,1.0,0.0,0,0,1,0,0,0,0,0,0,0,0,0,0,0,0,portsweep,0,0,0,0,0,0,0,0,0,0,1,0,1.0,0,1.0,0.0,0,0,0,0,0,0,0,0,0,0,0,0,0,0,0,0,0,0,0,0,0,0,0,0,0,0,0,0,0,0,0,0,0,0,0,0,0,0,0,0,0,0,0,0,0,0,0,1,0,0,0,0,0,0,0,0,0,0,0,0,0,0,0,0,0,0,0,0,0,0,0,1,0.0,1.0,0.0,0,0,0
1,0.0,451,147,0.02,0.0,0.01,0.76,0.0,146,0.01,0.0,0.0,3,0,0,0,0,0,0,0,0,0,1,0,0,0,0,normal,0,1,0,0,0,0,0,0,0,0,1,0,0.0,0,1.0,0.0,0,0,0,0,0,0,0,0,0,0,0,0,0,0,0,0,0,0,0,0,0,0,0,0,0,0,0,0,0,0,0,0,0,0,0,0,0,0,0,0,0,0,0,0,0,0,0,0,0,0,0,0,1,0,0,0,0,0,0,0,0,0,0,0,0,0,0,0,0,0,1021,1,0.0,0.0,0.0,0,0,0
11,0.0,5625,255,0.0,0.0,0.0,1.0,0.0,255,0.0,0.0,0.0,0,0,0,0,0,0,0,0,0,0,1,0,0,0,0,normal,0,1,0,0,0,0,0,0,0,0,1,0,0.0,0,1.0,0.0,0,0,0,0,0,0,0,0,0,0,0,0,0,0,0,0,0,0,0,0,0,1,0,0,0,0,0,0,0,0,0,0,0,0,0,0,0,0,0,0,0,0,0,0,0,0,0,0,0,0,0,0,0,0,0,0,0,0,0,0,0,0,0,0,0,0,0,0,0,0,290,12,0.17,0.0,0.0,0,0,0
5,0.6,0,255,0.17,0.0,0.32,0.0,0.0,1,0.0,0.0,0.0,0,0,0,0,0,0,0,0,0,0,1,0,0,0,0,normal,0,0,0,0,0,0,0,0,0,0,0,1,0.0,0,0.2,0.0,0,0,0,0,0,0,0,0,0,0,0,0,0,0,0,0,0,0,0,0,0,0,0,0,0,0,0,0,0,0,0,0,0,0,0,0,0,0,0,0,0,0,1,0,0,0,0,0,0,0,0,0,0,0,0,0,0,0,0,0,0,0,0,0,0,0,0,0,0,0,147,1,0.0,0.0,0.0,0,0,0
2,0.0,872,28,0.0,0.0,0.04,1.0,0.0,255,0.05,0.0,0.0,0,0,0,0,0,0,0,0,0,0,1,0,0,0,0,normal,0,1,0,0,0,0,0,0,0,0,1,0,0.0,0,1.0,0.0,0,0,0,0,0,0,0,0,0,0,0,0,0,0,0,0,0,0,0,0,0,1,0,0,0,0,0,0,0,0,0,0,0,0,0,0,0,0,0,0,0,0,0,0,0,0,0,0,0,0,0,0,0,0,0,0,0,0,0,0,0,0,0,0,0,0,0,0,0,0,366,9,0.22,0.0,0.0,0,0,0
8,0.0,5255,30,0.0,0.0,0.03,1.0,0.0,255,0.05,0.0,0.0,0,0,0,0,0,0,0,0,0,0,1,0,0,0,0,normal,0,1,0,0,0,0,0,0,0,0,1,0,0.0,0,1.0,0.0,0,0,0,0,0,0,0,0,0,0,0,0,0,0,0,0,0,0,0,0,0,1,0,0,0,0,0,0,0,0,0,0,0,0,0,0,0,0,0,0,0,0,0,0,0,0,0,0,0,0,0,0,0,0,0,0,0,0,0,0,0,0,0,0,0,0,0,0,0,0,224,23,0.09,0.0,0.0,0,0,0
90,0.09,0,255,0.06,0.0,0.0,0.01,1.0,2,0.0,0.0,1.0,0,0,0,0,0,0,1,0,0,0,0,0,0,0,0,neptune,0,0,0,0,0,0,0,0,0,0,1,0,0.0,0,0.02,0.99,0,0,0,0,0,0,0,0,0,0,0,0,0,0,0,0,0,0,0,0,0,0,0,1,0,0,0,0,0,0,0,0,0,0,0,0,0,0,0,0,0,0,0,0,0,0,0,0,0,0,0,0,0,0,0,0,0,0,0,0,0,0,0,0,0,0,0,0,0,0,0,2,0.0,0.0,1.0,0,0,0
258,0.05,0,255,0.06,0.0,0.0,0.05,1.0,13,0.0,0.0,1.0,0,0,0,0,0,0,1,0,0,0,0,0,0,0,0,neptune,0,0,0,0,0,0,0,0,0,0,1,0,0.0,0,0.07,1.0,0,0,0,0,0,0,0,0,0,0,0,0,0,0,0,0,0,0,0,0,0,0,0,0,0,0,0,0,0,0,0,0,0,0,0,0,0,0,0,0,0,0,0,0,0,0,0,1,0,0,0,0,0,0,0,0,0,0,0,0,0,0,0,0,0,0,0,0,0,0,0,18,0.0,0.0,1.0,0,0,0
102,0.07,0,255,0.06,1.0,0.0,0.01,0.0,2,0.0,1.0,0.0,0,0,1,0,0,0,0,0,0,0,0,0,0,0,0,neptune,0,0,0,0,0,0,0,0,0,0,1,0,1.0,0,0.02,0.0,0,0,0,0,0,0,0,0,0,0,0,0,0,0,0,0,0,0,0,0,0,0,0,1,0,0,0,0,0,0,0,0,0,0,0,0,0,0,0,0,0,0,0,0,0,0,0,0,0,0,0,0,0,0,0,0,0,0,0,0,0,0,0,0,0,0,0,0,0,0,0,2,0.0,1.0,0.0,0,0,0
2,0.0,1601,4,0.0,0.0,0.25,1.0,0.0,255,0.03,0.0,0.01,0,0,0,0,0,0,0,0,0,0,1,0,0,0,0,normal,0,1,0,0,0,0,0,0,0,0,1,0,0.0,0,1.0,0.0,0,0,0,0,0,0,0,0,0,0,0,0,0,0,0,0,0,0,0,0,0,1,0,0,0,0,0,0,0,0,0,0,0,0,0,0,0,0,0,0,0,0,0,0,0,0,0,0,0,0,0,0,0,0,0,0,0,0,0,0,0,0,0,0,0,0,0,0,0,0,247,4,0.5,0.0,0.25,0,0,0
1,0.0,367,160,0.03,0.0,0.01,0.79,0.0,127,0.0,0.0,0.0,2,0,0,0,0,0,0,0,0,0,1,0,0,0,0,normal,0,1,0,0,0,0,0,0,0,0,1,0,0.0,0,1.0,0.0,0,0,0,0,0,0,0,0,0,0,0,0,0,0,0,0,0,0,0,0,0,0,0,0,0,0,0,0,0,0,0,0,0,0,0,0,0,0,0,0,0,0,0,0,0,0,0,0,0,0,0,0,1,0,0,0,0,0,0,0,0,0,0,0,0,0,0,0,0,0,1419,2,1.0,0.0,0.0,0,0,0
511,0.0,0,255,0.01,0.0,0.51,0.51,0.0,129,0.0,0.0,0.0,0,0,0,0,0,0,0,0,0,0,1,0,0,0,0,smurf,0,0,0,0,0,0,0,0,0,1,0,0,0.0,0,1.0,0.0,0,0,0,0,0,0,0,0,0,0,0,0,1,0,0,0,0,0,0,0,0,0,0,0,0,0,0,0,0,0,0,0,0,0,0,0,0,0,0,0,0,0,0,0,0,0,0,0,0,0,0,0,0,0,0,0,0,0,0,0,0,0,0,0,0,0,0,0,0,0,1032,511,0.0,0.0,0.0,0,0,0
11,0.0,1071,255,0.0,0.0,0.0,1.0,0.0,255,0.0,0.0,0.0,0,0,0,0,0,0,0,0,0,0,1,0,0,0,0,normal,0,1,0,0,0,0,0,0,0,0,1,0,0.0,0,1.0,0.0,0,0,0,0,0,0,0,0,0,0,0,0,0,0,0,0,0,0,0,0,0,1,0,0,0,0,0,0,0,0,0,0,0,0,0,0,0,0,0,0,0,0,0,0,0,0,0,0,0,0,0,0,0,0,0,0,0,0,0,0,0,0,0,0,0,0,0,0,0,0,389,12,0.17,0.0,0.0,0,0,0
239,0.07,0,255,0.07,1.0,0.0,0.03,0.0,7,0.0,1.0,0.0,0,0,1,0,0,0,0,0,0,0,0,0,0,0,0,neptune,0,0,0,0,0,0,0,0,0,0,1,0,1.0,0,0.03,0.0,0,0,0,0,0,0,0,0,0,0,0,0,0,0,0,0,0,0,0,0,0,0,0,0,0,0,0,0,0,0,0,0,0,0,0,0,0,0,0,0,0,0,0,0,0,0,0,1,0,0,0,0,0,0,0,0,0,0,0,0,0,0,0,0,0,0,0,0,0,0,0,7,0.0,1.0,0.0,0,0,0
6,0.0,839,6,0.0,0.0,0.17,1.0,0.0,255,0.02,0.0,0.0,0,0,0,0,0,0,0,0,0,0,1,0,0,0,0,normal,0,1,0,0,0,0,0,0,0,0,1,0,0.0,0,1.0,0.0,0,0,0,0,0,0,0,0,0,0,0,0,0,0,0,0,0,0,0,0,0,1,0,0,0,0,0,0,0,0,0,0,0,0,0,0,0,0,0,0,0,0,0,0,0,0,0,0,0,0,0,0,0,0,0,0,0,0,0,0,0,0,0,0,0,0,0,0,0,0,309,6,0.0,0.0,0.0,0,0,0
1,0.0,338,90,0.08,0.0,0.01,0.49,0.0,148,0.01,0.0,0.0,0,0,0,0,0,0,0,0,0,0,1,0,0,0,0,normal,0,1,0,0,0,0,0,0,0,0,1,0,0.0,0,1.0,0.0,0,0,0,0,0,0,0,0,0,0,0,0,0,0,0,0,0,0,0,0,0,0,0,0,0,0,0,0,0,0,0,0,0,0,0,0,0,0,0,0,0,0,0,0,0,0,0,0,0,0,0,0,1,0,0,0,0,0,0,0,0,0,0,0,0,0,0,0,0,0,1996,1,0.0,0.0,0.0,0,0,0
160,0.06,0,255,0.06,0.0,0.0,0.06,1.0,16,0.0,0.0,1.0,0,0,0,0,0,0,1,0,0,0,0,0,0,0,0,neptune,0,0,0,0,0,0,0,0,0,0,1,0,0.0,0,0.1,1.0,0,0,0,0,0,0,0,0,0,0,0,0,0,0,0,0,0,0,0,0,0,0,0,0,0,0,0,0,0,0,0,0,0,0,0,0,0,0,0,0,0,0,0,0,0,0,0,1,0,0,0,0,0,0,0,0,0,0,0,0,0,0,0,0,0,0,0,0,0,0,0,16,0.0,0.0,1.0,0,0,0
509,1.0,0,255,1.0,0.7,0.0,0.0,0.27,1,0.0,1.0,0.0,0,0,1,0,0,0,0,0,0,0,0,0,0,0,0,satan,0,0,0,0,0,0,0,0,0,0,1,0,0.76,0,0.0,0.23,0,0,0,0,0,0,0,0,0,0,0,0,0,0,0,0,0,0,0,0,0,0,0,0,0,0,0,0,0,0,0,0,0,0,0,0,0,0,0,0,0,0,1,0,0,0,0,0,0,0,0,0,0,0,0,0,0,0,0,0,0,0,0,0,0,0,0,0,0,0,0,1,0.0,1.0,0.0,0,0,0
1,0.0,15303,61,0.03,0.13,0.02,0.3,0.02,18,0.0,0.44,0.06,0,0,0,0,0,0,0,1,0,0,0,0,0,0,0,normal,0,1,0,0,0,0,0,0,0,0,1,0,0.0,0,1.0,1.0,0,0,0,0,0,0,0,0,0,0,0,0,0,0,0,0,0,0,0,0,0,0,0,0,0,0,1,0,0,0,0,0,0,0,0,0,0,0,0,0,0,0,0,0,0,0,0,0,0,0,0,0,0,0,0,0,0,0,0,0,0,0,0,0,0,0,0,0,0,0,2754,1,0.0,0.0,1.0,0,0,0
266,0.06,0,255,0.06,0.0,0.0,0.06,1.0,16,0.0,0.0,1.0,0,0,0,0,0,0,1,0,0,0,0,0,0,0,0,neptune,0,0,0,0,0,0,0,0,0,0,1,0,0.0,0,0.06,1.0,0,0,0,0,0,0,0,0,0,0,0,0,0,0,0,0,0,0,0,0,0,0,0,0,0,0,0,0,0,0,0,0,0,0,0,0,0,0,0,0,0,0,0,0,0,0,0,1,0,0,0,0,0,0,0,0,0,0,0,0,0,0,0,0,0,0,0,0,0,0,0,16,0.0,0.0,1.0,0,0,0
6,0.0,22811,13,0.0,0.0,0.08,1.0,0.0,255,0.02,0.0,0.0,0,0,0,0,0,0,0,0,0,0,1,0,0,0,0,normal,0,1,0,0,0,0,0,0,0,0,1,0,0.0,0,1.0,0.0,0,0,0,0,0,0,0,0,0,0,0,0,0,0,0,0,0,0,0,0,0,1,0,0,0,0,0,0,0,0,0,0,0,0,0,0,0,0,0,0,0,0,0,0,0,0,0,0,0,0,0,0,0,0,0,0,0,0,0,0,0,0,0,0,0,0,0,0,0,0,211,6,0.0,0.0,0.0,0,0,0
4,0.0,1496,123,0.0,0.0,0.01,1.0,0.01,173,0.02,0.01,0.01,0,0,0,0,0,0,0,0,0,0,1,0,0,0,0,normal,0,1,0,0,0,0,0,0,0,0,1,0,0.0,0,1.0,0.25,0,0,0,0,0,0,0,0,0,0,0,0,0,0,0,0,0,0,0,0,0,1,0,0,0,0,0,0,0,0,0,0,0,0,0,0,0,0,0,0,0,0,0,0,0,0,0,0,0,0,0,0,0,0,0,0,0,0,0,0,0,0,0,0,0,0,0,0,0,0,201,11,0.36,0.0,0.27,0,0,0
2,0.0,6859,255,0.0,0.0,0.0,1.0,0.0,255,0.0,0.0,0.0,0,0,0,0,0,0,0,0,0,0,1,0,0,0,0,normal,0,1,0,0,0,0,0,0,0,0,1,0,0.0,0,1.0,0.0,0,0,0,0,0,0,0,0,0,0,0,0,0,0,0,0,0,0,0,0,0,1,0,0,0,0,0,0,0,0,0,0,0,0,0,0,0,0,0,0,0,0,0,0,0,0,0,0,0,0,0,0,0,0,0,0,0,0,0,0,0,0,0,0,0,0,0,0,0,0,224,4,0.5,0.0,0.0,0,0,0
1,0.0,332,32,0.06,0.0,0.03,0.81,0.0,85,0.02,0.0,0.0,0,0,0,0,0,0,0,0,0,0,1,0,0,0,0,normal,0,1,0,0,0,0,0,0,0,0,1,0,0.0,0,1.0,0.0,0,0,0,0,0,0,0,0,0,0,0,0,0,0,0,0,0,0,0,0,0,0,0,0,0,0,0,0,0,0,0,0,0,0,0,0,0,0,0,0,0,0,0,0,0,0,0,0,0,0,0,0,1,0,0,0,0,0,0,0,0,0,0,0,0,0,0,0,0,0,204768,1,0.0,0.0,0.0,0,0,0
292,0.06,0,255,0.07,0.0,0.0,0.02,1.0,5,0.0,0.0,1.0,0,0,0,0,0,0,1,0,0,0,0,0,0,0,0,neptune,0,0,0,0,0,0,0,0,0,0,1,0,0.0,0,0.04,1.0,0,0,0,0,0,0,0,0,0,0,0,0,0,0,0,0,0,0,0,0,0,0,0,0,0,0,0,0,0,0,0,0,0,0,0,0,0,0,0,0,0,0,0,0,0,0,0,1,0,0,0,0,0,0,0,0,0,0,0,0,0,0,0,0,0,0,0,0,0,0,0,11,0.0,0.0,1.0,0,0,0
240,0.05,0,255,0.05,0.0,0.0,0.02,1.0,6,0.0,0.0,1.0,0,0,0,0,0,0,1,0,0,0,0,0,0,0,0,neptune,0,0,0,0,0,0,0,0,0,0,1,0,0.0,0,0.03,1.0,0,1,0,0,0,0,0,0,0,0,0,0,0,0,0,0,0,0,0,0,0,0,0,0,0,0,0,0,0,0,0,0,0,0,0,0,0,0,0,0,0,0,0,0,0,0,0,0,0,0,0,0,0,0,0,0,0,0,0,0,0,0,0,0,0,0,0,0,0,0,0,6,0.0,0.0,1.0,0,0,0
202,0.0,121,255,0.01,0.0,0.0,0.92,0.0,234,0.0,0.0,0.0,0,0,0,0,0,0,0,0,0,0,1,0,0,0,0,normal,0,0,0,0,0,0,0,0,0,0,0,1,0.0,0,1.0,0.0,0,0,0,0,0,0,0,0,0,1,0,0,0,0,0,0,0,0,0,0,0,0,0,0,0,0,0,0,0,0,0,0,0,0,0,0,0,0,0,0,0,0,0,0,0,0,0,0,0,0,0,0,0,0,0,0,0,0,0,0,0,0,0,0,0,0,0,0,0,0,45,204,0.01,0.0,0.0,0,0,0
3,0.0,44,114,0.04,0.0,0.73,0.73,0.0,83,0.0,0.0,0.0,7,0,0,0,0,0,0,0,0,0,1,0,0,0,0,normal,0,0,0,0,0,0,0,0,0,0,0,1,0.0,0,1.0,0.0,0,0,0,0,0,0,0,0,0,1,0,0,0,0,0,0,0,0,0,0,0,0,0,0,0,0,0,0,0,0,0,0,0,0,0,0,0,0,0,0,0,0,0,0,0,0,0,0,0,0,0,0,0,0,0,0,0,0,0,0,0,0,0,0,0,0,0,0,0,0,101,3,0.0,0.0,0.0,0,0,0
438,0.52,0,255,0.51,1.0,1.0,0.0,0.0,1,0.0,1.0,0.0,0,0,1,0,0,0,0,0,0,0,0,0,0,0,0,portsweep,0,0,0,0,0,0,0,0,0,0,1,0,1.0,0,0.0,0.0,0,0,0,0,0,0,0,0,0,0,0,0,0,0,0,0,0,0,0,0,0,0,0,0,0,0,0,0,0,0,0,0,0,0,0,0,0,0,0,0,0,0,0,0,0,0,0,1,0,0,0,0,0,0,0,0,0,0,0,0,0,0,0,0,0,0,0,0,0,0,0,1,0.0,1.0,0.0,0,0,0
263,0.06,0,255,0.07,0.0,0.0,0.07,1.0,19,0.0,0.0,1.0,0,0,0,0,0,0,1,0,0,0,0,0,0,0,0,neptune,0,0,0,0,0,0,0,0,0,0,1,0,0.0,0,0.01,1.0,0,0,0,0,0,0,0,0,0,0,0,0,0,0,0,0,1,0,0,0,0,0,0,0,0,0,0,0,0,0,0,0,0,0,0,0,0,0,0,0,0,0,0,0,0,0,0,0,0,0,0,0,0,0,0,0,0,0,0,0,0,0,0,0,0,0,0,0,0,0,0,2,0.0,0.0,1.0,0,0,0
18,0.17,0,255,0.09,0.0,0.0,0.04,1.0,10,0.0,0.0,1.0,0,0,0,0,0,0,1,0,0,0,0,0,0,0,0,neptune,0,0,0,0,0,0,0,0,0,0,1,0,0.0,0,0.56,1.0,0,0,0,0,0,0,0,0,0,0,0,0,0,0,0,0,0,0,0,0,0,0,0,0,0,0,0,0,0,0,0,0,0,0,0,0,0,0,0,0,0,0,0,0,0,0,0,1,0,0,0,0,0,0,0,0,0,0,0,0,0,0,0,0,0,0,0,0,0,0,0,10,0.0,0.0,1.0,0,0,0
11,0.0,4539,255,0.0,0.0,0.0,1.0,0.0,255,0.0,0.0,0.0,0,0,0,0,0,0,0,0,0,0,1,0,0,0,0,normal,0,1,0,0,0,0,0,0,0,0,1,0,0.0,0,1.0,0.0,0,0,0,0,0,0,0,0,0,0,0,0,0,0,0,0,0,0,0,0,0,1,0,0,0,0,0,0,0,0,0,0,0,0,0,0,0,0,0,0,0,0,0,0,0,0,0,0,0,0,0,0,0,0,0,0,0,0,0,0,0,0,0,0,0,0,0,0,0,0,171,11,0.0,0.0,0.0,0,0,0
116,0.06,0,63,0.1,0.0,0.02,0.24,1.0,15,0.0,0.0,1.0,0,0,0,0,0,0,1,0,0,0,0,0,0,0,0,neptune,0,0,0,0,0,0,0,0,0,0,1,0,0.0,0,0.14,1.0,0,0,0,0,0,0,0,0,0,0,0,0,0,0,0,0,0,0,0,0,0,0,0,0,0,0,0,0,0,0,0,0,0,0,0,0,0,0,0,0,0,0,0,0,0,0,0,1,0,0,0,0,0,0,0,0,0,0,0,0,0,0,0,0,0,0,0,0,0,0,0,16,0.0,0.0,1.0,0,0,0
12,0.0,11881,12,0.0,0.0,0.08,1.0,0.0,253,0.02,0.0,0.01,0,0,0,0,0,0,0,0,0,0,1,0,0,0,0,normal,0,1,0,0,0,0,0,0,0,0,1,0,0.0,0,1.0,0.0,0,0,0,0,0,0,0,0,0,0,0,0,0,0,0,0,0,0,0,0,0,1,0,0,0,0,0,0,0,0,0,0,0,0,0,0,0,0,0,0,0,0,0,0,0,0,0,0,0,0,0,0,0,0,0,0,0,0,0,0,0,0,0,0,0,0,0,0,0,0,291,12,0.0,0.0,0.0,0,0,0
2,0.0,2016,6,0.0,0.17,0.17,1.0,0.17,6,0.0,0.17,0.17,22,0,0,0,0,1,0,0,0,0,0,0,0,0,0,normal,0,1,0,0,0,0,0,0,0,0,1,0,0.5,0,1.0,0.0,0,0,0,0,0,0,0,0,0,0,0,0,0,0,0,0,0,0,0,0,0,0,0,0,0,0,0,0,0,0,0,0,0,0,0,0,0,0,0,0,0,0,0,0,0,0,0,0,0,0,0,0,0,0,0,0,0,0,0,0,0,0,0,0,0,0,0,0,1,0,3660,2,0.0,0.5,0.0,0,0,0
9,0.33,0,255,0.01,0.0,0.11,0.02,0.0,4,0.0,0.0,0.0,0,0,0,0,0,0,0,0,0,0,1,0,0,0,0,normal,0,0,0,0,0,0,0,0,0,1,0,0,0.0,0,0.11,0.0,0,0,0,0,0,0,0,0,0,0,0,1,0,0,0,0,0,0,0,0,0,0,0,0,0,0,0,0,0,0,0,0,0,0,0,0,0,0,0,0,0,0,0,0,0,0,0,0,0,0,0,0,0,0,0,0,0,0,0,0,0,0,0,0,0,0,0,0,0,0,30,1,0.0,0.0,0.0,0,0,0
7,1.0,0,255,0.36,0.11,0.0,0.0,0.0,1,0.0,1.0,0.0,0,0,1,0,0,0,0,0,0,0,0,0,0,0,0,satan,0,0,0,0,0,0,0,0,0,0,1,0,1.0,0,0.14,0.0,0,0,0,0,0,0,0,0,0,0,0,0,0,0,0,0,0,0,0,0,0,0,0,0,0,0,0,0,0,0,0,0,0,0,0,0,0,0,0,0,0,0,0,0,0,0,0,1,0,0,0,0,0,0,0,0,0,0,0,0,0,0,0,0,0,0,0,0,0,0,0,1,0.0,1.0,0.0,0,0,0
8,0.0,474,111,0.0,0.0,0.01,1.0,0.0,255,0.02,0.0,0.0,0,0,0,0,0,0,0,0,0,0,1,0,0,0,0,normal,0,1,0,0,0,0,0,0,0,0,1,0,0.0,0,1.0,0.0,0,0,0,0,0,0,0,0,0,0,0,0,0,0,0,0,0,0,0,0,0,1,0,0,0,0,0,0,0,0,0,0,0,0,0,0,0,0,0,0,0,0,0,0,0,0,0,0,0,0,0,0,0,0,0,0,0,0,0,0,0,0,0,0,0,0,0,0,0,0,245,13,0.23,0.0,0.0,0,0,0
22,0.0,6442,255,0.0,0.0,0.0,1.0,0.0,255,0.0,0.0,0.0,0,0,0,0,0,0,0,0,0,0,1,0,0,0,0,normal,0,1,0,0,0,0,0,0,0,0,1,0,0.0,0,1.0,0.0,0,0,0,0,0,0,0,0,0,0,0,0,0,0,0,0,0,0,0,0,0,1,0,0,0,0,0,0,0,0,0,0,0,0,0,0,0,0,0,0,0,0,0,0,0,0,0,0,0,0,0,0,0,0,0,0,0,0,0,0,0,0,0,0,0,0,0,0,0,0,221,43,0.05,0.0,0.0,0,0,0
94,0.06,0,255,0.05,0.0,0.0,0.0,1.0,1,0.0,0.0,1.0,0,0,0,0,0,0,1,0,0,0,0,0,0,0,0,neptune,0,0,0,0,0,0,0,0,0,0,1,0,0.0,0,0.01,1.0,0,0,0,0,0,0,0,0,0,0,0,0,0,0,0,0,0,0,0,0,0,0,0,0,0,0,0,0,0,0,0,0,0,0,0,0,0,0,0,0,0,0,0,0,0,0,0,1,0,0,0,0,0,0,0,0,0,0,0,0,0,0,0,0,0,0,0,0,0,0,0,1,0.0,0.0,1.0,0,0,0
116,0.0,73,255,0.01,0.0,0.0,0.9,0.0,229,0.0,0.0,0.0,0,0,0,0,0,0,0,0,0,0,1,0,0,0,0,normal,0,0,0,0,0,0,0,0,0,0,0,1,0.0,0,1.0,0.0,0,0,0,0,0,0,0,0,0,1,0,0,0,0,0,0,0,0,0,0,0,0,0,0,0,0,0,0,0,0,0,0,0,0,0,0,0,0,0,0,0,0,0,0,0,0,0,0,0,0,0,0,0,0,0,0,0,0,0,0,0,0,0,0,0,0,0,0,0,0,45,118,0.03,0.0,0.0,0,0,0
263,0.06,0,255,0.07,1.0,0.0,0.06,0.0,15,0.0,1.0,0.0,0,0,1,0,0,0,0,0,0,0,0,0,0,0,0,neptune,0,0,0,0,0,0,0,0,0,0,1,0,1.0,0,0.06,0.0,0,0,0,0,0,0,0,0,0,0,0,0,0,0,0,0,0,0,0,0,0,0,0,0,0,0,0,0,0,0,0,0,0,0,0,0,0,0,0,0,0,0,0,0,0,0,0,1,0,0,0,0,0,0,0,0,0,0,0,0,0,0,0,0,0,0,0,0,0,0,0,15,0.0,1.0,0.0,0,0,0
12,0.0,1230,21,0.0,0.0,0.05,1.0,0.05,255,0.03,0.0,0.01,0,0,0,0,0,0,0,0,0,0,1,0,0,0,0,normal,0,1,0,0,0,0,0,0,0,0,1,0,0.0,0,1.0,0.0,0,0,0,0,0,0,0,0,0,0,0,0,0,0,0,0,0,0,0,0,0,1,0,0,0,0,0,0,0,0,0,0,0,0,0,0,0,0,0,0,0,0,0,0,0,0,0,0,0,0,0,0,0,0,0,0,0,0,0,0,0,0,0,0,0,0,0,0,0,0,340,27,0.15,0.04,0.04,0,0,0
4,0.0,0,126,0.03,0.0,0.22,0.22,0.0,28,0.0,0.0,0.0,0,0,0,0,0,0,0,0,0,0,1,0,0,0,0,normal,0,1,0,0,0,0,0,0,0,0,1,0,0.0,0,1.0,0.0,0,0,0,0,0,0,0,0,0,0,0,0,0,0,0,0,0,1,0,0,0,0,0,0,0,0,0,0,0,0,0,0,0,0,0,0,0,0,0,0,0,0,0,0,0,0,0,0,0,0,0,0,0,0,0,0,0,0,0,0,0,0,0,0,0,0,0,0,0,0,7233,4,0.0,0.0,0.0,0,0,0
256,0.06,0,255,0.09,0.0,0.0,0.01,1.0,2,0.0,0.0,1.0,0,0,0,0,0,0,1,0,0,0,0,0,0,0,0,neptune,0,0,0,0,0,0,0,0,0,0,1,0,0.0,0,0.02,1.0,0,0,0,0,0,0,0,0,0,0,0,0,0,0,0,0,0,0,0,0,0,0,0,0,0,0,0,0,0,0,0,0,0,0,0,0,0,0,0,0,0,0,0,0,0,0,0,0,0,0,0,0,0,0,0,0,0,0,1,0,0,0,0,0,0,0,0,0,0,0,0,5,0.0,0.0,1.0,0,0,0
1,0.0,3333,215,0.02,0.03,0.0,0.09,0.0,19,0.0,0.11,0.0,7,0,0,0,0,0,0,0,0,0,1,0,0,0,0,normal,0,1,0,0,0,0,0,0,0,0,1,0,0.0,0,1.0,0.0,0,0,0,0,0,0,0,0,0,0,0,0,0,0,0,0,0,0,0,0,0,0,0,0,0,0,0,0,0,0,0,0,0,0,0,0,0,0,0,0,0,0,0,0,0,0,0,0,0,0,0,0,0,0,0,0,0,0,1,0,0,0,0,0,0,0,0,0,0,0,174,1,0.0,0.0,0.0,0,0,0
285,0.05,0,255,0.05,0.0,0.0,0.05,1.0,13,0.0,0.0,1.0,0,0,0,0,0,0,1,0,0,0,0,0,0,0,0,neptune,0,0,0,0,0,0,0,0,0,0,1,0,0.0,0,0.05,1.0,0,0,0,0,0,0,1,0,0,0,0,0,0,0,0,0,0,0,0,0,0,0,0,0,0,0,0,0,0,0,0,0,0,0,0,0,0,0,0,0,0,0,0,0,0,0,0,0,0,0,0,0,0,0,0,0,0,0,0,0,0,0,0,0,0,0,0,0,0,0,0,13,0.0,0.0,1.0,0,0,0
122,0.06,0,255,0.07,0.0,0.0,0.06,1.0,15,0.0,0.0,1.0,0,0,0,0,0,0,1,0,0,0,0,0,0,0,0,neptune,0,0,0,0,0,0,0,0,0,0,1,0,0.0,0,0.12,1.0,0,0,0,1,0,0,0,0,0,0,0,0,0,0,0,0,0,0,0,0,0,0,0,0,0,0,0,0,0,0,0,0,0,0,0,0,0,0,0,0,0,0,0,0,0,0,0,0,0,0,0,0,0,0,0,0,0,0,0,0,0,0,0,0,0,0,0,0,0,0,0,15,0.0,0.0,1.0,0,0,0
2,0.0,1601,2,0.0,0.0,0.5,1.0,0.5,255,0.06,0.0,0.01,0,0,0,0,0,0,0,0,0,0,1,0,0,0,0,normal,0,1,0,0,0,0,0,0,0,0,1,0,0.0,0,1.0,0.5,0,0,0,0,0,0,0,0,0,0,0,0,0,0,0,0,0,0,0,0,0,1,0,0,0,0,0,0,0,0,0,0,0,0,0,0,0,0,0,0,0,0,0,0,0,0,0,0,0,0,0,0,0,0,0,0,0,0,0,0,0,0,0,0,0,0,0,0,0,0,228,2,0.0,0.0,0.5,0,0,0
127,0.06,0,255,0.08,0.0,0.0,0.07,1.0,18,0.0,0.0,1.0,0,0,0,0,0,0,1,0,0,0,0,0,0,0,0,neptune,0,0,0,0,0,0,0,0,0,0,1,0,0.0,0,0.14,1.0,0,0,0,0,0,0,0,0,0,0,0,0,0,0,0,1,0,0,0,0,0,0,0,0,0,0,0,0,0,0,0,0,0,0,0,0,0,0,0,0,0,0,0,0,0,0,0,0,0,0,0,0,0,0,0,0,0,0,0,0,0,0,0,0,0,0,0,0,0,0,0,18,0.0,0.0,1.0,0,0,0
2,0.0,0,26,0.15,0.0,0.19,0.19,0.0,107,0.03,0.0,0.0,2,0,0,0,0,0,0,0,0,0,1,0,0,0,0,normal,0,1,0,0,0,0,0,0,0,0,1,0,0.0,0,1.0,0.0,0,0,0,0,0,0,0,0,0,0,0,0,0,0,0,0,0,1,0,0,0,0,0,0,0,0,0,0,0,0,0,0,0,0,0,0,0,0,0,0,0,0,0,0,0,0,0,0,0,0,0,0,0,0,0,0,0,0,0,0,0,0,0,0,0,0,0,0,0,0,2194619,2,0.0,0.0,0.0,0,0,0
1,0.0,0,129,0.63,0.61,0.63,0.01,0.05,1,0.0,1.0,0.0,0,0,0,0,0,1,0,0,0,0,0,0,0,0,0,portsweep,0,0,0,0,0,0,0,0,0,0,1,0,1.0,0,1.0,0.0,0,0,0,0,0,0,0,0,0,0,0,0,0,0,0,0,0,0,0,0,0,0,0,0,0,0,0,0,0,0,0,0,0,0,0,0,0,0,0,0,0,0,0,0,0,0,0,1,0,0,0,0,0,0,0,0,0,0,0,0,0,0,0,0,0,0,0,0,0,0,0,1,0.0,1.0,0.0,0,0,0
26,0.08,0,68,0.06,0.0,0.06,0.09,0.97,10,0.2,0.0,0.6,0,0,0,0,0,0,1,0,0,0,0,0,0,0,0,neptune,0,0,0,0,0,0,0,0,0,0,1,0,0.0,0,0.23,1.0,0,0,0,0,0,0,0,0,0,0,0,0,0,0,0,1,0,0,0,0,0,0,0,0,0,0,0,0,0,0,0,0,0,0,0,0,0,0,0,0,0,0,0,0,0,0,0,0,0,0,0,0,0,0,0,0,0,0,0,0,0,0,0,0,0,0,0,0,0,0,0,6,0.0,0.0,1.0,0,0,0
21,0.0,4649,255,0.0,0.0,0.01,1.0,0.0,255,0.0,0.0,0.0,0,0,0,0,0,0,0,0,0,0,1,0,0,0,0,normal,0,1,0,0,0,0,0,0,0,0,1,0,0.0,0,1.0,0.0,0,0,0,0,0,0,0,0,0,0,0,0,0,0,0,0,0,0,0,0,0,1,0,0,0,0,0,0,0,0,0,0,0,0,0,0,0,0,0,0,0,0,0,0,0,0,0,0,0,0,0,0,0,0,0,0,0,0,0,0,0,0,0,0,0,0,0,0,0,0,244,21,0.0,0.0,0.0,0,0,0
1,0.0,0,138,0.06,0.0,0.27,0.27,0.01,37,0.0,0.0,0.0,0,0,0,0,0,0,0,0,0,0,1,0,0,0,0,normal,0,0,0,0,0,0,0,0,0,1,0,0,0.0,0,1.0,0.0,0,0,0,0,0,0,0,0,0,0,0,0,0,0,0,0,0,0,0,0,0,0,0,0,0,0,0,0,0,0,0,0,0,0,0,0,0,0,0,0,0,0,0,0,0,0,0,0,0,0,0,0,0,0,0,0,0,0,0,0,0,0,0,1,0,0,0,0,0,0,36,1,0.0,0.0,0.0,0,0,0
77,0.0,133,255,0.01,0.0,0.0,1.0,0.0,254,0.0,0.0,0.0,0,0,0,0,0,0,0,0,0,0,1,0,0,0,0,normal,0,0,0,0,0,0,0,0,0,0,0,1,0.0,0,1.0,0.0,0,0,0,0,0,0,0,0,0,1,0,0,0,0,0,0,0,0,0,0,0,0,0,0,0,0,0,0,0,0,0,0,0,0,0,0,0,0,0,0,0,0,0,0,0,0,0,0,0,0,0,0,0,0,0,0,0,0,0,0,0,0,0,0,0,0,0,0,0,0,43,157,0.01,0.0,0.0,0,0,0
26,0.0,2337,115,0.0,0.0,0.01,1.0,0.0,255,0.02,0.0,0.0,0,0,0,0,0,0,0,0,0,0,1,0,0,0,0,normal,0,1,0,0,0,0,0,0,0,0,1,0,0.0,0,1.0,0.0,0,0,0,0,0,0,0,0,0,0,0,0,0,0,0,0,0,0,0,0,0,1,0,0,0,0,0,0,0,0,0,0,0,0,0,0,0,0,0,0,0,0,0,0,0,0,0,0,0,0,0,0,0,0,0,0,0,0,0,0,0,0,0,0,0,0,0,0,0,0,262,26,0.0,0.0,0.0,0,0,0
145,0.0,130,255,0.0,0.0,0.0,1.0,0.0,255,0.0,0.0,0.0,0,0,0,0,0,0,0,0,0,0,1,0,0,0,0,normal,0,0,0,0,0,0,0,0,0,0,0,1,0.0,0,1.0,0.0,0,0,0,0,0,0,0,0,0,1,0,0,0,0,0,0,0,0,0,0,0,0,0,0,0,0,0,0,0,0,0,0,0,0,0,0,0,0,0,0,0,0,0,0,0,0,0,0,0,0,0,0,0,0,0,0,0,0,0,0,0,0,0,0,0,0,0,0,0,0,44,225,0.01,0.0,0.0,0,0,0
1,0.0,50040,255,0.0,0.0,0.01,1.0,0.0,255,0.0,0.0,0.0,0,0,0,0,0,0,0,0,0,0,1,0,0,0,0,normal,0,1,0,0,0,0,0,0,0,0,1,0,0.0,0,1.0,0.0,0,0,0,0,0,0,0,0,0,0,0,0,0,0,0,0,0,0,0,0,0,1,0,0,0,0,0,0,0,0,0,0,0,0,0,0,0,0,0,0,0,0,0,0,0,0,0,0,0,0,0,0,0,0,0,0,0,0,0,0,0,0,0,0,0,0,0,0,0,0,143,3,0.67,0.0,0.0,0,0,0
139,0.06,0,255,0.06,0.0,0.0,0.0,1.0,1,0.0,0.0,1.0,0,0,0,0,0,0,1,0,0,0,0,0,0,0,0,neptune,0,0,0,0,0,0,0,0,0,0,1,0,0.0,0,0.01,1.0,0,0,0,0,0,0,0,0,0,0,0,0,0,0,0,0,0,0,0,0,0,0,0,0,0,0,0,0,0,0,0,0,0,0,0,0,1,0,0,0,0,0,0,0,0,0,0,0,0,0,0,0,0,0,0,0,0,0,0,0,0,0,0,0,0,0,0,0,0,0,0,1,0.0,0.0,1.0,0,0,0
26,0.0,2913,255,0.0,0.0,0.0,1.0,0.0,255,0.0,0.0,0.0,0,0,0,0,0,0,0,0,0,0,1,0,0,0,0,normal,0,1,0,0,0,0,0,0,0,0,1,0,0.0,0,1.0,0.0,0,0,0,0,0,0,0,0,0,0,0,0,0,0,0,0,0,0,0,0,0,1,0,0,0,0,0,0,0,0,0,0,0,0,0,0,0,0,0,0,0,0,0,0,0,0,0,0,0,0,0,0,0,0,0,0,0,0,0,0,0,0,0,0,0,0,0,0,0,0,325,26,0.0,0.0,0.0,0,0,0
9,0.0,26817,255,0.0,0.0,0.0,1.0,0.0,255,0.0,0.0,0.0,0,0,0,0,0,0,0,0,0,0,1,0,0,0,0,normal,0,1,0,0,0,0,0,0,0,0,1,0,0.0,0,1.0,0.0,0,0,0,0,0,0,0,0,0,0,0,0,0,0,0,0,0,0,0,0,0,1,0,0,0,0,0,0,0,0,0,0,0,0,0,0,0,0,0,0,0,0,0,0,0,0,0,0,0,0,0,0,0,0,0,0,0,0,0,0,0,0,0,0,0,0,0,0,0,0,236,9,0.0,0.0,0.0,0,0,0
13,0.0,1382,123,0.0,0.0,0.01,1.0,0.0,255,0.01,0.0,0.0,0,0,0,0,0,0,0,0,0,0,1,0,0,0,0,normal,0,1,0,0,0,0,0,0,0,0,1,0,0.0,0,1.0,0.0,0,0,0,0,0,0,0,0,0,0,0,0,0,0,0,0,0,0,0,0,0,1,0,0,0,0,0,0,0,0,0,0,0,0,0,0,0,0,0,0,0,0,0,0,0,0,0,0,0,0,0,0,0,0,0,0,0,0,0,0,0,0,0,0,0,0,0,0,0,0,202,15,0.13,0.0,0.0,0,0,0
4,0.0,8314,21,0.0,0.1,0.05,1.0,0.0,21,0.0,0.1,0.0,0,0,0,0,0,0,0,0,0,0,1,0,2,0,0,back,0,1,0,1,0,0,0,0,0,0,1,0,0.25,0,1.0,0.0,0,0,0,0,0,0,0,0,0,0,0,0,0,0,0,0,0,0,0,0,0,1,0,0,0,0,0,0,0,0,0,0,0,0,0,0,0,0,0,0,0,0,0,0,0,0,0,0,0,0,0,0,0,0,0,0,0,0,0,0,0,0,0,0,0,0,0,0,0,0,54540,4,0.0,0.25,0.0,0,0,0
143,0.06,0,255,0.07,0.0,0.0,0.04,1.0,10,0.0,0.0,1.0,0,0,0,0,0,0,1,0,0,0,0,0,0,0,0,neptune,0,0,0,0,0,0,0,0,0,0,1,0,0.0,0,0.07,1.0,0,0,0,0,0,0,0,0,0,0,0,0,0,0,0,0,0,0,0,0,0,0,0,1,0,0,0,0,0,0,0,0,0,0,0,0,0,0,0,0,0,0,0,0,0,0,0,0,0,0,0,0,0,0,0,0,0,0,0,0,0,0,0,0,0,0,0,0,0,0,0,10,0.0,0.0,1.0,0,0,0
6,0.0,50694,32,0.0,0.0,0.03,1.0,0.0,255,0.05,0.0,0.0,0,0,0,0,0,0,0,0,0,0,1,0,0,0,0,normal,0,1,0,0,0,0,0,0,0,0,1,0,0.0,0,1.0,0.0,0,0,0,0,0,0,0,0,0,0,0,0,0,0,0,0,0,0,0,0,0,1,0,0,0,0,0,0,0,0,0,0,0,0,0,0,0,0,0,0,0,0,0,0,0,0,0,0,0,0,0,0,0,0,0,0,0,0,0,0,0,0,0,0,0,0,0,0,0,0,277,6,0.0,0.0,0.0,0,0,0
183,0.06,0,255,0.08,0.0,0.0,0.02,1.0,5,0.0,0.0,1.0,0,0,0,0,0,0,1,0,0,0,0,0,0,0,0,neptune,0,0,0,0,0,0,0,0,0,0,1,0,0.0,0,0.09,1.0,0,0,0,0,0,0,0,0,0,0,0,0,0,0,0,0,0,0,0,0,0,0,0,0,0,0,0,0,0,0,0,0,0,0,0,0,0,0,0,0,0,0,0,0,0,0,0,1,0,0,0,0,0,0,0,0,0,0,0,0,0,0,0,0,0,0,0,0,0,0,0,16,0.0,0.0,1.0,0,0,0
4,0.0,0,255,0.01,0.0,0.02,0.02,0.0,4,0.0,0.0,0.0,0,0,0,0,0,0,0,0,0,0,1,0,0,0,0,normal,0,0,0,0,0,0,0,0,0,1,0,0,0.0,0,1.0,0.0,0,0,0,0,0,0,0,0,0,0,0,0,1,0,0,0,0,0,0,0,0,0,0,0,0,0,0,0,0,0,0,0,0,0,0,0,0,0,0,0,0,0,0,0,0,0,0,0,0,0,0,0,0,0,0,0,0,0,0,0,0,0,0,0,0,0,0,0,0,0,64,4,0.0,0.0,0.0,0,0,0
134,0.06,0,240,0.08,0.0,0.0,0.03,1.0,7,0.0,0.0,1.0,0,0,0,0,0,0,1,0,0,0,0,0,0,0,0,neptune,0,0,0,0,0,0,0,0,0,0,1,0,0.0,0,0.1,1.0,0,0,0,0,0,0,0,0,0,0,0,0,0,0,0,0,0,0,0,0,0,0,0,0,0,0,0,0,0,0,0,0,0,0,0,0,0,0,0,0,0,0,0,0,0,0,0,1,0,0,0,0,0,0,0,0,0,0,0,0,0,0,0,0,0,0,0,0,0,0,0,13,0.0,0.0,1.0,0,0,0
2,0.0,190,255,0.0,0.0,0.0,1.0,0.0,255,0.0,0.0,0.0,0,0,0,0,0,0,0,0,0,0,1,0,0,0,0,normal,0,1,0,0,0,0,0,0,0,0,1,0,0.0,0,1.0,0.0,0,0,0,0,0,0,0,0,0,0,0,0,0,0,0,0,0,0,0,0,0,1,0,0,0,0,0,0,0,0,0,0,0,0,0,0,0,0,0,0,0,0,0,0,0,0,0,0,0,0,0,0,0,0,0,0,0,0,0,0,0,0,0,0,0,0,0,0,0,0,340,2,0.0,0.0,0.0,0,0,0
32,0.0,321,255,0.0,0.0,0.0,1.0,0.0,255,0.0,0.0,0.0,0,0,0,0,0,0,0,0,0,0,1,0,0,0,0,normal,0,1,0,0,0,0,0,0,0,0,1,0,0.0,0,1.0,0.0,0,0,0,0,0,0,0,0,0,0,0,0,0,0,0,0,0,0,0,0,0,1,0,0,0,0,0,0,0,0,0,0,0,0,0,0,0,0,0,0,0,0,0,0,0,0,0,0,0,0,0,0,0,0,0,0,0,0,0,0,0,0,0,0,0,0,0,0,0,0,291,48,0.04,0.0,0.0,0,0,0
1,0.0,93,255,0.01,0.0,0.0,0.97,0.0,248,0.0,0.0,0.0,3,0,0,0,0,0,0,0,0,0,1,0,0,0,0,guess_passwd,0,1,0,0,0,0,0,0,0,0,1,0,0.0,0,1.0,0.0,0,0,0,0,0,0,0,0,0,0,0,0,0,0,0,0,0,0,0,0,0,0,0,0,0,0,0,0,0,0,0,0,0,0,0,0,0,0,0,0,0,0,0,0,0,1,0,0,0,0,0,0,0,0,0,0,0,0,0,0,0,0,0,0,0,0,0,0,0,0,30,1,0.0,0.0,0.0,0,0,0
10,0.0,951,211,0.0,0.0,0.0,1.0,0.0,255,0.02,0.0,0.0,0,0,0,0,0,0,0,0,0,0,1,0,0,0,0,normal,0,1,0,0,0,0,0,0,0,0,1,0,0.0,0,1.0,0.0,0,0,0,0,0,0,0,0,0,0,0,0,0,0,0,0,0,0,0,0,0,1,0,0,0,0,0,0,0,0,0,0,0,0,0,0,0,0,0,0,0,0,0,0,0,0,0,0,0,0,0,0,0,0,0,0,0,0,0,0,0,0,0,0,0,0,0,0,0,0,305,13,0.15,0.0,0.0,0,0,0
2,0.0,0,255,0.03,0.0,0.45,0.45,0.0,115,0.0,0.0,0.0,0,0,0,0,0,0,0,0,0,0,1,0,0,0,0,normal,0,1,0,0,0,0,0,0,0,0,1,0,0.0,0,1.0,0.0,0,0,0,0,0,0,0,0,0,0,0,0,0,0,0,0,0,1,0,0,0,0,0,0,0,0,0,0,0,0,0,0,0,0,0,0,0,0,0,0,0,0,0,0,0,0,0,0,0,0,0,0,0,0,0,0,0,0,0,0,0,0,0,0,0,0,0,0,0,0,383,2,0.0,0.0,0.0,0,0,0
186,0.06,0,255,0.07,0.0,0.0,0.07,1.0,19,0.0,0.0,1.0,0,0,0,0,0,0,1,0,0,0,0,0,0,0,0,neptune,0,0,0,0,0,0,0,0,0,0,1,0,0.0,0,0.05,1.0,0,0,0,0,0,0,0,0,0,0,0,0,0,0,0,0,0,0,0,0,0,0,0,0,0,0,0,0,0,0,0,0,0,0,0,0,0,0,0,0,0,0,0,0,0,0,0,1,0,0,0,0,0,0,0,0,0,0,0,0,0,0,0,0,0,0,0,0,0,0,0,9,0.0,0.0,1.0,0,0,0
15,0.0,11762,15,0.0,0.0,0.07,1.0,0.0,17,0.12,0.0,0.0,0,0,0,0,0,0,0,0,0,0,1,0,0,0,0,normal,0,1,0,0,0,0,0,0,0,0,1,0,0.0,0,1.0,0.0,0,0,0,0,0,0,0,0,0,0,0,0,0,0,0,0,0,0,0,0,0,1,0,0,0,0,0,0,0,0,0,0,0,0,0,0,0,0,0,0,0,0,0,0,0,0,0,0,0,0,0,0,0,0,0,0,0,0,0,0,0,0,0,0,0,0,0,0,0,0,244,19,0.11,0.0,0.0,0,0,0
1,0.0,332,41,0.1,0.0,0.02,0.78,0.0,32,0.0,0.0,0.0,0,0,0,0,0,0,0,0,0,0,1,0,0,0,0,normal,0,1,0,0,0,0,0,0,0,0,1,0,0.0,0,1.0,0.0,0,0,0,0,0,0,0,0,0,0,0,0,0,0,0,0,0,0,0,0,0,0,0,0,0,0,0,0,0,0,0,0,0,0,0,0,0,0,0,0,0,0,0,0,0,0,0,0,0,0,0,0,1,0,0,0,0,0,0,0,0,0,0,0,0,0,0,0,0,0,837,1,0.0,0.0,0.0,0,0,0
296,0.06,0,255,0.07,0.0,0.0,0.07,1.0,19,0.0,0.0,1.0,0,0,0,0,0,0,1,0,0,0,0,0,0,0,0,neptune,0,0,0,0,0,0,0,0,0,0,1,0,0.0,0,0.06,1.0,0,0,0,0,0,0,0,0,0,0,0,0,0,0,0,0,0,0,0,0,0,0,0,0,0,0,0,0,0,0,0,0,0,0,0,0,0,0,0,0,0,0,0,0,0,0,0,0,0,0,0,0,0,0,0,0,0,0,0,0,0,1,0,0,0,0,0,0,0,0,0,19,0.0,0.0,1.0,0,0,0
5,0.0,8314,132,0.0,0.05,0.01,1.0,0.0,132,0.0,0.05,0.0,0,0,0,0,0,0,0,0,0,0,1,0,2,0,0,back,0,1,0,1,0,0,0,0,0,0,1,0,0.0,0,1.0,0.0,0,0,0,0,0,0,0,0,0,0,0,0,0,0,0,0,0,0,0,0,0,1,0,0,0,0,0,0,0,0,0,0,0,0,0,0,0,0,0,0,0,0,0,0,0,0,0,0,0,0,0,0,0,0,0,0,0,0,0,0,0,0,0,0,0,0,0,0,0,0,54540,5,0.0,0.0,0.0,0,0,0
50,0.1,0,255,0.07,0.0,0.0,0.08,1.0,21,0.0,0.0,1.0,0,0,0,0,0,0,1,0,0,0,0,0,0,0,0,neptune,0,0,0,0,0,0,0,0,0,0,1,0,0.0,0,0.42,1.0,0,0,0,0,0,0,0,0,0,0,0,0,0,0,0,0,0,0,0,0,0,0,0,0,0,0,0,0,0,0,0,0,0,0,0,0,0,0,0,0,0,0,0,0,0,0,0,1,0,0,0,0,0,0,0,0,0,0,0,0,0,0,0,0,0,0,0,0,0,0,0,21,0.0,0.0,1.0,0,0,0
3,0.0,12596,68,0.0,0.0,0.01,1.0,0.0,255,0.05,0.0,0.0,0,0,0,0,0,0,0,0,0,0,1,0,0,0,0,normal,0,1,0,0,0,0,0,0,0,0,1,0,0.0,0,1.0,0.0,0,0,0,0,0,0,0,0,0,0,0,0,0,0,0,0,0,0,0,0,0,1,0,0,0,0,0,0,0,0,0,0,0,0,0,0,0,0,0,0,0,0,0,0,0,0,0,0,0,0,0,0,0,0,0,0,0,0,0,0,0,0,0,0,0,0,0,0,0,0,213,3,0.0,0.0,0.0,0,0,0
13,0.0,2767,49,0.0,0.0,0.02,1.0,0.0,251,0.07,0.0,0.0,0,0,0,0,0,0,0,0,0,0,1,0,0,0,0,normal,0,1,0,0,0,0,0,0,0,0,1,0,0.0,0,1.0,0.0,0,0,0,0,0,0,0,0,0,0,0,0,0,0,0,0,0,0,0,0,0,1,0,0,0,0,0,0,0,0,0,0,0,0,0,0,0,0,0,0,0,0,0,0,0,0,0,0,0,0,0,0,0,0,0,0,0,0,0,0,0,0,0,0,0,0,0,0,0,0,229,27,0.15,0.0,0.0,0,0,0
1,0.0,327,195,0.02,0.0,0.01,0.62,0.0,121,0.0,0.0,0.0,1,0,0,0,0,0,0,0,0,0,1,0,0,0,0,normal,0,1,0,0,0,0,0,0,0,0,1,0,0.0,0,1.0,0.0,0,0,0,0,0,0,0,0,0,0,0,0,0,0,0,0,0,0,0,0,0,0,0,0,0,0,0,0,0,0,0,0,0,0,0,0,0,0,0,0,0,0,0,0,0,0,0,0,0,0,0,0,1,0,0,0,0,0,0,0,0,0,0,0,0,0,0,0,0,0,1236,2,1.0,0.0,0.0,0,0,0
5,0.0,600,142,0.0,0.0,0.01,1.0,0.0,225,0.03,0.0,0.0,0,0,0,0,0,0,0,0,0,0,1,0,0,0,0,normal,0,1,0,0,0,0,0,0,0,0,1,0,0.0,0,1.0,0.0,0,0,0,0,0,0,0,0,0,0,0,0,0,0,0,0,0,0,0,0,0,1,0,0,0,0,0,0,0,0,0,0,0,0,0,0,0,0,0,0,0,0,0,0,0,0,0,0,0,0,0,0,0,0,0,0,0,0,0,0,0,0,0,0,0,0,0,0,0,0,249,7,0.29,0.0,0.0,0,0,0
232,0.05,0,255,0.05,0.0,0.0,0.04,1.0,11,0.0,0.0,1.0,0,0,0,0,0,0,1,0,0,0,0,0,0,0,0,neptune,0,0,0,0,0,0,0,0,0,0,1,0,0.0,0,0.05,1.0,0,0,0,0,0,0,0,0,0,0,0,0,0,0,0,0,0,0,0,0,0,0,0,0,0,0,0,0,0,0,0,0,0,0,0,0,0,0,0,0,0,0,0,0,0,0,0,1,0,0,0,0,0,0,0,0,0,0,0,0,0,0,0,0,0,0,0,0,0,0,0,11,0.0,0.0,1.0,0,0,0
1,0.0,8314,223,0.0,0.01,0.0,1.0,0.0,223,0.0,0.01,0.0,0,0,0,0,0,0,0,0,0,0,1,0,2,0,0,back,0,1,0,1,0,0,0,0,0,0,1,0,0.0,0,1.0,0.0,0,0,0,0,0,0,0,0,0,0,0,0,0,0,0,0,0,0,0,0,0,1,0,0,0,0,0,0,0,0,0,0,0,0,0,0,0,0,0,0,0,0,0,0,0,0,0,0,0,0,0,0,0,0,0,0,0,0,0,0,0,0,0,0,0,0,0,0,0,0,54540,1,0.0,0.0,0.0,0,0,0
1,0.0,0,38,0.08,0.0,0.03,0.34,1.0,86,0.03,0.0,1.0,0,0,0,0,0,0,1,0,0,0,0,0,0,0,0,mscan,0,0,0,0,0,0,0,0,0,0,1,0,0.0,0,1.0,1.0,0,0,0,0,0,0,0,0,0,0,0,0,0,0,0,0,0,0,0,0,0,0,0,0,0,1,0,0,0,0,0,0,0,0,0,0,0,0,0,0,0,0,0,0,0,0,0,0,0,0,0,0,0,0,0,0,0,0,0,0,0,0,0,0,0,0,0,0,0,0,0,5,1.0,0.0,1.0,0,0,0
134,0.06,0,255,0.07,0.0,0.0,0.08,1.0,21,0.0,0.0,1.0,0,0,0,0,0,0,1,0,0,0,0,0,0,0,0,neptune,0,0,0,0,0,0,0,0,0,0,1,0,0.0,0,0.14,1.0,0,0,0,0,0,0,0,0,0,0,0,0,0,0,0,0,0,0,0,0,0,0,0,0,0,0,0,0,0,0,0,0,0,0,0,0,0,0,0,0,0,0,0,0,0,0,0,0,0,0,0,0,0,0,1,0,0,0,0,0,0,0,0,0,0,0,0,0,0,0,0,19,0.0,0.0,1.0,0,0,0
1,0.0,0,14,0.14,0.0,1.0,0.93,0.0,46,0.11,0.0,0.0,0,0,0,0,0,0,0,0,0,0,1,0,0,0,0,warezclient,0,1,0,0,0,0,0,0,0,0,1,0,0.0,0,1.0,0.0,0,0,0,0,0,0,0,0,0,0,0,0,0,0,0,0,0,1,0,0,0,0,0,0,0,0,0,0,0,0,0,0,0,0,0,0,0,0,0,0,0,0,0,0,0,0,0,0,0,0,0,0,0,0,0,0,0,0,0,0,0,0,0,0,0,0,0,0,0,0,334,1,0.0,0.0,0.0,0,0,0
16,0.0,0,156,0.03,0.0,0.42,0.42,0.0,66,0.0,0.0,0.0,0,0,0,0,0,0,0,0,0,0,1,0,0,0,0,normal,0,0,0,0,0,0,0,0,0,0,1,0,0.0,0,1.0,0.0,0,0,0,0,0,0,0,0,0,0,0,0,0,0,0,0,0,1,0,0,0,0,0,0,0,0,0,0,0,0,0,0,0,0,0,0,0,0,0,0,0,0,0,0,0,0,0,0,0,0,0,0,0,0,0,0,0,0,0,0,0,0,0,0,0,0,0,0,0,0,35195,16,0.0,0.0,0.0,0,0,0
224,0.0,74,255,0.01,0.0,0.0,0.88,0.0,224,0.0,0.0,0.0,0,0,0,0,0,0,0,0,0,0,1,0,0,0,0,normal,0,0,0,0,0,0,0,0,0,0,0,1,0.0,0,1.0,0.0,0,0,0,0,0,0,0,0,0,1,0,0,0,0,0,0,0,0,0,0,0,0,0,0,0,0,0,0,0,0,0,0,0,0,0,0,0,0,0,0,0,0,0,0,0,0,0,0,0,0,0,0,0,0,0,0,0,0,0,0,0,0,0,0,0,0,0,0,0,0,44,224,0.0,0.0,0.0,0,0,0
1,0.0,0,173,0.04,0.0,0.09,0.09,0.0,36,0.06,0.0,0.0,0,0,0,0,0,0,0,0,0,0,1,0,0,0,0,normal,0,0,0,0,0,0,0,0,0,0,0,1,0.0,0,1.0,0.0,0,0,0,0,0,0,0,0,0,1,0,0,0,0,0,0,0,0,0,0,0,0,0,0,0,0,0,0,0,0,0,0,0,0,0,0,0,0,0,0,0,0,0,0,0,0,0,0,0,0,0,0,0,0,0,0,0,0,0,0,0,0,0,0,0,0,0,0,0,0,33,2,1.0,0.0,0.0,0,0,0
1,0.0,93,156,0.02,0.06,0.01,0.88,0.0,138,0.01,0.0,0.0,4,0,0,0,0,0,0,0,0,0,1,0,0,0,0,guess_passwd,0,1,0,0,0,0,0,0,0,0,1,0,0.0,0,1.0,0.0,0,0,0,0,0,0,0,0,0,0,0,0,0,0,0,0,0,0,0,0,0,0,0,0,0,0,0,0,0,0,0,0,0,0,0,0,0,0,0,0,0,0,0,0,0,1,0,0,0,0,0,0,0,0,0,0,0,0,0,0,0,0,0,0,0,0,0,0,0,0,32,1,0.0,0.0,0.0,0,0,0
5,0.0,2144,17,0.0,0.0,0.06,1.0,0.0,255,0.03,0.0,0.0,0,0,0,0,0,0,0,0,0,0,1,0,0,0,0,normal,0,1,0,0,0,0,0,0,0,0,1,0,0.0,0,1.0,0.0,0,0,0,0,0,0,0,0,0,0,0,0,0,0,0,0,0,0,0,0,0,1,0,0,0,0,0,0,0,0,0,0,0,0,0,0,0,0,0,0,0,0,0,0,0,0,0,0,0,0,0,0,0,0,0,0,0,0,0,0,0,0,0,0,0,0,0,0,0,0,208,5,0.0,0.0,0.0,0,0,0
1,0.0,0,255,0.79,0.78,0.78,0.0,0.0,1,0.0,1.0,0.0,0,0,0,0,0,1,0,0,0,0,0,0,0,0,0,portsweep,0,0,0,0,0,0,0,0,0,0,1,0,1.0,0,1.0,0.0,0,0,0,0,0,0,0,0,0,0,0,0,0,0,0,0,0,0,0,0,0,0,0,0,0,0,0,0,0,0,0,0,0,0,0,0,0,0,0,0,0,0,0,0,0,0,0,1,0,0,0,0,0,0,0,0,0,0,0,0,0,0,0,0,0,0,0,0,0,0,0,1,0.0,1.0,0.0,0,0,0
128,0.06,0,255,0.07,0.0,0.0,0.02,1.0,6,0.0,0.0,1.0,0,0,0,0,0,0,1,0,0,0,0,0,0,0,0,neptune,0,0,0,0,0,0,0,0,0,0,1,0,0.0,0,0.05,1.0,0,0,0,0,0,0,0,0,0,0,0,0,0,0,0,0,0,0,0,0,0,0,0,0,0,0,0,0,0,0,0,0,0,0,0,0,0,0,0,0,0,0,0,0,0,0,0,1,0,0,0,0,0,0,0,0,0,0,0,0,0,0,0,0,0,0,0,0,0,0,0,7,0.0,0.0,1.0,0,0,0
3,0.0,1446,6,0.0,0.0,0.17,1.0,0.0,255,0.02,0.0,0.0,0,0,0,0,0,0,0,0,0,0,1,0,0,0,0,normal,0,1,0,0,0,0,0,0,0,0,1,0,0.0,0,1.0,0.0,0,0,0,0,0,0,0,0,0,0,0,0,0,0,0,0,0,0,0,0,0,1,0,0,0,0,0,0,0,0,0,0,0,0,0,0,0,0,0,0,0,0,0,0,0,0,0,0,0,0,0,0,0,0,0,0,0,0,0,0,0,0,0,0,0,0,0,0,0,0,264,7,0.29,0.0,0.0,0,0,0
1,0.0,0,1,0.0,0.0,1.0,1.0,0.0,41,0.51,0.0,0.0,0,0,0,0,0,0,0,0,0,0,1,0,0,0,0,ipsweep,0,0,0,0,0,0,0,0,0,1,0,0,0.0,0,1.0,0.0,0,0,0,0,0,0,0,0,0,0,0,1,0,0,0,0,0,0,0,0,0,0,0,0,0,0,0,0,0,0,0,0,0,0,0,0,0,0,0,0,0,0,0,0,0,0,0,0,0,0,0,0,0,0,0,0,0,0,0,0,0,0,0,0,0,0,0,0,0,0,8,27,1.0,0.0,0.0,0,0,0
243,0.07,0,255,0.07,0.0,0.0,0.08,1.0,20,0.0,0.0,1.0,0,0,0,0,0,0,1,0,0,0,0,0,0,0,0,neptune,0,0,0,0,0,0,0,0,0,0,1,0,0.0,0,0.08,1.0,0,0,0,0,0,0,0,0,0,0,0,0,0,0,0,0,0,0,0,0,0,0,0,0,0,0,0,0,0,0,0,0,0,0,0,0,0,0,0,0,0,0,0,0,0,0,0,1,0,0,0,0,0,0,0,0,0,0,0,0,0,0,0,0,0,0,0,0,0,0,0,20,0.0,0.0,1.0,0,0,0
11,0.0,2015,87,0.0,0.0,0.01,1.0,0.0,255,0.04,0.0,0.0,0,0,0,0,0,0,0,0,0,0,1,0,0,0,0,normal,0,1,0,0,0,0,0,0,0,0,1,0,0.0,0,1.0,0.0,0,0,0,0,0,0,0,0,0,0,0,0,0,0,0,0,0,0,0,0,0,1,0,0,0,0,0,0,0,0,0,0,0,0,0,0,0,0,0,0,0,0,0,0,0,0,0,0,0,0,0,0,0,0,0,0,0,0,0,0,0,0,0,0,0,0,0,0,0,0,304,11,0.0,0.0,0.0,0,0,0
23,0.0,622,255,0.0,0.0,0.01,1.0,0.0,255,0.0,0.0,0.0,0,0,0,0,0,0,0,0,0,0,1,0,0,0,0,normal,0,1,0,0,0,0,0,0,0,0,1,0,0.0,0,1.0,0.0,0,0,0,0,0,0,0,0,0,0,0,0,0,0,0,0,0,0,0,0,0,1,0,0,0,0,0,0,0,0,0,0,0,0,0,0,0,0,0,0,0,0,0,0,0,0,0,0,0,0,0,0,0,0,0,0,0,0,0,0,0,0,0,0,0,0,0,0,0,0,278,29,0.14,0.0,0.0,0,0,0
205,0.07,0,255,0.07,0.0,0.0,0.03,1.0,8,0.0,0.0,1.0,0,0,0,0,0,0,1,0,0,0,0,0,0,0,0,neptune,0,0,0,0,0,0,0,0,0,0,1,0,0.0,0,0.04,1.0,0,0,0,0,0,0,0,0,0,0,0,0,0,0,0,0,0,0,0,0,0,0,0,0,0,0,0,1,0,0,0,0,0,0,0,0,0,0,0,0,0,0,0,0,0,0,0,0,0,0,0,0,0,0,0,0,0,0,0,0,0,0,0,0,0,0,0,0,0,0,0,8,0.0,0.0,1.0,0,0,0
124,0.06,0,255,0.91,0.82,0.09,0.09,0.09,24,0.0,0.0,0.0,0,0,0,0,0,0,0,0,0,0,1,0,0,0,0,teardrop,0,0,0,0,0,0,0,0,0,0,0,1,0.0,0,0.19,0.81,0,0,0,0,0,0,0,0,0,0,0,0,0,0,0,0,0,0,0,0,0,0,0,0,0,0,0,0,0,0,0,0,0,0,0,0,0,0,0,0,0,0,0,0,0,0,0,1,0,0,0,0,0,0,0,0,0,0,0,0,0,0,0,0,0,0,0,0,0,0,28,24,0.0,0.0,0.0,0,0,3
9,0.0,255,47,0.0,0.0,0.02,1.0,0.0,156,0.04,0.0,0.0,0,0,0,0,0,0,0,0,0,0,1,0,0,0,0,normal,0,1,0,0,0,0,0,0,0,0,1,0,0.0,0,1.0,0.0,0,0,0,0,0,0,0,0,0,0,0,0,0,0,0,0,0,0,0,0,0,1,0,0,0,0,0,0,0,0,0,0,0,0,0,0,0,0,0,0,0,0,0,0,0,0,0,0,0,0,0,0,0,0,0,0,0,0,0,0,0,0,0,0,0,0,0,0,0,0,310,9,0.0,0.0,0.0,0,0,0
279,0.06,0,255,0.05,0.0,0.0,0.04,1.0,11,0.0,0.0,1.0,0,0,0,0,0,0,1,0,0,0,0,0,0,0,0,neptune,0,0,0,0,0,0,0,0,0,0,1,0,0.0,0,0.04,1.0,0,0,0,0,0,0,0,0,0,0,0,0,0,0,0,0,0,0,0,0,0,0,0,0,0,0,0,0,0,0,0,0,0,0,0,0,0,0,0,0,0,0,0,0,0,0,0,1,0,0,0,0,0,0,0,0,0,0,0,0,0,0,0,0,0,0,0,0,0,0,0,11,0.0,0.0,1.0,0,0,0
1,0.0,0,4,0.0,0.75,0.25,1.0,0.0,255,0.21,0.97,0.01,0,0,1,0,0,0,0,0,0,0,0,0,0,0,0,normal,0,0,0,0,0,0,0,0,0,0,1,0,1.0,0,1.0,0.0,0,0,0,0,0,0,0,0,0,0,0,0,0,0,0,0,0,0,0,0,0,1,0,0,0,0,0,0,0,0,0,0,0,0,0,0,0,0,0,0,0,0,0,0,0,0,0,0,0,0,0,0,0,0,0,0,0,0,0,0,0,0,0,0,0,0,0,0,0,0,0,2,1.0,1.0,0.0,0,0,0
27,0.0,1328,255,0.0,0.0,0.0,1.0,0.0,255,0.0,0.0,0.0,0,0,0,0,0,0,0,0,0,0,1,0,0,0,0,normal,0,1,0,0,0,0,0,0,0,0,1,0,0.0,0,1.0,0.0,0,0,0,0,0,0,0,0,0,0,0,0,0,0,0,0,0,0,0,0,0,1,0,0,0,0,0,0,0,0,0,0,0,0,0,0,0,0,0,0,0,0,0,0,0,0,0,0,0,0,0,0,0,0,0,0,0,0,0,0,0,0,0,0,0,0,0,0,0,0,198,27,0.0,0.0,0.0,0,0,0
229,0.06,0,255,0.06,0.0,0.0,0.02,1.0,5,0.0,0.0,1.0,0,0,0,0,0,0,1,0,0,0,0,0,0,0,0,neptune,0,0,0,0,0,0,0,0,0,0,1,0,0.0,0,0.07,1.0,0,0,0,0,0,0,0,0,0,0,0,0,0,0,0,0,0,0,0,0,0,0,0,0,0,0,0,0,0,0,0,0,0,0,0,0,0,0,0,0,0,0,0,0,0,0,0,0,0,0,0,0,0,0,0,0,0,0,0,0,0,1,0,0,0,0,0,0,0,0,0,16,0.0,0.0,1.0,0,0,0
208,0.01,133,97,0.02,0.0,0.01,0.66,0.0,64,0.0,0.0,0.0,0,0,0,0,0,0,0,0,0,0,1,0,0,0,0,normal,0,0,0,0,0,0,0,0,0,0,0,1,0.0,0,1.0,0.0,0,0,0,0,0,0,0,0,0,1,0,0,0,0,0,0,0,0,0,0,0,0,0,0,0,0,0,0,0,0,0,0,0,0,0,0,0,0,0,0,0,0,0,0,0,0,0,0,0,0,0,0,0,0,0,0,0,0,0,0,0,0,0,0,0,0,0,0,0,0,45,207,0.0,0.0,0.0,0,0,0
14,0.0,958,255,0.0,0.0,0.0,1.0,0.0,255,0.0,0.0,0.0,0,0,0,0,0,0,0,0,0,0,1,0,0,0,0,normal,0,1,0,0,0,0,0,0,0,0,1,0,0.0,0,1.0,0.0,0,0,0,0,0,0,0,0,0,0,0,0,0,0,0,0,0,0,0,0,0,1,0,0,0,0,0,0,0,0,0,0,0,0,0,0,0,0,0,0,0,0,0,0,0,0,0,0,0,0,0,0,0,0,0,0,0,0,0,0,0,0,0,0,0,0,0,0,0,0,269,14,0.0,0.0,0.0,0,0,0
2,0.0,174,255,0.02,0.0,0.0,0.07,0.0,18,0.0,0.06,0.0,0,0,0,0,0,0,0,0,0,0,1,0,0,0,0,guess_passwd,0,0,0,0,1,0,0,0,0,0,1,0,0.0,0,1.0,0.0,0,0,0,0,0,0,0,0,0,0,0,0,0,0,0,0,0,0,0,0,0,0,0,0,0,0,0,0,0,0,0,0,0,0,0,0,0,0,0,0,0,0,0,0,0,0,0,0,0,0,0,0,0,0,0,0,0,0,1,0,0,0,0,0,0,0,0,0,0,0,126,2,0.0,0.0,0.0,0,0,0
4,0.5,105,255,0.71,0.0,0.96,0.01,0.0,2,0.0,0.0,0.0,5821,0,0,0,0,0,0,0,0,0,1,0,0,0,0,normal,0,0,0,0,0,0,0,0,0,0,0,1,0.0,0,0.5,0.0,0,0,0,0,0,0,0,0,0,0,0,0,0,0,0,0,0,0,0,0,0,0,0,0,0,0,0,0,0,0,0,0,0,0,0,0,0,0,0,0,0,0,1,0,0,0,0,0,0,0,0,0,0,0,0,0,0,0,0,0,0,0,0,0,0,0,0,0,0,0,147,2,0.0,0.0,0.0,0,0,0
12,0.0,0,255,0.07,0.0,0.07,0.07,0.87,18,0.0,0.0,0.0,0,0,0,0,0,0,0,0,0,0,1,0,0,0,0,normal,0,0,0,0,0,0,0,0,0,0,1,0,0.0,0,1.0,0.0,0,0,0,0,0,0,0,0,0,0,0,0,0,0,0,0,0,1,0,0,0,0,0,0,0,0,0,0,0,0,0,0,0,0,0,0,0,0,0,0,0,0,0,0,0,0,0,0,0,0,0,0,0,0,0,0,0,0,0,0,0,0,0,0,0,0,0,0,0,0,1874,12,0.0,0.0,0.0,0,0,0
1,0.0,328,253,0.03,0.0,0.0,0.59,0.0,152,0.01,0.0,0.0,0,0,0,0,0,0,0,0,0,0,1,0,0,0,0,normal,0,1,0,0,0,0,0,0,0,0,1,0,0.0,0,1.0,0.0,0,0,0,0,0,0,0,0,0,0,0,0,0,0,0,0,0,0,0,0,0,0,0,0,0,0,0,0,0,0,0,0,0,0,0,0,0,0,0,0,0,0,0,0,0,0,0,0,0,0,0,0,1,0,0,0,0,0,0,0,0,0,0,0,0,0,0,0,0,0,800,1,0.0,0.0,0.0,0,0,0
90,0.07,0,255,0.07,0.0,0.0,0.01,1.0,2,0.0,0.0,1.0,0,0,0,0,0,0,1,0,0,0,0,0,0,0,0,neptune,0,0,0,0,0,0,0,0,0,0,1,0,0.0,0,0.11,1.0,0,0,1,0,0,0,0,0,0,0,0,0,0,0,0,0,0,0,0,0,0,0,0,0,0,0,0,0,0,0,0,0,0,0,0,0,0,0,0,0,0,0,0,0,0,0,0,0,0,0,0,0,0,0,0,0,0,0,0,0,0,0,0,0,0,0,0,0,0,0,0,10,0.0,0.0,1.0,0,0,0
50,0.04,0,222,0.02,0.0,0.03,0.02,0.0,5,0.0,0.0,0.0,0,0,0,0,0,0,0,0,0,0,1,0,0,0,0,normal,0,0,0,0,0,0,0,0,0,1,0,0,0.0,0,0.1,0.0,0,0,0,0,0,0,0,0,0,0,0,0,0,0,0,0,0,0,0,0,0,0,0,0,0,0,0,0,0,0,0,0,0,0,0,0,0,0,0,0,0,0,0,0,0,0,0,0,0,0,0,0,0,0,0,0,0,0,0,0,0,0,0,1,0,0,0,0,0,0,78,5,0.0,0.0,0.0,0,0,0
269,0.06,0,255,0.08,0.0,0.0,0.0,1.0,1,0.0,0.0,1.0,0,0,0,0,0,0,1,0,0,0,0,0,0,0,0,neptune,0,0,0,0,0,0,0,0,0,0,1,0,0.0,0,0.07,1.0,0,0,0,0,0,0,0,0,0,0,0,0,0,0,0,0,0,0,0,0,0,0,0,0,0,0,0,0,0,0,0,0,0,1,0,0,0,0,0,0,0,0,0,0,0,0,0,0,0,0,0,0,0,0,0,0,0,0,0,0,0,0,0,0,0,0,0,0,0,0,0,20,0.0,0.0,1.0,0,0,0
254,0.06,0,255,0.07,0.0,0.0,0.06,1.0,15,0.0,0.0,1.0,0,0,0,0,0,0,1,0,0,0,0,0,0,0,0,neptune,0,0,0,0,0,0,0,0,0,0,1,0,0.0,0,0.02,1.0,0,0,0,0,0,0,0,0,0,0,0,0,0,0,0,0,0,1,0,0,0,0,0,0,0,0,0,0,0,0,0,0,0,0,0,0,0,0,0,0,0,0,0,0,0,0,0,0,0,0,0,0,0,0,0,0,0,0,0,0,0,0,0,0,0,0,0,0,0,0,0,4,0.0,0.0,1.0,0,0,0
6,0.0,398,255,0.0,0.0,0.0,1.0,0.0,255,0.0,0.0,0.0,0,0,0,0,0,0,0,0,0,0,1,0,0,0,0,normal,0,1,0,0,0,0,0,0,0,0,1,0,0.0,0,1.0,0.0,0,0,0,0,0,0,0,0,0,0,0,0,0,0,0,0,0,0,0,0,0,1,0,0,0,0,0,0,0,0,0,0,0,0,0,0,0,0,0,0,0,0,0,0,0,0,0,0,0,0,0,0,0,0,0,0,0,0,0,0,0,0,0,0,0,0,0,0,0,0,361,6,0.0,0.0,0.0,0,0,0
144,0.06,0,255,0.07,0.0,0.0,0.06,1.0,16,0.0,0.0,1.0,0,0,0,0,0,0,1,0,0,0,0,0,0,0,0,neptune,0,0,0,0,0,0,0,0,0,0,1,0,0.0,0,0.12,1.0,0,0,0,0,0,0,0,0,0,0,0,0,0,0,0,0,0,0,0,0,0,0,0,0,0,0,0,0,0,0,0,0,0,0,0,0,0,0,0,0,0,0,0,0,0,0,0,1,0,0,0,0,0,0,0,0,0,0,0,0,0,0,0,0,0,0,0,0,0,0,0,17,0.0,0.0,1.0,0,0,0
35,0.14,0,255,0.07,0.0,0.0,0.07,1.0,19,0.0,0.0,1.0,0,0,0,0,0,0,1,0,0,0,0,0,0,0,0,neptune,0,0,0,0,0,0,0,0,0,0,1,0,0.0,0,0.03,1.0,0,0,0,0,0,0,0,0,0,0,0,0,0,0,0,0,0,0,0,0,0,0,0,0,0,0,0,0,0,0,0,0,0,0,0,0,0,0,0,0,0,0,0,0,0,0,0,1,0,0,0,0,0,0,0,0,0,0,0,0,0,0,0,0,0,0,0,0,0,0,0,1,0.0,0.0,1.0,0,0,0
270,0.06,0,255,0.08,0.0,0.0,0.02,1.0,4,0.0,0.0,1.0,0,0,0,0,0,0,1,0,0,0,0,0,0,0,0,neptune,0,0,0,0,0,0,0,0,0,0,1,0,0.0,0,0.07,1.0,0,0,0,0,0,0,0,0,0,0,0,0,0,0,0,0,0,0,0,0,0,0,0,0,0,0,0,0,0,0,0,0,0,0,0,0,0,0,0,0,0,0,0,0,0,0,0,0,0,0,0,0,0,0,0,0,1,0,0,0,0,0,0,0,0,0,0,0,0,0,0,18,0.0,0.0,1.0,0,0,0
342,0.0,4,255,0.0,0.0,1.0,1.0,0.0,255,0.0,0.0,0.0,0,0,0,0,0,0,0,0,0,0,1,0,0,0,0,normal,0,0,0,0,0,0,0,0,0,0,0,1,0.0,0,1.0,0.0,0,0,0,0,0,0,0,0,0,0,0,0,0,0,0,0,0,0,0,0,0,0,0,0,0,0,0,0,0,0,0,0,0,0,0,0,0,0,0,0,0,0,1,0,0,0,0,0,0,0,0,0,0,0,0,0,0,0,0,0,0,0,0,0,0,0,0,0,0,0,516,342,0.0,0.0,0.0,0,0,0
279,0.06,0,255,0.07,0.0,0.0,0.05,1.0,12,0.0,0.0,1.0,0,0,0,0,0,0,1,0,0,0,0,0,0,0,0,neptune,0,0,0,0,0,0,0,0,0,0,1,0,0.0,0,0.04,1.0,0,0,0,0,0,0,0,0,0,0,0,0,0,0,0,0,0,0,0,0,0,0,0,0,0,0,0,1,0,0,0,0,0,0,0,0,0,0,0,0,0,0,0,0,0,0,0,0,0,0,0,0,0,0,0,0,0,0,0,0,0,0,0,0,0,0,0,0,0,0,0,12,0.0,0.0,1.0,0,0,0
9,0.0,3424,9,0.0,0.0,0.11,1.0,0.0,255,0.04,0.0,0.0,0,0,0,0,0,0,0,0,0,0,1,0,0,0,0,normal,0,1,0,0,0,0,0,0,0,0,1,0,0.0,0,1.0,0.0,0,0,0,0,0,0,0,0,0,0,0,0,0,0,0,0,0,0,0,0,0,1,0,0,0,0,0,0,0,0,0,0,0,0,0,0,0,0,0,0,0,0,0,0,0,0,0,0,0,0,0,0,0,0,0,0,0,0,0,0,0,0,0,0,0,0,0,0,0,0,232,9,0.0,0.0,0.0,0,0,0
3,0.0,0,255,0.04,0.0,0.0,0.22,1.0,56,0.0,0.0,1.0,0,0,0,0,0,0,1,0,0,0,0,0,0,0,0,neptune,0,0,0,0,0,0,0,0,0,0,1,0,0.0,0,1.0,1.0,0,0,0,0,0,0,0,0,0,0,0,0,0,0,0,0,0,1,0,0,0,0,0,0,0,0,0,0,0,0,0,0,0,0,0,0,0,0,0,0,0,0,0,0,0,0,0,0,0,0,0,0,0,0,0,0,0,0,0,0,0,0,0,0,0,0,0,0,0,0,0,3,0.0,0.0,1.0,0,0,0
22,0.0,1695,22,0.0,0.0,0.05,1.0,0.0,255,0.02,0.0,0.0,0,0,0,0,0,0,0,0,0,0,1,0,0,0,0,normal,0,1,0,0,0,0,0,0,0,0,1,0,0.0,0,1.0,0.0,0,0,0,0,0,0,0,0,0,0,0,0,0,0,0,0,0,0,0,0,0,1,0,0,0,0,0,0,0,0,0,0,0,0,0,0,0,0,0,0,0,0,0,0,0,0,0,0,0,0,0,0,0,0,0,0,0,0,0,0,0,0,0,0,0,0,0,0,0,0,192,23,0.09,0.0,0.0,0,0,0
20,0.0,4156,115,0.0,0.0,0.01,1.0,0.0,255,0.01,0.0,0.0,0,0,0,0,0,0,0,0,0,0,1,0,0,0,0,normal,0,1,0,0,0,0,0,0,0,0,1,0,0.0,0,1.0,0.0,0,0,0,0,0,0,0,0,0,0,0,0,0,0,0,0,0,0,0,0,0,1,0,0,0,0,0,0,0,0,0,0,0,0,0,0,0,0,0,0,0,0,0,0,0,0,0,0,0,0,0,0,0,0,0,0,0,0,0,0,0,0,0,0,0,0,0,0,0,0,249,20,0.0,0.0,0.0,0,0,0
16,0.0,2794,255,0.0,0.0,0.0,1.0,0.0,255,0.0,0.0,0.0,0,0,0,0,0,0,0,0,0,0,1,0,0,0,0,normal,0,1,0,0,0,0,0,0,0,0,1,0,0.0,0,1.0,0.0,0,0,0,0,0,0,0,0,0,0,0,0,0,0,0,0,0,0,0,0,0,1,0,0,0,0,0,0,0,0,0,0,0,0,0,0,0,0,0,0,0,0,0,0,0,0,0,0,0,0,0,0,0,0,0,0,0,0,0,0,0,0,0,0,0,0,0,0,0,0,295,16,0.0,0.0,0.0,0,0,0
258,0.06,0,255,0.08,0.0,0.0,0.02,1.0,4,0.0,0.0,1.0,0,0,0,0,0,0,1,0,0,0,0,0,0,0,0,neptune,0,0,0,0,0,0,0,0,0,0,1,0,0.0,0,0.01,1.0,0,0,0,0,0,0,0,0,0,0,0,0,0,0,0,0,0,0,0,0,0,0,0,0,0,1,0,0,0,0,0,0,0,0,0,0,0,0,0,0,0,0,0,0,0,0,0,0,0,0,0,0,0,0,0,0,0,0,0,0,0,0,0,0,0,0,0,0,0,0,0,3,0.0,0.0,1.0,0,0,0
9,0.0,1885,255,0.0,0.0,0.0,1.0,0.0,255,0.0,0.0,0.0,0,0,0,0,0,0,0,0,0,0,1,0,0,0,0,normal,0,1,0,0,0,0,0,0,0,0,1,0,0.0,0,1.0,0.0,0,0,0,0,0,0,0,0,0,0,0,0,0,0,0,0,0,0,0,0,0,1,0,0,0,0,0,0,0,0,0,0,0,0,0,0,0,0,0,0,0,0,0,0,0,0,0,0,0,0,0,0,0,0,0,0,0,0,0,0,0,0,0,0,0,0,0,0,0,0,217,10,0.2,0.0,0.0,0,0,0
278,0.06,0,255,0.07,0.0,0.0,0.03,1.0,8,0.0,0.0,1.0,0,0,0,0,0,0,1,0,0,0,0,0,0,0,0,neptune,0,0,0,0,0,0,0,0,0,0,1,0,0.0,0,0.03,1.0,0,0,0,0,0,0,0,0,0,0,0,0,0,0,0,0,0,0,0,0,0,0,0,0,0,0,0,0,0,0,0,0,0,0,0,0,0,0,1,0,0,0,0,0,0,0,0,0,0,0,0,0,0,0,0,0,0,0,0,0,0,0,0,0,0,0,0,0,0,0,0,7,0.0,0.0,1.0,0,0,0
158,0.0,101,255,0.01,0.0,0.0,0.65,0.0,166,0.0,0.0,0.0,0,0,0,0,0,0,0,0,0,0,1,0,0,0,0,normal,0,0,0,0,0,0,0,0,0,0,0,1,0.0,0,1.0,0.0,0,0,0,0,0,0,0,0,0,1,0,0,0,0,0,0,0,0,0,0,0,0,0,0,0,0,0,0,0,0,0,0,0,0,0,0,0,0,0,0,0,0,0,0,0,0,0,0,0,0,0,0,0,0,0,0,0,0,0,0,0,0,0,0,0,0,0,0,0,0,44,158,0.0,0.0,0.0,0,0,0
4,0.0,1892,255,0.0,0.0,0.0,1.0,0.0,255,0.0,0.0,0.0,0,0,0,0,0,0,0,0,0,0,1,0,0,0,0,normal,0,1,0,0,0,0,0,0,0,0,1,0,0.0,0,1.0,0.0,0,0,0,0,0,0,0,0,0,0,0,0,0,0,0,0,0,0,0,0,0,1,0,0,0,0,0,0,0,0,0,0,0,0,0,0,0,0,0,0,0,0,0,0,0,0,0,0,0,0,0,0,0,0,0,0,0,0,0,0,0,0,0,0,0,0,0,0,0,0,224,4,0.0,0.0,0.0,0,0,0
1,0.0,0,2,0.0,0.0,1.0,1.0,0.0,120,0.5,0.0,0.0,0,0,0,0,0,0,0,0,0,0,1,0,0,0,0,ipsweep,0,0,0,0,0,0,0,0,0,1,0,0,0.0,0,1.0,0.0,0,0,0,0,0,0,0,0,0,0,0,1,0,0,0,0,0,0,0,0,0,0,0,0,0,0,0,0,0,0,0,0,0,0,0,0,0,0,0,0,0,0,0,0,0,0,0,0,0,0,0,0,0,0,0,0,0,0,0,0,0,0,0,0,0,0,0,0,0,0,8,23,1.0,0.0,0.0,0,0,0
202,0.06,0,255,0.08,0.0,0.0,0.04,1.0,10,0.0,0.0,1.0,0,0,0,0,0,0,1,0,0,0,0,0,0,0,0,neptune,0,0,0,0,0,0,0,0,0,0,1,0,0.0,0,0.0,1.0,0,0,0,0,0,0,0,0,0,0,0,0,0,0,0,0,0,0,0,0,0,0,0,0,0,0,0,0,0,0,0,0,0,0,0,0,0,0,0,0,0,0,0,0,0,0,0,1,0,0,0,0,0,0,0,0,0,0,0,0,0,0,0,0,0,0,0,0,0,0,0,1,0.0,0.0,1.0,0,0,0
2,0.0,146,69,0.03,0.0,0.04,0.99,0.0,68,0.0,0.0,0.0,10,0,0,0,0,0,0,0,0,0,1,0,0,0,0,normal,0,0,0,0,0,0,0,0,0,0,0,1,0.0,0,1.0,0.0,0,0,0,0,0,0,0,0,0,0,0,0,0,0,0,0,0,0,0,0,0,0,0,0,0,0,0,0,0,0,0,0,0,0,0,0,0,0,0,0,0,0,0,0,0,0,0,1,0,0,0,0,0,0,0,0,0,0,0,0,0,0,0,0,0,0,0,0,0,0,105,2,0.0,0.0,0.0,0,0,0
222,0.08,0,255,0.09,0.0,0.0,0.03,1.0,7,0.0,0.0,1.0,0,0,0,0,0,0,1,0,0,0,0,0,0,0,0,neptune,0,0,0,0,0,0,0,0,0,0,1,0,0.0,0,0.03,1.0,0,0,0,0,0,0,0,0,0,0,0,0,0,0,0,0,0,0,0,0,0,0,0,0,0,0,0,0,0,0,0,0,0,0,0,0,0,0,0,0,0,0,0,0,0,0,0,1,0,0,0,0,0,0,0,0,0,0,0,0,0,0,0,0,0,0,0,0,0,0,0,7,0.0,0.0,1.0,0,0,0
1,0.0,0,255,0.11,0.09,0.09,0.0,0.0,1,0.0,1.0,0.0,0,0,0,0,0,1,0,0,0,0,0,0,0,0,0,portsweep,0,0,0,0,0,0,0,0,0,0,1,0,1.0,0,1.0,0.0,0,0,0,0,0,0,0,0,0,0,0,0,0,0,0,0,0,0,0,0,0,0,0,0,0,0,0,0,0,0,0,0,0,0,0,0,0,0,0,0,0,0,0,0,0,0,0,1,0,0,0,0,0,0,0,0,0,0,0,0,0,0,0,0,0,0,0,0,0,0,0,1,0.0,1.0,0.0,0,0,0
15,0.0,7262,19,0.0,0.21,0.05,1.0,0.0,255,0.13,0.83,0.0,0,0,0,0,0,0,0,0,0,0,1,0,0,0,0,normal,0,1,0,0,0,0,0,0,0,0,1,0,0.0,0,1.0,0.0,0,0,0,0,0,0,0,0,0,0,0,0,0,0,0,0,0,0,0,0,0,1,0,0,0,0,0,0,0,0,0,0,0,0,0,0,0,0,0,0,0,0,0,0,0,0,0,0,0,0,0,0,0,0,0,0,0,0,0,0,0,0,0,0,0,0,0,0,0,0,331,15,0.0,0.0,0.0,0,0,0
1,0.0,0,2,0.0,0.0,1.0,1.0,0.0,70,0.5,0.0,0.0,0,0,0,0,0,0,0,0,0,0,1,0,0,0,0,ipsweep,0,0,0,0,0,0,0,0,0,1,0,0,0.0,0,1.0,0.0,0,0,0,0,0,0,0,0,0,0,0,1,0,0,0,0,0,0,0,0,0,0,0,0,0,0,0,0,0,0,0,0,0,0,0,0,0,0,0,0,0,0,0,0,0,0,0,0,0,0,0,0,0,0,0,0,0,0,0,0,0,0,0,0,0,0,0,0,0,0,8,7,1.0,0.0,0.0,0,0,0
254,0.05,0,255,0.05,0.0,0.0,0.07,1.0,19,0.0,0.0,1.0,0,0,0,0,0,0,1,0,0,0,0,0,0,0,0,neptune,0,0,0,0,0,0,0,0,0,0,1,0,0.0,0,0.07,1.0,0,0,0,0,0,0,0,0,0,0,0,0,0,0,0,0,0,0,0,0,1,0,0,0,0,0,0,0,0,0,0,0,0,0,0,0,0,0,0,0,0,0,0,0,0,0,0,0,0,0,0,0,0,0,0,0,0,0,0,0,0,0,0,0,0,0,0,0,0,0,0,19,0.0,0.0,1.0,0,0,0
4,0.0,765,104,0.0,0.0,0.01,1.0,0.0,255,0.01,0.0,0.0,0,0,0,0,0,0,0,0,0,0,1,0,0,0,0,normal,0,1,0,0,0,0,0,0,0,0,1,0,0.0,0,1.0,0.0,0,0,0,0,0,0,0,0,0,0,0,0,0,0,0,0,0,0,0,0,0,1,0,0,0,0,0,0,0,0,0,0,0,0,0,0,0,0,0,0,0,0,0,0,0,0,0,0,0,0,0,0,0,0,0,0,0,0,0,0,0,0,0,0,0,0,0,0,0,0,218,12,0.33,0.0,0.0,0,0,0
1,0.0,0,111,0.05,0.0,0.48,0.48,0.0,100,0.02,0.0,0.0,0,0,0,0,0,0,0,0,0,0,1,0,0,0,0,normal,0,1,0,0,0,0,0,0,0,0,1,0,0.0,0,1.0,0.0,0,0,0,0,0,0,0,0,0,0,0,0,0,0,0,0,0,1,0,0,0,0,0,0,0,0,0,0,0,0,0,0,0,0,0,0,0,0,0,0,0,0,0,0,0,0,0,0,0,0,0,0,0,0,0,0,0,0,0,0,0,0,0,0,0,0,0,0,0,0,12,1,0.0,0.0,0.0,0,0,0
1,0.0,484,255,0.04,0.02,0.0,0.42,0.14,108,0.0,0.0,0.0,0,0,0,0,0,0,0,0,0,0,1,0,0,0,0,normal,0,1,0,0,0,0,0,0,0,0,1,0,0.0,0,1.0,0.0,0,0,0,0,0,0,0,0,0,0,0,0,0,0,0,0,0,0,0,0,0,0,0,0,0,0,0,0,0,0,0,0,0,0,0,0,0,0,0,0,0,0,0,0,0,0,0,0,0,0,0,0,1,0,0,0,0,0,0,0,0,0,0,0,0,0,0,0,0,0,1797,1,0.0,0.0,0.0,0,0,0
10,0.0,3749,255,0.0,0.0,0.0,1.0,0.0,255,0.0,0.0,0.0,0,0,0,0,0,0,0,0,0,0,1,0,0,0,0,normal,0,1,0,0,0,0,0,0,0,0,1,0,0.0,0,1.0,0.0,0,0,0,0,0,0,0,0,0,0,0,0,0,0,0,0,0,0,0,0,0,1,0,0,0,0,0,0,0,0,0,0,0,0,0,0,0,0,0,0,0,0,0,0,0,0,0,0,0,0,0,0,0,0,0,0,0,0,0,0,0,0,0,0,0,0,0,0,0,0,220,23,0.09,0.0,0.0,0,0,0
67,0.03,129,255,0.02,0.0,0.0,0.83,0.0,212,0.0,0.0,0.0,0,0,0,0,0,0,0,0,0,0,1,0,0,0,0,normal,0,0,0,0,0,0,0,0,0,0,0,1,0.0,0,0.99,0.0,0,0,0,0,0,0,0,0,0,1,0,0,0,0,0,0,0,0,0,0,0,0,0,0,0,0,0,0,0,0,0,0,0,0,0,0,0,0,0,0,0,0,0,0,0,0,0,0,0,0,0,0,0,0,0,0,0,0,0,0,0,0,0,0,0,0,0,0,0,0,43,147,0.01,0.0,0.0,0,0,0
228,0.06,0,255,0.06,0.0,0.0,0.05,1.0,13,0.0,0.0,1.0,0,0,0,0,0,0,1,0,0,0,0,0,0,0,0,neptune,0,0,0,0,0,0,0,0,0,0,1,0,0.0,0,0.06,1.0,0,0,0,0,0,0,0,0,0,0,0,0,0,0,0,0,0,0,0,0,0,0,0,0,0,0,0,1,0,0,0,0,0,0,0,0,0,0,0,0,0,0,0,0,0,0,0,0,0,0,0,0,0,0,0,0,0,0,0,0,0,0,0,0,0,0,0,0,0,0,0,13,0.0,0.0,1.0,0,0,0
1,0.0,328,87,0.02,0.0,0.01,0.38,0.0,92,0.02,0.0,0.0,0,0,0,0,0,0,0,0,0,0,1,0,0,0,0,normal,0,1,0,0,0,0,0,0,0,0,1,0,0.0,0,1.0,0.0,0,0,0,0,0,0,0,0,0,0,0,0,0,0,0,0,0,0,0,0,0,0,0,0,0,0,0,0,0,0,0,0,0,0,0,0,0,0,0,0,0,0,0,0,0,0,0,0,0,0,0,0,1,0,0,0,0,0,0,0,0,0,0,0,0,0,0,0,0,0,1313,1,0.0,0.0,0.0,0,0,0
236,0.07,0,255,0.08,1.0,0.0,0.02,0.0,6,0.0,1.0,0.0,0,0,1,0,0,0,0,0,0,0,0,0,0,0,0,neptune,0,0,0,0,0,0,0,0,0,0,1,0,1.0,0,0.03,0.0,0,0,0,0,0,0,0,0,0,0,0,0,0,0,0,0,0,0,0,0,0,0,0,0,0,0,0,0,0,0,0,0,0,1,0,0,0,0,0,0,0,0,0,0,0,0,0,0,0,0,0,0,0,0,0,0,0,0,0,0,0,0,0,0,0,0,0,0,0,0,0,6,0.0,1.0,0.0,0,0,0
121,0.06,0,255,0.07,0.0,0.0,0.06,1.0,16,0.0,0.0,1.0,0,0,0,0,0,0,1,0,0,0,0,0,0,0,0,neptune,0,0,0,0,0,0,0,0,0,0,1,0,0.0,0,0.02,1.0,0,0,0,0,0,0,0,0,0,0,0,0,0,0,0,0,0,0,0,0,0,0,0,0,0,0,0,0,0,0,0,0,0,0,0,0,0,0,0,0,0,0,0,0,0,0,0,1,0,0,0,0,0,0,0,0,0,0,0,0,0,0,0,0,0,0,0,0,0,0,0,3,0.0,0.0,1.0,0,0,0
1,0.0,2449,173,0.03,0.01,0.01,0.01,0.01,1,0.0,0.0,0.0,0,0,0,0,0,0,0,0,0,0,1,0,28,1,0,warezclient,0,1,0,0,0,0,0,0,0,0,1,0,0.0,0,1.0,0.0,0,0,0,0,0,0,0,0,0,0,0,0,0,0,0,0,1,0,0,0,0,0,0,0,0,0,0,0,0,0,0,0,0,0,0,0,0,0,0,0,0,0,0,0,0,0,0,0,0,0,0,0,0,0,0,0,0,0,0,0,0,0,0,0,0,0,0,0,0,0,1230,1,0.0,0.0,0.0,0,0,0
143,0.05,0,255,0.05,0.0,0.0,0.01,1.0,3,0.0,0.0,1.0,0,0,0,0,0,0,1,0,0,0,0,0,0,0,0,neptune,0,0,0,0,0,0,0,0,0,0,1,0,0.0,0,0.17,1.0,0,0,0,0,0,0,0,0,0,0,0,0,0,0,0,0,0,0,0,0,0,0,0,0,0,0,0,0,0,0,0,0,0,0,0,0,0,0,0,0,0,0,0,0,0,0,0,1,0,0,0,0,0,0,0,0,0,0,0,0,0,0,0,0,0,0,0,0,0,0,0,24,0.0,0.0,1.0,0,0,0
10,0.0,9548,255,0.0,0.0,0.0,1.0,0.0,255,0.0,0.0,0.0,0,0,0,0,0,0,0,0,0,0,1,0,0,0,0,normal,0,1,0,0,0,0,0,0,0,0,1,0,0.0,0,1.0,0.0,0,0,0,0,0,0,0,0,0,0,0,0,0,0,0,0,0,0,0,0,0,1,0,0,0,0,0,0,0,0,0,0,0,0,0,0,0,0,0,0,0,0,0,0,0,0,0,0,0,0,0,0,0,0,0,0,0,0,0,0,0,0,0,0,0,0,0,0,0,0,296,10,0.0,0.0,0.0,0,0,0
2,0.0,2073,255,0.0,0.0,0.0,1.0,0.0,255,0.0,0.0,0.0,0,0,0,0,0,0,0,0,0,0,1,0,0,0,0,normal,0,1,0,0,0,0,0,0,0,0,1,0,0.0,0,1.0,0.0,0,0,0,0,0,0,0,0,0,0,0,0,0,0,0,0,0,0,0,0,0,1,0,0,0,0,0,0,0,0,0,0,0,0,0,0,0,0,0,0,0,0,0,0,0,0,0,0,0,0,0,0,0,0,0,0,0,0,0,0,0,0,0,0,0,0,0,0,0,0,317,3,0.67,0.0,0.0,0,0,0
235,0.06,0,255,0.07,0.0,0.0,0.05,1.0,12,0.0,0.0,1.0,0,0,0,0,0,0,1,0,0,0,0,0,0,0,0,neptune,0,0,0,0,0,0,0,0,0,0,1,0,0.0,0,0.06,1.0,0,0,0,0,0,0,0,0,0,0,0,0,0,0,0,0,0,0,0,0,0,0,0,0,0,0,0,0,0,0,0,0,0,0,0,0,0,0,0,0,0,0,0,0,0,0,0,1,0,0,0,0,0,0,0,0,0,0,0,0,0,0,0,0,0,0,0,0,0,0,0,13,0.0,0.0,1.0,0,0,0
6,0.0,9676,62,0.0,0.0,0.02,1.0,0.0,255,0.05,0.0,0.0,0,0,0,0,0,0,0,0,0,0,1,0,0,0,0,normal,0,1,0,0,0,0,0,0,0,0,1,0,0.0,0,1.0,0.0,0,0,0,0,0,0,0,0,0,0,0,0,0,0,0,0,0,0,0,0,0,1,0,0,0,0,0,0,0,0,0,0,0,0,0,0,0,0,0,0,0,0,0,0,0,0,0,0,0,0,0,0,0,0,0,0,0,0,0,0,0,0,0,0,0,0,0,0,0,0,244,13,0.15,0.0,0.0,0,0,0
6,0.0,5133,53,0.0,0.0,0.02,1.0,0.0,151,0.01,0.0,0.0,0,0,0,0,0,0,0,0,0,0,1,0,0,0,0,normal,0,1,0,0,0,0,0,0,0,0,1,0,0.0,0,1.0,0.0,0,0,0,0,0,0,0,0,0,0,0,0,0,0,0,0,0,0,0,0,0,1,0,0,0,0,0,0,0,0,0,0,0,0,0,0,0,0,0,0,0,0,0,0,0,0,0,0,0,0,0,0,0,0,0,0,0,0,0,0,0,0,0,0,0,0,0,0,0,0,317,6,0.0,0.0,0.0,0,0,0
2,0.0,0,111,0.05,0.0,0.12,0.12,0.01,14,0.14,0.0,0.0,0,0,0,0,0,0,0,0,0,0,1,0,0,0,0,normal,0,1,0,0,0,0,0,0,0,0,1,0,0.0,0,1.0,0.0,0,0,0,0,0,0,0,0,0,0,0,0,0,0,0,0,0,1,0,0,0,0,0,0,0,0,0,0,0,0,0,0,0,0,0,0,0,0,0,0,0,0,0,0,0,0,0,0,0,0,0,0,0,0,0,0,0,0,0,0,0,0,0,0,0,0,0,0,0,0,37,2,0.0,0.0,0.0,0,0,0
238,0.0,0,255,0.26,0.0,0.04,0.04,0.0,9,0.0,0.0,0.0,0,0,0,0,0,0,0,0,0,0,1,0,0,0,0,smurf,0,0,0,0,0,0,0,0,0,1,0,0,0.0,0,1.0,0.0,0,0,0,0,0,0,0,0,0,0,0,0,1,0,0,0,0,0,0,0,0,0,0,0,0,0,0,0,0,0,0,0,0,0,0,0,0,0,0,0,0,0,0,0,0,0,0,0,0,0,0,0,0,0,0,0,0,0,0,0,0,0,0,0,0,0,0,0,0,0,1032,238,0.0,0.0,0.0,0,0,0
6,0.0,2252,255,0.0,0.0,0.0,1.0,0.0,255,0.0,0.0,0.0,0,0,0,0,0,0,0,0,0,0,1,0,0,0,0,normal,0,1,0,0,0,0,0,0,0,0,1,0,0.0,0,1.0,0.0,0,0,0,0,0,0,0,0,0,0,0,0,0,0,0,0,0,0,0,0,0,1,0,0,0,0,0,0,0,0,0,0,0,0,0,0,0,0,0,0,0,0,0,0,0,0,0,0,0,0,0,0,0,0,0,0,0,0,0,0,0,0,0,0,0,0,0,0,0,0,341,35,0.14,0.0,0.0,0,0,0
2,1.0,0,255,0.09,0.0,0.0,0.04,1.0,11,0.0,0.0,1.0,0,0,0,0,0,0,1,0,0,0,0,0,0,0,0,neptune,0,0,0,0,0,0,0,0,0,0,1,0,0.0,0,0.5,1.0,0,0,0,0,0,0,0,0,0,0,0,0,0,0,0,0,0,0,0,0,0,0,0,1,0,0,0,0,0,0,0,0,0,0,0,0,0,0,0,0,0,0,0,0,0,0,0,0,0,0,0,0,0,0,0,0,0,0,0,0,0,0,0,0,0,0,0,0,0,0,0,1,0.0,0.0,1.0,0,0,0
1,0.0,146,5,0.4,0.0,0.2,0.8,0.0,4,0.0,0.0,0.0,0,0,0,0,0,0,0,0,0,0,1,0,0,0,0,normal,0,0,0,0,0,0,0,0,0,0,0,1,0.0,0,1.0,0.0,0,0,0,0,0,0,0,0,0,0,0,0,0,0,0,0,0,0,0,0,0,0,0,0,0,0,0,0,0,0,0,0,0,0,0,0,0,0,0,0,0,0,0,0,0,0,0,1,0,0,0,0,0,0,0,0,0,0,0,0,0,0,0,0,0,0,0,0,0,0,105,1,0.0,0.0,0.0,0,0,0
1,0.0,10625,22,0.0,0.0,0.05,1.0,0.0,255,0.06,0.0,0.0,0,0,0,0,0,0,0,0,0,0,1,0,0,0,0,normal,0,1,0,0,0,0,0,0,0,0,1,0,0.0,0,1.0,0.0,0,0,0,0,0,0,0,0,0,0,0,0,0,0,0,0,0,0,0,0,0,1,0,0,0,0,0,0,0,0,0,0,0,0,0,0,0,0,0,0,0,0,0,0,0,0,0,0,0,0,0,0,0,0,0,0,0,0,0,0,0,0,0,0,0,0,0,0,0,0,225,6,0.33,0.0,0.0,0,0,0
121,0.07,0,175,0.07,0.0,0.01,0.06,1.0,11,0.0,0.0,1.0,0,0,0,0,0,0,1,0,0,0,0,0,0,0,0,neptune,0,0,0,0,0,0,0,0,0,0,1,0,0.0,0,0.09,1.0,0,0,0,0,0,0,0,0,0,0,0,0,0,0,0,0,0,0,0,0,0,0,0,0,0,0,0,0,0,0,0,0,0,0,0,0,0,0,0,0,0,0,0,0,0,0,0,1,0,0,0,0,0,0,0,0,0,0,0,0,0,0,0,0,0,0,0,0,0,0,0,11,0.0,0.0,1.0,0,0,0
241,0.07,0,255,0.07,1.0,0.0,0.07,0.0,17,0.0,1.0,0.0,0,0,0,1,0,0,0,0,0,0,0,0,0,0,0,neptune,0,0,0,0,0,0,0,0,0,0,1,0,1.0,0,0.07,0.0,0,0,0,0,0,0,0,0,0,0,0,0,0,0,0,0,0,0,0,0,0,0,0,0,0,0,0,0,0,0,0,0,0,0,0,0,0,0,0,0,0,0,0,0,0,0,0,0,0,0,0,0,0,0,0,0,0,0,1,0,0,0,0,0,0,0,0,0,0,0,0,17,0.0,1.0,0.0,0,0,0
21,0.76,0,193,0.1,0.0,0.41,0.01,0.01,1,0.0,0.0,0.0,0,0,0,0,0,0,0,0,0,0,1,0,0,0,0,normal,0,0,0,0,0,0,0,0,0,0,1,0,0.0,0,0.05,0.05,0,0,0,0,0,0,0,0,0,0,0,0,0,0,0,0,0,0,0,0,0,0,0,0,0,0,0,0,0,0,0,0,0,0,0,0,0,0,0,0,0,0,1,0,0,0,0,0,0,0,0,0,0,0,0,0,0,0,0,0,0,0,0,0,0,0,0,0,0,0,35195,1,0.0,0.0,0.0,0,0,0
11,0.0,0,149,0.04,0.0,0.43,0.43,0.0,92,0.02,0.0,0.0,0,0,0,0,0,0,0,0,0,0,1,0,0,0,0,normal,0,1,0,0,0,0,0,0,1,0,1,0,0.0,0,1.0,0.0,0,0,0,0,0,0,0,0,0,0,0,0,0,0,0,0,0,1,0,0,0,0,0,0,0,0,0,0,0,0,0,0,0,0,0,0,0,0,0,0,0,0,0,0,0,0,0,0,0,0,0,0,0,0,0,0,0,0,0,0,0,0,0,0,0,0,0,0,0,0,4753,11,0.0,0.0,0.0,0,0,0
1,0.0,0,255,0.01,0.02,0.0,0.97,0.0,247,0.0,0.02,0.0,0,0,0,1,0,0,0,0,0,0,0,0,0,0,0,normal,0,1,0,0,0,0,0,0,0,0,1,0,1.0,0,1.0,0.0,0,0,0,0,0,0,0,0,0,0,0,0,0,0,0,0,0,0,0,0,0,1,0,0,0,0,0,0,0,0,0,0,0,0,0,0,0,0,0,0,0,0,0,0,0,0,0,0,0,0,0,0,0,0,0,0,0,0,0,0,0,0,0,0,0,0,0,0,0,0,0,2,1.0,1.0,0.0,0,0,0
100,0.06,0,255,0.07,0.0,0.0,0.02,1.0,4,0.0,0.0,1.0,0,0,0,0,0,0,1,0,0,0,0,0,0,0,0,neptune,0,0,0,0,0,0,0,0,0,0,1,0,0.0,0,0.05,1.0,0,0,0,0,0,0,0,0,0,0,0,0,0,0,0,0,0,0,0,0,0,0,0,0,0,0,0,0,0,0,0,0,0,0,0,0,0,0,0,0,0,0,0,0,0,0,0,1,0,0,0,0,0,0,0,0,0,0,0,0,0,0,0,0,0,0,0,0,0,0,0,5,0.0,0.0,1.0,0,0,0
4,0.0,1380,255,0.01,0.0,0.0,0.98,0.0,251,0.0,0.0,0.0,0,0,0,0,0,0,0,0,0,0,1,0,0,0,0,normal,0,1,0,0,0,0,0,0,0,0,1,0,0.0,0,1.0,0.0,0,0,0,0,0,0,0,0,0,0,0,0,0,0,0,0,0,0,0,0,0,1,0,0,0,0,0,0,0,0,0,0,0,0,0,0,0,0,0,0,0,0,0,0,0,0,0,0,0,0,0,0,0,0,0,0,0,0,0,0,0,0,0,0,0,0,0,0,0,0,230,52,0.04,0.0,0.0,0,0,0
9,0.0,12784,67,0.0,0.0,0.01,1.0,0.0,255,0.04,0.0,0.0,0,0,0,0,0,0,0,0,0,0,1,0,0,0,0,normal,0,1,0,0,0,0,0,0,0,0,1,0,0.0,0,1.0,0.0,0,0,0,0,0,0,0,0,0,0,0,0,0,0,0,0,0,0,0,0,0,1,0,0,0,0,0,0,0,0,0,0,0,0,0,0,0,0,0,0,0,0,0,0,0,0,0,0,0,0,0,0,0,0,0,0,0,0,0,0,0,0,0,0,0,0,0,0,0,0,336,33,0.12,0.0,0.0,0,0,0
8,0.0,3883,255,0.0,0.0,0.0,1.0,0.0,255,0.0,0.0,0.0,0,0,0,0,0,0,0,0,0,0,1,0,0,0,0,normal,0,1,0,0,0,0,0,0,0,0,1,0,0.0,0,1.0,0.0,0,0,0,0,0,0,0,0,0,0,0,0,0,0,0,0,0,0,0,0,0,1,0,0,0,0,0,0,0,0,0,0,0,0,0,0,0,0,0,0,0,0,0,0,0,0,0,0,0,0,0,0,0,0,0,0,0,0,0,0,0,0,0,0,0,0,0,0,0,0,330,8,0.0,0.0,0.0,0,0,0
1,0.0,0,147,0.99,0.0,0.99,0.01,0.99,1,0.0,0.0,1.0,0,0,0,0,0,0,0,0,0,0,0,1,0,0,0,nmap,0,0,0,0,0,0,0,0,0,0,1,0,0.0,0,1.0,1.0,0,0,0,0,0,0,0,0,0,0,0,0,0,0,0,0,0,0,0,0,0,0,0,0,0,0,0,0,0,0,0,0,0,0,0,0,0,0,0,0,0,0,0,0,0,0,0,1,0,0,0,0,0,0,0,0,0,0,0,0,0,0,0,0,0,0,0,0,0,0,0,1,0.0,0.0,1.0,0,0,0
1,0.0,174,255,0.02,0.01,0.0,0.33,0.0,84,0.0,0.04,0.0,0,0,0,0,0,0,0,0,0,0,1,0,0,0,0,guess_passwd,0,0,0,0,1,0,0,0,0,0,1,0,0.0,0,1.0,0.0,0,0,0,0,0,0,0,0,0,0,0,0,0,0,0,0,0,0,0,0,0,0,0,0,0,0,0,0,0,0,0,0,0,0,0,0,0,0,0,0,0,0,0,0,0,0,0,0,0,0,0,0,0,0,0,0,0,0,1,0,0,0,0,0,0,0,0,0,0,0,122,1,0.0,0.0,0.0,0,0,0
251,0.06,0,255,0.07,1.0,0.0,0.07,0.0,19,0.0,1.0,0.0,0,0,1,0,0,0,0,0,0,0,0,0,0,0,0,neptune,0,0,0,0,0,0,0,0,0,0,1,0,1.0,0,0.08,0.0,0,0,0,0,0,0,0,0,0,0,0,0,0,0,0,0,0,0,1,0,0,0,0,0,0,0,0,0,0,0,0,0,0,0,0,0,0,0,0,0,0,0,0,0,0,0,0,0,0,0,0,0,0,0,0,0,0,0,0,0,0,0,0,0,0,0,0,0,0,0,0,19,0.0,1.0,0.0,0,0,0
1,0.0,0,1,0.0,0.0,1.0,1.0,0.0,239,1.0,0.0,0.0,0,0,0,0,0,0,0,0,0,0,1,0,0,0,0,ipsweep,0,0,0,0,0,0,0,0,0,1,0,0,0.0,0,1.0,0.0,0,0,0,0,0,0,0,0,0,0,0,1,0,0,0,0,0,0,0,0,0,0,0,0,0,0,0,0,0,0,0,0,0,0,0,0,0,0,0,0,0,0,0,0,0,0,0,0,0,0,0,0,0,0,0,0,0,0,0,0,0,0,0,0,0,0,0,0,0,0,18,1,0.0,0.0,0.0,0,0,0
5,0.6,0,76,0.53,0.0,0.86,0.01,0.0,1,0.0,0.0,0.0,0,0,0,0,0,0,0,0,0,0,1,0,0,0,0,normal,0,0,0,0,0,0,0,0,0,0,0,1,0.0,0,0.2,0.0,0,0,0,0,0,0,0,0,0,0,0,0,0,0,0,0,0,0,0,0,0,0,0,0,0,0,0,0,0,0,0,0,0,0,0,0,0,0,0,0,0,0,1,0,0,0,0,0,0,0,0,0,0,0,0,0,0,0,0,0,0,0,0,0,0,0,0,0,0,0,147,1,0.0,0.0,0.0,0,0,0
118,0.0,78,255,0.0,0.0,0.0,1.0,0.0,255,0.0,0.0,0.0,0,0,0,0,0,0,0,0,0,0,1,0,0,0,0,normal,0,0,0,0,0,0,0,0,0,0,0,1,0.0,0,1.0,0.0,0,0,0,0,0,0,0,0,0,1,0,0,0,0,0,0,0,0,0,0,0,0,0,0,0,0,0,0,0,0,0,0,0,0,0,0,0,0,0,0,0,0,0,0,0,0,0,0,0,0,0,0,0,0,0,0,0,0,0,0,0,0,0,0,0,0,0,0,0,0,44,118,0.0,0.0,0.0,0,0,0
2,0.0,0,108,0.04,0.0,0.42,0.42,0.0,83,0.02,0.0,0.0,0,0,0,0,0,0,0,0,0,0,1,0,0,0,0,normal,0,1,0,0,0,0,0,0,0,0,1,0,0.0,0,1.0,0.0,0,0,0,0,0,0,0,0,0,0,0,0,0,0,0,0,0,1,0,0,0,0,0,0,0,0,0,0,0,0,0,0,0,0,0,0,0,0,0,0,0,0,0,0,0,0,0,0,0,0,0,0,0,0,0,0,0,0,0,0,0,0,0,0,0,0,0,0,0,0,11,2,0.0,0.0,0.0,0,0,0
230,0.07,0,255,0.07,0.0,0.0,0.04,1.0,10,0.0,0.0,1.0,0,0,0,0,0,0,1,0,0,0,0,0,0,0,0,neptune,0,0,0,0,0,0,0,0,0,0,1,0,0.0,0,0.04,1.0,0,0,0,0,0,0,0,0,0,0,0,0,0,0,0,0,0,0,0,0,0,0,0,0,0,0,0,0,0,0,0,0,0,0,0,0,0,0,0,0,1,0,0,0,0,0,0,0,0,0,0,0,0,0,0,0,0,0,0,0,0,0,0,0,0,0,0,0,0,0,0,10,0.0,0.0,1.0,0,0,0
165,0.07,0,255,0.06,0.0,0.0,0.04,1.0,9,0.0,0.0,1.0,0,0,0,0,0,0,1,0,0,0,0,0,0,0,0,neptune,0,0,0,0,0,0,0,0,0,0,1,0,0.0,0,0.05,0.99,0,0,0,0,0,0,0,0,0,0,0,0,0,0,0,0,0,0,0,0,0,0,0,0,0,0,0,0,0,0,0,0,0,0,0,0,0,0,0,0,0,0,0,0,0,0,0,1,0,0,0,0,0,0,0,0,0,0,0,0,0,0,0,0,0,0,0,0,0,0,0,8,0.0,0.0,1.0,0,0,0
71,0.07,0,255,0.07,0.0,0.0,0.05,1.0,14,0.0,0.0,1.0,0,0,0,0,0,0,1,0,0,0,0,0,0,0,0,neptune,0,0,0,0,0,0,0,0,0,0,1,0,0.0,0,0.01,1.0,0,0,0,0,0,0,0,0,0,0,0,0,0,0,0,0,0,0,0,0,0,0,0,0,0,0,0,0,0,0,0,0,0,0,0,0,0,0,0,0,0,0,0,0,0,0,0,1,0,0,0,0,0,0,0,0,0,0,0,0,0,0,0,0,0,0,0,0,0,0,0,1,0.0,0.0,1.0,0,0,0
1,0.0,14325,3,0.0,0.0,0.33,1.0,0.0,255,0.04,0.0,0.0,0,0,0,0,0,0,0,0,0,0,1,0,0,0,0,normal,0,1,0,0,0,0,0,0,0,0,1,0,0.0,0,1.0,0.0,0,0,0,0,0,0,0,0,0,0,0,0,0,0,0,0,0,0,0,0,0,1,0,0,0,0,0,0,0,0,0,0,0,0,0,0,0,0,0,0,0,0,0,0,0,0,0,0,0,0,0,0,0,0,0,0,0,0,0,0,0,0,0,0,0,0,0,0,0,0,252,1,0.0,0.0,0.0,0,0,0
216,0.07,0,255,0.07,1.0,0.0,0.05,0.0,13,0.0,1.0,0.0,0,0,1,0,0,0,0,0,0,0,0,0,0,0,0,neptune,0,0,0,0,0,0,0,0,0,0,1,0,1.0,0,0.06,0.0,0,0,0,0,0,0,0,0,0,0,0,0,0,0,0,0,0,0,0,0,0,0,0,0,0,0,0,0,0,0,0,0,0,0,0,0,0,0,0,0,0,0,0,0,0,0,0,0,0,0,0,0,0,0,0,0,0,0,0,0,0,0,0,0,0,0,0,1,0,0,0,13,0.0,1.0,0.0,0,0,0
33,0.12,0,255,0.02,0.0,0.01,0.25,1.0,65,0.0,0.0,1.0,0,0,0,0,0,0,1,0,0,0,0,0,0,0,0,neptune,0,0,0,0,0,0,0,0,0,0,1,0,0.0,0,0.36,1.0,0,0,0,0,0,0,0,0,0,0,0,0,0,0,0,0,0,0,0,0,0,1,0,0,0,0,0,0,0,0,0,0,0,0,0,0,0,0,0,0,0,0,0,0,0,0,0,0,0,0,0,0,0,0,0,0,0,0,0,0,0,0,0,0,0,0,0,0,0,0,0,12,0.0,0.0,1.0,0,0,0
1,0.0,0,34,0.0,0.88,0.03,1.0,0.0,255,0.16,0.98,0.0,0,0,1,0,0,0,0,0,0,0,0,0,0,0,0,normal,0,0,0,0,0,0,0,0,0,0,1,0,1.0,0,1.0,0.0,0,0,0,0,0,0,0,0,0,0,0,0,0,0,0,0,0,0,0,0,0,1,0,0,0,0,0,0,0,0,0,0,0,0,0,0,0,0,0,0,0,0,0,0,0,0,0,0,0,0,0,0,0,0,0,0,0,0,0,0,0,0,0,0,0,0,0,0,0,0,0,1,0.0,1.0,0.0,0,0,0
7,0.0,6162,163,0.0,0.33,0.01,1.0,0.0,255,0.02,0.29,0.0,0,0,0,0,0,0,0,0,0,0,1,0,0,0,0,normal,0,1,0,0,0,0,0,0,0,0,1,0,0.0,0,1.0,0.0,0,0,0,0,0,0,0,0,0,0,0,0,0,0,0,0,0,0,0,0,0,1,0,0,0,0,0,0,0,0,0,0,0,0,0,0,0,0,0,0,0,0,0,0,0,0,0,0,0,0,0,0,0,0,0,0,0,0,0,0,0,0,0,0,0,0,0,0,0,0,240,37,0.14,0.0,0.0,0,0,0
224,0.07,0,255,0.08,0.0,0.0,0.08,1.0,20,0.0,0.0,1.0,0,0,0,0,0,0,1,0,0,0,0,0,0,0,0,neptune,0,0,0,0,0,0,0,0,0,0,1,0,0.0,0,0.09,1.0,0,0,0,0,0,0,0,0,0,0,0,0,0,0,0,0,0,0,0,0,0,0,0,0,0,0,0,0,0,0,0,0,0,0,0,0,0,0,0,0,0,0,0,0,0,0,0,0,0,1,0,0,0,0,0,0,0,0,0,0,0,0,0,0,0,0,0,0,0,0,0,20,0.0,0.0,1.0,0,0,0
1,0.0,0,5,0.0,1.0,0.2,1.0,0.0,22,0.09,0.27,0.09,0,0,1,0,0,0,0,0,0,0,0,0,0,0,0,normal,0,0,0,0,0,0,0,0,0,0,1,0,1.0,0,1.0,0.0,0,0,0,0,0,0,0,0,0,0,0,0,0,0,0,0,0,0,0,0,0,1,0,0,0,0,0,0,0,0,0,0,0,0,0,0,0,0,0,0,0,0,0,0,0,0,0,0,0,0,0,0,0,0,0,0,0,0,0,0,0,0,0,0,0,0,0,0,0,0,0,1,0.0,1.0,0.0,0,0,0
1,0.0,0,2,0.0,0.0,1.0,1.0,0.0,50,0.5,0.0,0.0,0,0,0,0,0,0,0,0,0,0,1,0,0,0,0,ipsweep,0,0,0,0,0,0,0,0,0,1,0,0,0.0,0,1.0,0.0,0,0,0,0,0,0,0,0,0,0,0,1,0,0,0,0,0,0,0,0,0,0,0,0,0,0,0,0,0,0,0,0,0,0,0,0,0,0,0,0,0,0,0,0,0,0,0,0,0,0,0,0,0,0,0,0,0,0,0,0,0,0,0,0,0,0,0,0,0,0,8,45,1.0,0.0,0.0,0,0,0
3,0.0,1400,255,0.0,0.0,0.0,1.0,0.01,255,0.0,0.0,0.01,0,0,0,0,0,0,0,0,0,0,1,0,0,0,0,normal,0,1,0,0,0,0,0,0,0,0,1,0,0.0,0,1.0,0.33,0,0,0,0,0,0,0,0,0,0,0,0,0,0,0,0,0,0,0,0,0,1,0,0,0,0,0,0,0,0,0,0,0,0,0,0,0,0,0,0,0,0,0,0,0,0,0,0,0,0,0,0,0,0,0,0,0,0,0,0,0,0,0,0,0,0,0,0,0,0,212,3,0.0,0.0,0.33,0,0,0
8,0.0,766,8,0.0,0.0,0.12,1.0,0.0,255,0.02,0.0,0.0,0,0,0,0,0,0,0,0,0,0,1,0,0,0,0,normal,0,1,0,0,0,0,0,0,0,0,1,0,0.0,0,1.0,0.0,0,0,0,0,0,0,0,0,0,0,0,0,0,0,0,0,0,0,0,0,0,1,0,0,0,0,0,0,0,0,0,0,0,0,0,0,0,0,0,0,0,0,0,0,0,0,0,0,0,0,0,0,0,0,0,0,0,0,0,0,0,0,0,0,0,0,0,0,0,0,212,8,0.0,0.0,0.0,0,0,0
1,0.0,0,4,0.0,0.0,1.0,1.0,0.0,80,0.25,0.0,0.0,0,0,0,0,0,0,0,0,0,0,1,0,0,0,0,nmap,0,0,0,0,0,0,0,0,0,1,0,0,0.0,0,1.0,0.0,0,0,0,0,0,0,0,0,0,0,0,1,0,0,0,0,0,0,0,0,0,0,0,0,0,0,0,0,0,0,0,0,0,0,0,0,0,0,0,0,0,0,0,0,0,0,0,0,0,0,0,0,0,0,0,0,0,0,0,0,0,0,0,0,0,0,0,0,0,0,8,11,1.0,0.0,0.0,0,0,0
7,0.0,313,255,0.0,0.0,0.0,1.0,0.0,255,0.0,0.0,0.0,0,0,0,0,0,0,0,0,0,0,1,0,0,0,0,normal,0,1,0,0,0,0,0,0,0,0,1,0,0.0,0,1.0,0.14,0,0,0,0,0,0,0,0,0,0,0,0,0,0,0,0,0,0,0,0,0,1,0,0,0,0,0,0,0,0,0,0,0,0,0,0,0,0,0,0,0,0,0,0,0,0,0,0,0,0,0,0,0,0,0,0,0,0,0,0,0,0,0,0,0,0,0,0,0,0,217,8,0.25,0.0,0.12,0,0,0
65,0.0,108,255,0.0,0.0,0.0,1.0,0.0,255,0.0,0.0,0.0,0,0,0,0,0,0,0,0,0,0,1,0,0,0,0,normal,0,0,0,0,0,0,0,0,0,0,0,1,0.0,0,1.0,0.0,0,0,0,0,0,0,0,0,0,1,0,0,0,0,0,0,0,0,0,0,0,0,0,0,0,0,0,0,0,0,0,0,0,0,0,0,0,0,0,0,0,0,0,0,0,0,0,0,0,0,0,0,0,0,0,0,0,0,0,0,0,0,0,0,0,0,0,0,0,0,42,144,0.01,0.0,0.0,0,0,0
18,0.0,1783,18,0.0,0.0,0.06,1.0,0.0,255,0.05,0.0,0.0,0,0,0,0,0,0,0,0,0,0,1,0,0,0,0,normal,0,1,0,0,0,0,0,0,0,0,1,0,0.0,0,1.0,0.0,0,0,0,0,0,0,0,0,0,0,0,0,0,0,0,0,0,0,0,0,0,1,0,0,0,0,0,0,0,0,0,0,0,0,0,0,0,0,0,0,0,0,0,0,0,0,0,0,0,0,0,0,0,0,0,0,0,0,0,0,0,0,0,0,0,0,0,0,0,0,209,38,0.08,0.0,0.0,0,0,0
140,0.06,0,255,0.07,0.0,0.0,0.06,1.0,15,0.0,0.0,1.0,0,0,0,0,0,0,1,0,0,0,0,0,0,0,0,neptune,0,0,0,0,0,0,0,0,0,0,1,0,0.0,0,0.11,1.0,0,0,0,0,0,0,0,0,0,0,0,0,0,0,1,0,0,0,0,0,0,0,0,0,0,0,0,0,0,0,0,0,0,0,0,0,0,0,0,0,0,0,0,0,0,0,0,0,0,0,0,0,0,0,0,0,0,0,0,0,0,0,0,0,0,0,0,0,0,0,0,15,0.0,0.0,1.0,0,0,0
1,0.0,717,4,0.0,0.0,0.25,1.0,0.0,255,0.03,0.0,0.01,0,0,0,0,0,0,0,0,0,0,1,0,0,0,0,normal,0,1,0,0,0,0,0,0,0,0,1,0,0.0,0,1.0,0.0,0,0,0,0,0,0,0,0,0,0,0,0,0,0,0,0,0,0,0,0,0,1,0,0,0,0,0,0,0,0,0,0,0,0,0,0,0,0,0,0,0,0,0,0,0,0,0,0,0,0,0,0,0,0,0,0,0,0,0,0,0,0,0,0,0,0,0,0,0,0,168,1,0.0,0.0,0.0,0,0,0
63,0.03,0,255,0.02,0.57,0.24,0.24,0.0,62,0.0,0.0,0.0,0,0,0,0,0,0,0,0,0,0,1,0,0,0,0,teardrop,0,0,0,0,0,0,0,0,0,0,0,1,0.02,0,0.98,0.0,0,0,0,0,0,0,0,0,0,0,0,0,0,0,0,0,0,0,0,0,0,0,0,0,0,0,0,0,0,0,0,0,0,0,0,0,0,0,0,0,0,0,0,0,0,0,0,1,0,0,0,0,0,0,0,0,0,0,0,0,0,0,0,0,0,0,0,0,0,0,28,62,0.0,0.0,0.0,0,0,3
11,0.0,2422,11,0.0,0.0,0.09,1.0,0.0,255,0.06,0.0,0.0,0,0,0,0,0,0,0,0,0,0,1,0,0,0,0,normal,0,1,0,0,0,0,0,0,0,0,1,0,0.0,0,1.0,0.0,0,0,0,0,0,0,0,0,0,0,0,0,0,0,0,0,0,0,0,0,0,1,0,0,0,0,0,0,0,0,0,0,0,0,0,0,0,0,0,0,0,0,0,0,0,0,0,0,0,0,0,0,0,0,0,0,0,0,0,0,0,0,0,0,0,0,0,0,0,0,271,11,0.0,0.0,0.0,0,0,0
1,0.0,268,199,0.02,0.03,0.01,0.02,0.0,5,0.4,0.0,0.0,0,0,0,0,0,0,0,0,0,0,1,0,0,0,0,normal,0,0,0,0,0,0,0,0,0,0,1,0,0.0,0,1.0,0.0,0,0,0,0,0,0,0,0,0,0,0,0,0,0,0,1,0,0,0,0,0,0,0,0,0,0,0,0,0,0,0,0,0,0,0,0,0,0,0,0,0,0,0,0,0,0,0,0,0,0,0,0,0,0,0,0,0,0,0,0,0,0,0,0,0,0,0,0,0,0,9,1,0.0,0.0,0.0,0,0,0
3,0.0,2698,255,0.02,0.0,0.0,0.94,0.0,239,0.0,0.0,0.0,0,0,0,0,0,0,0,0,0,0,1,0,0,0,0,normal,0,1,1,0,0,0,0,0,0,0,1,0,0.0,0,1.0,0.0,0,0,0,0,0,0,0,0,0,0,0,0,0,0,0,0,0,0,0,0,0,1,0,0,0,0,0,0,0,0,0,0,0,0,0,0,0,0,0,0,0,0,0,0,0,0,0,0,0,0,0,0,0,0,0,0,0,0,0,0,0,0,0,0,0,0,0,0,0,0,235,4,0.5,0.25,0.0,0,0,0
41,0.0,613,255,0.0,0.0,0.0,1.0,0.0,255,0.0,0.0,0.0,0,0,0,0,0,0,0,0,0,0,1,0,0,0,0,normal,0,1,0,0,0,0,0,0,0,0,1,0,0.0,0,1.0,0.0,0,0,0,0,0,0,0,0,0,0,0,0,0,0,0,0,0,0,0,0,0,1,0,0,0,0,0,0,0,0,0,0,0,0,0,0,0,0,0,0,0,0,0,0,0,0,0,0,0,0,0,0,0,0,0,0,0,0,0,0,0,0,0,0,0,0,0,0,0,0,268,41,0.0,0.0,0.0,0,0,0
12,0.0,1713,129,0.0,0.0,0.01,1.0,0.0,255,0.03,0.0,0.0,0,0,0,0,0,0,0,0,0,0,1,0,0,0,0,normal,0,1,0,0,0,0,0,0,0,0,1,0,0.0,0,1.0,0.0,0,0,0,0,0,0,0,0,0,0,0,0,0,0,0,0,0,0,0,0,0,1,0,0,0,0,0,0,0,0,0,0,0,0,0,0,0,0,0,0,0,0,0,0,0,0,0,0,0,0,0,0,0,0,0,0,0,0,0,0,0,0,0,0,0,0,0,0,0,0,244,12,0.0,0.0,0.0,0,0,0
1,0.0,333,157,0.04,0.0,0.01,0.74,0.0,142,0.01,0.0,0.0,1,0,0,0,0,0,0,0,0,0,1,0,0,0,0,normal,0,1,0,0,0,0,0,0,0,0,1,0,0.0,0,1.0,0.0,0,0,0,0,0,0,0,0,0,0,0,0,0,0,0,0,0,0,0,0,0,0,0,0,0,0,0,0,0,0,0,0,0,0,0,0,0,0,0,0,0,0,0,0,0,0,0,0,0,0,0,0,1,0,0,0,0,0,0,0,0,0,0,0,0,0,0,0,0,0,4764,1,0.0,0.0,0.0,0,0,0
23,0.0,1417,255,0.0,0.0,0.0,1.0,0.0,255,0.0,0.0,0.0,0,0,0,0,0,0,0,0,0,0,1,0,0,0,0,normal,0,1,0,0,0,0,0,0,0,0,1,0,0.0,0,1.0,0.0,0,0,0,0,0,0,0,0,0,0,0,0,0,0,0,0,0,0,0,0,0,1,0,0,0,0,0,0,0,0,0,0,0,0,0,0,0,0,0,0,0,0,0,0,0,0,0,0,0,0,0,0,0,0,0,0,0,0,0,0,0,0,0,0,0,0,0,0,0,0,347,23,0.0,0.0,0.0,0,0,0
4,0.0,12884,255,0.0,0.0,0.0,1.0,0.0,255,0.0,0.0,0.0,0,0,0,0,0,0,0,0,0,0,1,0,0,0,0,normal,0,1,0,0,0,0,0,0,0,0,1,0,0.0,0,1.0,0.0,0,0,0,0,0,0,0,0,0,0,0,0,0,0,0,0,0,0,0,0,0,1,0,0,0,0,0,0,0,0,0,0,0,0,0,0,0,0,0,0,0,0,0,0,0,0,0,0,0,0,0,0,0,0,0,0,0,0,0,0,0,0,0,0,0,0,0,0,0,0,300,4,0.0,0.0,0.0,0,0,0
253,0.06,0,255,0.07,0.0,0.0,0.01,1.0,2,0.0,0.0,1.0,0,0,0,0,0,0,1,0,0,0,0,0,0,0,0,neptune,0,0,0,0,0,0,0,0,0,0,1,0,0.0,0,0.02,1.0,0,0,0,0,0,0,0,0,0,0,0,0,0,0,0,0,0,0,0,0,0,0,0,0,0,0,0,0,0,0,0,0,0,0,0,0,0,0,0,0,0,0,0,0,0,0,0,1,0,0,0,0,0,0,0,0,0,0,0,0,0,0,0,0,0,0,0,0,0,0,0,6,0.0,0.0,1.0,0,0,0
2,1.0,93,255,0.02,0.0,0.0,0.96,0.0,246,0.0,0.0,0.0,4,0,0,0,0,0,0,0,0,0,1,0,0,0,0,guess_passwd,0,1,0,0,0,0,0,0,0,0,1,0,0.0,0,0.5,0.0,0,0,0,0,0,0,0,0,0,0,0,0,0,0,0,0,0,0,0,0,0,0,0,0,0,0,0,0,0,0,0,0,0,0,0,0,0,0,0,0,0,0,0,0,0,1,0,0,0,0,0,0,0,0,0,0,0,0,0,0,0,0,0,0,0,0,0,0,0,0,28,1,0.0,0.0,0.0,0,0,0
32,0.0,193,255,0.0,0.0,0.0,1.0,0.0,255,0.0,0.0,0.0,0,0,0,0,0,0,0,0,0,0,1,0,0,0,0,normal,0,1,0,0,0,0,0,0,0,0,1,0,0.0,0,1.0,0.0,0,0,0,0,0,0,0,0,0,0,0,0,0,0,0,0,0,0,0,0,0,1,0,0,0,0,0,0,0,0,0,0,0,0,0,0,0,0,0,0,0,0,0,0,0,0,0,0,0,0,0,0,0,0,0,0,0,0,0,0,0,0,0,0,0,0,0,0,0,0,222,32,0.0,0.0,0.0,0,0,0
146,0.05,0,255,0.07,0.0,0.0,0.07,1.0,18,0.0,0.0,1.0,0,0,0,0,0,0,1,0,0,0,0,0,0,0,0,neptune,0,0,0,0,0,0,0,0,0,0,1,0,0.0,0,0.12,1.0,0,0,0,0,0,0,0,0,0,0,0,0,0,0,0,0,0,0,0,0,0,0,0,0,0,0,0,0,0,0,0,0,0,0,0,0,0,0,0,0,0,0,0,0,0,0,0,0,0,0,0,1,0,0,0,0,0,0,0,0,0,0,0,0,0,0,0,0,0,0,0,18,0.0,0.0,1.0,0,0,0
5,0.6,0,255,0.2,0.0,0.37,0.0,0.0,1,0.0,0.0,0.0,0,0,0,0,0,0,0,0,0,0,1,0,0,0,0,normal,0,0,0,0,0,0,0,0,0,0,0,1,0.0,0,0.2,0.0,0,0,0,0,0,0,0,0,0,0,0,0,0,0,0,0,0,0,0,0,0,0,0,0,0,0,0,0,0,0,0,0,0,0,0,0,0,0,0,0,0,0,1,0,0,0,0,0,0,0,0,0,0,0,0,0,0,0,0,0,0,0,0,0,0,0,0,0,0,0,147,1,0.0,0.0,0.0,0,0,0
105,0.07,0,6,0.0,1.0,0.17,1.0,0.0,6,0.0,1.0,0.0,0,0,1,0,0,0,0,0,0,0,0,0,0,0,0,neptune,0,0,0,0,0,0,0,0,0,0,1,0,1.0,0,0.06,0.0,0,0,0,0,0,0,0,0,0,0,0,0,0,0,0,0,0,0,0,0,0,0,0,0,0,0,0,0,0,0,0,0,0,0,0,0,0,0,0,0,0,0,0,0,0,0,0,1,0,0,0,0,0,0,0,0,0,0,0,0,0,0,0,0,0,0,0,0,0,0,0,6,0.0,1.0,0.0,0,0,0
10,0.0,2086,146,0.0,0.0,0.01,1.0,0.0,255,0.02,0.04,0.0,0,0,0,0,0,0,0,0,0,0,1,0,0,0,0,normal,0,1,0,0,0,0,0,0,0,0,1,0,0.0,0,1.0,0.0,0,0,0,0,0,0,0,0,0,0,0,0,0,0,0,0,0,0,0,0,0,1,0,0,0,0,0,0,0,0,0,0,0,0,0,0,0,0,0,0,0,0,0,0,0,0,0,0,0,0,0,0,0,0,0,0,0,0,0,0,0,0,0,0,0,0,0,0,0,0,337,18,0.11,0.0,0.0,0,0,0
1,0.0,375,93,0.05,0.0,0.01,0.39,0.0,132,0.02,0.0,0.0,0,0,0,0,0,0,0,0,0,0,1,0,0,0,0,normal,0,1,0,0,0,0,0,0,0,0,1,0,0.0,0,1.0,0.0,0,0,0,0,0,0,0,0,0,0,0,0,0,0,0,0,0,0,0,0,0,0,0,0,0,0,0,0,0,0,0,0,0,0,0,0,0,0,0,0,0,0,0,0,0,0,0,0,0,0,0,0,1,0,0,0,0,0,0,0,0,0,0,0,0,0,0,0,0,0,7780,1,0.0,0.0,0.0,0,0,0
1,0.0,105,255,0.64,0.0,0.95,0.01,0.0,2,0.0,0.0,0.0,4415,0,0,0,0,0,0,0,0,0,1,0,0,0,0,normal,0,0,0,0,0,0,0,0,0,0,0,1,0.0,0,1.0,0.0,0,0,0,0,0,0,0,0,0,0,0,0,0,0,0,0,0,0,0,0,0,0,0,0,0,0,0,0,0,0,0,0,0,0,0,0,0,0,0,0,0,0,1,0,0,0,0,0,0,0,0,0,0,0,0,0,0,0,0,0,0,0,0,0,0,0,0,0,0,0,145,1,0.0,0.0,0.0,0,0,0
2,0.0,8314,255,0.0,0.03,0.0,1.0,0.01,255,0.0,0.03,0.01,0,0,0,0,0,0,0,0,0,0,1,0,2,0,0,back,0,1,0,1,0,0,0,0,0,0,1,0,0.0,0,1.0,0.5,0,0,0,0,0,0,0,0,0,0,0,0,0,0,0,0,0,0,0,0,0,1,0,0,0,0,0,0,0,0,0,0,0,0,0,0,0,0,0,0,0,0,0,0,0,0,0,0,0,0,0,0,0,0,0,0,0,0,0,0,0,0,0,0,0,0,0,0,0,0,54540,2,0.0,0.0,0.5,0,0,0
1,0.0,23387,1,0.0,0.0,1.0,1.0,0.0,255,0.05,0.0,0.0,0,0,0,0,0,0,0,0,0,0,1,0,0,0,0,normal,0,1,0,0,0,0,0,0,0,0,1,0,0.0,0,1.0,0.0,0,0,0,0,0,0,0,0,0,0,0,0,0,0,0,0,0,0,0,0,0,1,0,0,0,0,0,0,0,0,0,0,0,0,0,0,0,0,0,0,0,0,0,0,0,0,0,0,0,0,0,0,0,0,0,0,0,0,0,0,0,0,0,0,0,0,0,0,0,0,234,1,0.0,0.0,0.0,0,0,0
14,0.0,254,14,0.0,0.0,0.07,1.0,0.0,255,0.06,0.0,0.0,0,0,0,0,0,0,0,0,0,0,1,0,0,0,0,normal,0,1,0,0,0,0,0,0,0,0,1,0,0.0,0,1.0,0.0,0,0,0,0,0,0,0,0,0,0,0,0,0,0,0,0,0,0,0,0,0,1,0,0,0,0,0,0,0,0,0,0,0,0,0,0,0,0,0,0,0,0,0,0,0,0,0,0,0,0,0,0,0,0,0,0,0,0,0,0,0,0,0,0,0,0,0,0,0,0,204,15,0.13,0.0,0.0,0,0,0
247,0.06,0,255,0.07,0.0,0.0,0.02,1.0,4,0.0,0.0,1.0,0,0,0,0,0,0,1,0,0,0,0,0,0,0,0,neptune,0,0,0,0,0,0,0,0,0,0,1,0,0.0,0,0.02,1.0,0,0,0,0,0,0,0,0,0,0,0,0,0,0,0,0,0,0,0,0,0,0,0,0,0,0,0,0,0,0,0,0,0,0,0,0,0,0,0,0,0,0,0,0,0,0,0,1,0,0,0,0,0,0,0,0,0,0,0,0,0,0,0,0,0,0,0,0,0,0,0,4,0.0,0.0,1.0,0,0,0
10,0.0,770,255,0.0,0.0,0.0,1.0,0.0,255,0.0,0.0,0.0,0,0,0,0,0,0,0,0,0,0,1,0,0,0,0,normal,0,1,0,0,0,0,0,0,0,0,1,0,0.0,0,1.0,0.0,0,0,0,0,0,0,0,0,0,0,0,0,0,0,0,0,0,0,0,0,0,1,0,0,0,0,0,0,0,0,0,0,0,0,0,0,0,0,0,0,0,0,0,0,0,0,0,0,0,0,0,0,0,0,0,0,0,0,0,0,0,0,0,0,0,0,0,0,0,0,229,14,0.14,0.0,0.0,0,0,0
55,0.0,0,255,0.04,0.0,0.22,0.22,0.02,55,0.0,0.0,0.0,0,0,0,0,0,0,0,0,0,0,1,0,0,0,0,teardrop,0,0,0,0,0,0,0,0,0,0,0,1,0.0,0,1.0,0.0,0,0,0,0,0,0,0,0,0,0,0,0,0,0,0,0,0,0,0,0,0,0,0,0,0,0,0,0,0,0,0,0,0,0,0,0,0,0,0,0,0,0,0,0,0,0,0,1,0,0,0,0,0,0,0,0,0,0,0,0,0,0,0,0,0,0,0,0,0,0,28,55,0.0,0.0,0.0,0,0,3
11,0.0,3377,9,0.0,0.0,0.11,1.0,0.0,255,0.06,0.0,0.0,0,0,0,0,0,0,0,0,0,0,1,0,0,0,0,normal,0,1,0,0,0,0,0,0,0,0,1,0,0.0,0,1.0,0.09,0,0,0,0,0,0,0,0,0,0,0,0,0,0,0,0,0,0,0,0,0,1,0,0,0,0,0,0,0,0,0,0,0,0,0,0,0,0,0,0,0,0,0,0,0,0,0,0,0,0,0,0,0,0,0,0,0,0,0,0,0,0,0,0,0,0,0,0,0,0,223,14,0.14,0.0,0.07,0,0,0
1,0.0,8544,4,0.0,0.0,0.25,1.0,0.25,78,0.1,0.0,0.01,0,0,0,0,0,0,0,0,0,0,1,0,0,0,0,normal,0,1,0,0,0,0,0,0,0,0,1,0,0.0,0,1.0,0.0,0,0,0,0,0,0,0,0,0,0,0,0,0,0,0,0,0,0,0,0,0,1,0,0,0,0,0,0,0,0,0,0,0,0,0,0,0,0,0,0,0,0,0,0,0,0,0,0,0,0,0,0,0,0,0,0,0,0,0,0,0,0,0,0,0,0,0,0,0,0,282,12,0.25,0.0,0.0,0,0,0
1,0.0,333,255,0.03,0.0,0.0,0.7,0.0,178,0.0,0.0,0.0,1,0,0,0,0,0,0,0,0,0,1,0,0,0,0,normal,0,1,0,0,0,0,0,0,0,0,1,0,0.0,0,1.0,0.0,0,0,0,0,0,0,0,0,0,0,0,0,0,0,0,0,0,0,0,0,0,0,0,0,0,0,0,0,0,0,0,0,0,0,0,0,0,0,0,0,0,0,0,0,0,0,0,0,0,0,0,0,1,0,0,0,0,0,0,0,0,0,0,0,0,0,0,0,0,0,1022,2,1.0,0.0,0.0,0,0,0
1,0.0,1154,74,0.05,0.0,0.01,0.15,0.0,11,0.0,0.0,0.0,86,0,0,0,0,0,0,0,0,0,1,0,0,0,0,normal,0,1,0,0,3,0,0,0,0,0,1,0,0.0,0,1.0,0.0,0,0,0,0,0,0,0,0,0,0,0,0,0,0,0,0,0,0,0,0,0,0,0,0,0,0,0,0,0,0,0,0,0,0,0,0,0,0,0,0,0,0,0,0,0,0,0,0,0,0,0,0,0,0,0,0,0,0,1,0,0,0,0,0,0,0,0,0,0,0,161,1,0.0,0.0,0.0,0,0,0
1,0.0,0,17,0.0,0.0,1.0,1.0,0.0,123,0.44,0.0,0.0,0,0,0,0,0,0,0,0,0,0,1,0,0,0,0,normal,0,0,0,0,0,0,0,0,0,1,0,0,0.0,0,1.0,0.0,0,0,0,0,0,0,0,0,0,0,0,1,0,0,0,0,0,0,0,0,0,0,0,0,0,0,0,0,0,0,0,0,0,0,0,0,0,0,0,0,0,0,0,0,0,0,0,0,0,0,0,0,0,0,0,0,0,0,0,0,0,0,0,0,0,0,0,0,0,0,30,1,0.0,0.0,0.0,0,0,0
38,0.11,0,255,0.04,0.0,0.01,0.24,1.0,60,0.0,0.0,1.0,0,0,0,0,0,0,1,0,0,0,0,0,0,0,0,neptune,0,0,0,0,0,0,0,0,0,0,1,0,0.0,0,0.29,1.0,0,0,0,0,0,0,0,0,0,0,0,0,0,0,0,1,0,0,0,0,0,0,0,0,0,0,0,0,0,0,0,0,0,0,0,0,0,0,0,0,0,0,0,0,0,0,0,0,0,0,0,0,0,0,0,0,0,0,0,0,0,0,0,0,0,0,0,0,0,0,0,11,0.0,0.0,1.0,0,0,0
21,0.0,9986,21,0.0,0.0,0.05,1.0,0.0,255,0.01,0.0,0.0,0,0,0,0,0,0,0,0,0,0,1,0,0,0,0,normal,0,1,0,0,0,0,0,0,0,0,1,0,0.0,0,1.0,0.0,0,0,0,0,0,0,0,0,0,0,0,0,0,0,0,0,0,0,0,0,0,1,0,0,0,0,0,0,0,0,0,0,0,0,0,0,0,0,0,0,0,0,0,0,0,0,0,0,0,0,0,0,0,0,0,0,0,0,0,0,0,0,0,0,0,0,0,0,0,0,220,31,0.1,0.0,0.0,0,0,0
10,0.0,362,121,0.0,0.0,0.01,1.0,0.0,255,0.04,0.0,0.0,0,0,0,0,0,0,0,0,0,0,1,0,0,0,0,normal,0,1,0,0,0,0,0,0,0,0,1,0,0.0,0,1.0,0.0,0,0,0,0,0,0,0,0,0,0,0,0,0,0,0,0,0,0,0,0,0,1,0,0,0,0,0,0,0,0,0,0,0,0,0,0,0,0,0,0,0,0,0,0,0,0,0,0,0,0,0,0,0,0,0,0,0,0,0,0,0,0,0,0,0,0,0,0,0,0,230,18,0.17,0.0,0.0,0,0,0
127,0.06,0,255,0.07,0.0,0.0,0.02,1.0,6,0.0,0.0,1.0,0,0,0,0,0,0,1,0,0,0,0,0,0,0,0,neptune,0,0,0,0,0,0,0,0,0,0,1,0,0.0,0,0.14,1.0,0,0,0,0,1,0,0,0,0,0,0,0,0,0,0,0,0,0,0,0,0,0,0,0,0,0,0,0,0,0,0,0,0,0,0,0,0,0,0,0,0,0,0,0,0,0,0,0,0,0,0,0,0,0,0,0,0,0,0,0,0,0,0,0,0,0,0,0,0,0,0,18,0.0,0.0,1.0,0,0,0
1,0.0,0,255,0.75,0.73,0.74,0.0,0.0,1,0.0,1.0,0.0,0,0,0,0,0,1,0,0,0,0,0,0,0,0,0,portsweep,0,0,0,0,0,0,0,0,0,0,1,0,1.0,0,1.0,0.0,0,0,0,0,0,0,0,0,0,0,0,0,0,0,0,0,0,0,0,0,0,0,0,0,0,0,0,0,0,0,0,0,0,0,0,0,0,0,0,0,0,0,0,0,0,0,0,1,0,0,0,0,0,0,0,0,0,0,0,0,0,0,0,0,0,0,0,0,0,0,0,1,0.0,1.0,0.0,0,0,0
210,0.06,0,255,0.07,1.0,0.0,0.07,0.0,17,0.0,1.0,0.0,0,0,1,0,0,0,0,0,0,0,0,0,0,0,0,neptune,0,0,0,0,0,0,0,0,0,0,1,0,1.0,0,0.08,0.0,0,0,0,0,0,0,0,0,0,0,0,0,0,0,0,0,0,0,0,0,0,0,0,0,0,0,0,1,0,0,0,0,0,0,0,0,0,0,0,0,0,0,0,0,0,0,0,0,0,0,0,0,0,0,0,0,0,0,0,0,0,0,0,0,0,0,0,0,0,0,0,17,0.0,1.0,0.0,0,0,0
119,0.07,0,255,0.07,0.0,0.0,0.02,1.0,4,0.0,0.0,1.0,0,0,0,0,0,0,1,0,0,0,0,0,0,0,0,neptune,0,0,0,0,0,0,0,0,0,0,1,0,0.0,0,0.03,1.0,0,0,0,0,0,0,0,0,0,0,0,0,0,0,0,0,0,0,0,0,0,0,0,0,0,0,0,0,0,0,0,0,0,0,0,0,0,0,0,0,0,0,0,0,0,0,0,0,0,0,0,0,0,0,0,0,0,0,0,0,0,0,0,0,0,1,0,0,0,0,0,4,0.0,0.0,1.0,0,0,0
1,0.0,0,2,0.0,0.0,1.0,1.0,0.0,254,0.5,0.0,0.0,0,0,0,0,0,0,0,0,0,0,1,0,0,0,0,ipsweep,0,0,0,0,0,0,0,0,0,1,0,0,0.0,0,1.0,0.0,0,0,0,0,0,0,0,0,0,0,0,1,0,0,0,0,0,0,0,0,0,0,0,0,0,0,0,0,0,0,0,0,0,0,0,0,0,0,0,0,0,0,0,0,0,0,0,0,0,0,0,0,0,0,0,0,0,0,0,0,0,0,0,0,0,0,0,0,0,0,8,5,1.0,0.0,0.0,0,0,0
102,0.08,0,255,0.06,0.0,0.0,0.08,1.0,20,0.0,0.0,1.0,0,0,0,0,0,0,1,0,0,0,0,0,0,0,0,neptune,0,0,0,0,0,0,0,0,0,0,1,0,0.0,0,0.04,1.0,0,0,0,0,0,0,0,0,0,0,0,0,0,0,0,0,0,0,0,0,0,0,0,0,0,0,0,0,0,0,0,0,0,0,0,0,0,0,0,0,0,0,0,0,0,0,0,1,0,0,0,0,0,0,0,0,0,0,0,0,0,0,0,0,0,0,0,0,0,0,0,4,0.0,0.0,1.0,0,0,0
7,0.0,531,203,0.0,0.0,0.01,1.0,0.0,255,0.01,0.0,0.0,0,0,0,0,0,0,0,0,0,0,1,0,0,0,0,normal,0,1,0,0,0,0,0,0,0,0,1,0,0.0,0,1.0,0.0,0,0,0,0,0,0,0,0,0,0,0,0,0,0,0,0,0,0,0,0,0,1,0,0,0,0,0,0,0,0,0,0,0,0,0,0,0,0,0,0,0,0,0,0,0,0,0,0,0,0,0,0,0,0,0,0,0,0,0,0,0,0,0,0,0,0,0,0,0,0,239,7,0.0,0.0,0.0,0,0,0
30,0.0,1492,255,0.0,0.0,0.0,1.0,0.0,255,0.0,0.0,0.0,0,0,0,0,0,0,0,0,0,0,1,0,0,0,0,normal,0,1,0,0,0,0,0,0,0,0,1,0,0.0,0,1.0,0.0,0,0,0,0,0,0,0,0,0,0,0,0,0,0,0,0,0,0,0,0,0,1,0,0,0,0,0,0,0,0,0,0,0,0,0,0,0,0,0,0,0,0,0,0,0,0,0,0,0,0,0,0,0,0,0,0,0,0,0,0,0,0,0,0,0,0,0,0,0,0,307,30,0.0,0.0,0.0,0,0,0
1,0.0,0,188,0.0,0.0,1.0,1.0,0.0,188,0.0,0.0,0.0,0,0,0,0,0,0,0,0,0,0,1,0,0,0,0,normal,0,0,0,0,0,0,0,0,0,1,0,0,0.0,0,1.0,0.0,0,0,0,0,0,0,0,0,0,0,0,1,0,0,0,0,0,0,0,0,0,0,0,0,0,0,0,0,0,0,0,0,0,0,0,0,0,0,0,0,0,0,0,0,0,0,0,0,0,0,0,0,0,0,0,0,0,0,0,0,0,0,0,0,0,0,0,0,0,0,30,1,0.0,0.0,0.0,0,0,0
37,0.0,419,255,0.0,0.0,0.01,1.0,0.0,255,0.0,0.0,0.0,0,0,0,0,0,0,0,0,0,0,1,0,0,0,0,normal,0,1,0,0,0,0,0,0,0,0,1,0,0.0,0,1.0,0.0,0,0,0,0,0,0,0,0,0,0,0,0,0,0,0,0,0,0,0,0,0,1,0,0,0,0,0,0,0,0,0,0,0,0,0,0,0,0,0,0,0,0,0,0,0,0,0,0,0,0,0,0,0,0,0,0,0,0,0,0,0,0,0,0,0,0,0,0,0,0,221,37,0.0,0.0,0.0,0,0,0
144,0.06,0,255,0.07,1.0,0.0,0.04,0.0,9,0.0,1.0,0.0,0,0,0,1,0,0,0,0,0,0,0,0,0,0,0,neptune,0,0,0,0,0,0,0,0,0,0,1,0,1.0,0,0.06,0.0,0,0,0,0,0,0,0,0,0,0,0,0,0,0,0,0,0,0,0,0,0,0,0,0,0,0,0,0,0,0,0,0,1,0,0,0,0,0,0,0,0,0,0,0,0,0,0,0,0,0,0,0,0,0,0,0,0,0,0,0,0,0,0,0,0,0,0,0,0,0,0,9,0.0,1.0,0.0,0,0,0
1,0.0,331,20,0.15,0.0,0.05,0.9,0.0,178,0.01,0.0,0.0,0,0,0,0,0,0,0,0,0,0,1,0,0,0,0,normal,0,1,0,0,0,0,0,0,0,0,1,0,0.0,0,1.0,0.0,0,0,0,0,0,0,0,0,0,0,0,0,0,0,0,0,0,0,0,0,0,0,0,0,0,0,0,0,0,0,0,0,0,0,0,0,0,0,0,0,0,0,0,0,0,0,0,0,0,0,0,0,1,0,0,0,0,0,0,0,0,0,0,0,0,0,0,0,0,0,1107,1,0.0,0.0,0.0,0,0,0
195,0.08,0,255,0.07,0.0,0.0,0.03,1.0,8,0.0,0.0,1.0,0,0,0,0,0,0,1,0,0,0,0,0,0,0,0,neptune,0,0,0,0,0,0,0,0,0,0,1,0,0.0,0,0.04,1.0,0,0,0,0,0,0,0,0,0,0,0,0,0,0,0,0,0,0,0,0,0,0,0,0,0,0,0,0,0,0,0,0,0,0,0,0,0,0,0,0,0,0,0,0,0,0,0,0,0,0,0,0,0,0,0,0,1,0,0,0,0,0,0,0,0,0,0,0,0,0,0,8,0.0,0.0,1.0,0,0,0
1,0.0,326,70,0.07,0.04,0.01,0.47,0.0,169,0.02,0.06,0.01,0,0,0,0,0,0,0,0,0,0,1,0,0,0,0,normal,0,1,0,0,0,0,0,0,0,0,1,0,0.0,0,1.0,0.0,0,0,0,0,0,0,0,0,0,0,0,0,0,0,0,0,0,0,0,0,0,0,0,0,0,0,0,0,0,0,0,0,0,0,0,0,0,0,0,0,0,0,0,0,0,0,0,0,0,0,0,0,1,0,0,0,0,0,0,0,0,0,0,0,0,0,0,0,0,0,814,1,0.0,0.0,0.0,0,0,0
4,0.0,4771,4,0.0,0.0,0.25,1.0,0.25,255,0.02,0.03,0.01,0,0,0,0,0,0,0,0,0,0,1,0,0,0,0,normal,0,1,0,0,0,0,0,0,0,0,1,0,0.0,0,1.0,0.25,0,0,0,0,0,0,0,0,0,0,0,0,0,0,0,0,0,0,0,0,0,1,0,0,0,0,0,0,0,0,0,0,0,0,0,0,0,0,0,0,0,0,0,0,0,0,0,0,0,0,0,0,0,0,0,0,0,0,0,0,0,0,0,0,0,0,0,0,0,0,323,4,0.0,0.0,0.25,0,0,0
26,0.0,623,28,0.0,0.0,0.04,1.0,0.0,255,0.02,0.0,0.0,0,0,0,0,0,0,0,0,0,0,1,0,0,0,0,normal,0,1,0,0,0,0,0,0,0,0,1,0,0.0,0,1.0,0.0,0,0,0,0,0,0,0,0,0,0,0,0,0,0,0,0,0,0,0,0,0,1,0,0,0,0,0,0,0,0,0,0,0,0,0,0,0,0,0,0,0,0,0,0,0,0,0,0,0,0,0,0,0,0,0,0,0,0,0,0,0,0,0,0,0,0,0,0,0,0,170,26,0.0,0.0,0.0,0,0,0
100,0.06,0,255,0.05,0.0,0.0,0.03,1.0,8,0.0,0.0,1.0,0,0,0,0,0,0,1,0,0,0,0,0,0,0,0,neptune,0,0,0,0,0,0,0,0,0,0,1,0,0.0,0,0.08,1.0,0,0,0,0,0,0,0,0,0,0,0,0,0,0,0,0,0,0,0,0,0,0,0,0,0,0,0,0,0,0,0,0,0,0,0,0,0,0,0,0,0,0,0,0,0,0,0,1,0,0,0,0,0,0,0,0,0,0,0,0,0,0,0,0,0,0,0,0,0,0,0,8,0.0,0.0,1.0,0,0,0
375,0.52,0,255,0.52,1.0,1.0,0.01,0.0,2,0.0,1.0,0.0,1,0,0,0,0,1,0,0,0,0,0,0,0,0,0,portsweep,0,0,0,0,0,0,0,0,0,0,1,0,1.0,0,0.01,0.0,0,0,0,0,0,0,0,0,0,0,0,0,0,0,0,0,0,0,0,0,0,0,0,0,0,0,0,0,0,0,0,0,0,0,0,0,0,0,0,0,0,0,0,0,0,0,0,1,0,0,0,0,0,0,0,0,0,0,0,0,0,0,0,0,0,0,0,0,0,0,0,2,0.0,1.0,0.0,0,0,0
2,1.0,0,255,0.77,0.76,0.76,0.0,0.0,1,0.0,1.0,0.0,0,0,1,0,0,0,0,0,0,0,0,0,0,0,0,portsweep,0,0,0,0,0,0,0,0,0,0,1,0,1.0,0,0.5,0.0,0,0,0,0,0,0,0,0,0,0,0,0,0,0,0,0,0,0,0,0,0,0,0,0,0,0,0,0,0,0,0,0,0,0,0,0,0,0,0,0,0,0,0,0,0,0,0,1,0,0,0,0,0,0,0,0,0,0,0,0,0,0,0,0,0,0,0,0,0,0,0,1,0.0,1.0,0.0,0,0,0
35,0.0,1233,255,0.0,0.0,0.0,1.0,0.0,255,0.0,0.0,0.0,0,0,0,0,0,0,0,0,0,0,1,0,0,0,0,normal,0,1,0,0,0,0,0,0,0,0,1,0,0.0,0,1.0,0.0,0,0,0,0,0,0,0,0,0,0,0,0,0,0,0,0,0,0,0,0,0,1,0,0,0,0,0,0,0,0,0,0,0,0,0,0,0,0,0,0,0,0,0,0,0,0,0,0,0,0,0,0,0,0,0,0,0,0,0,0,0,0,0,0,0,0,0,0,0,0,274,46,0.13,0.0,0.0,0,0,0
8,0.0,275,127,0.02,0.0,0.01,0.94,0.0,119,0.0,0.0,0.0,0,0,0,0,0,0,0,0,0,0,1,0,0,0,0,normal,0,1,0,0,0,0,0,0,0,0,1,0,0.0,0,1.0,0.0,0,0,0,0,0,0,0,0,0,0,0,0,0,0,0,0,0,0,0,0,0,1,0,0,0,0,0,0,0,0,0,0,0,0,0,0,0,0,0,0,0,0,0,0,0,0,0,0,0,0,0,0,0,0,0,0,0,0,0,0,0,0,0,0,0,0,0,0,0,0,250,8,0.0,0.0,0.0,0,0,0
122,0.0,44,255,0.01,0.0,0.0,1.0,0.0,254,0.0,0.0,0.0,0,0,0,0,0,0,0,0,0,0,1,0,0,0,0,normal,0,0,0,0,0,0,0,0,0,0,0,1,0.0,0,1.0,0.0,0,0,0,0,0,0,0,0,0,1,0,0,0,0,0,0,0,0,0,0,0,0,0,0,0,0,0,0,0,0,0,0,0,0,0,0,0,0,0,0,0,0,0,0,0,0,0,0,0,0,0,0,0,0,0,0,0,0,0,0,0,0,0,0,0,0,0,0,0,0,44,122,0.0,0.0,0.0,0,0,0
1,0.0,335,135,0.04,0.01,0.01,0.39,0.0,72,0.03,0.0,0.0,12,0,0,0,0,0,0,0,0,0,1,0,0,0,0,normal,0,1,0,0,0,0,0,0,0,0,1,0,0.0,0,1.0,0.0,0,0,0,0,0,0,0,0,0,0,0,0,0,0,0,0,0,0,0,0,0,0,0,0,0,0,0,0,0,0,0,0,0,0,0,0,0,0,0,0,0,0,0,0,0,0,0,0,0,0,0,0,1,0,0,0,0,0,0,0,0,0,0,0,0,0,0,0,0,0,930,2,1.0,0.0,0.0,0,0,0
419,1.0,0,255,1.0,0.91,0.0,0.0,0.08,1,0.0,1.0,0.0,0,0,1,0,0,0,0,0,0,0,0,0,0,0,0,satan,0,0,0,0,0,0,0,0,0,0,1,0,0.9,0,0.0,0.06,0,0,0,0,0,0,0,0,0,0,0,0,0,0,0,0,0,0,0,0,0,0,0,0,0,0,0,0,0,0,0,0,0,0,0,0,0,0,0,0,0,0,1,0,0,0,0,0,0,0,0,0,0,0,0,0,0,0,0,0,0,0,0,0,0,0,0,0,0,0,0,1,0.0,1.0,0.0,0,0,0
3,0.0,2615,77,0.0,0.0,0.01,1.0,0.0,255,0.02,0.0,0.0,0,0,0,0,0,0,0,0,0,0,1,0,0,0,0,normal,0,1,0,0,0,0,0,0,0,0,1,0,0.0,0,1.0,0.0,0,0,0,0,0,0,0,0,0,0,0,0,0,0,0,0,0,0,0,0,0,1,0,0,0,0,0,0,0,0,0,0,0,0,0,0,0,0,0,0,0,0,0,0,0,0,0,0,0,0,0,0,0,0,0,0,0,0,0,0,0,0,0,0,0,0,0,0,0,0,344,3,0.0,0.0,0.0,0,0,0
147,0.05,0,255,0.07,1.0,0.0,0.06,0.0,16,0.0,1.0,0.0,0,0,1,0,0,0,0,0,0,0,0,0,0,0,0,neptune,0,0,0,0,0,0,0,0,0,0,1,0,1.0,0,0.11,0.0,0,0,0,0,0,0,0,0,0,0,0,0,0,0,0,0,0,0,0,0,0,0,0,0,0,0,0,0,0,0,0,0,0,0,0,0,0,0,0,0,0,0,0,0,0,0,0,1,0,0,0,0,0,0,0,0,0,0,0,0,0,0,0,0,0,0,0,0,0,0,0,16,0.0,1.0,0.0,0,0,0
5,0.6,105,255,0.39,0.0,0.8,0.01,0.0,2,0.0,0.0,0.0,10485,0,0,0,0,0,0,0,0,0,1,0,0,0,0,normal,0,0,0,0,0,0,0,0,0,0,0,1,0.0,0,0.4,0.0,0,0,0,0,0,0,0,0,0,0,0,0,0,0,0,0,0,0,0,0,0,0,0,0,0,0,0,0,0,0,0,0,0,0,0,0,0,0,0,0,0,0,1,0,0,0,0,0,0,0,0,0,0,0,0,0,0,0,0,0,0,0,0,0,0,0,0,0,0,0,145,2,0.0,0.0,0.0,0,0,0
121,0.0,128,255,0.0,0.0,0.0,1.0,0.0,255,0.0,0.0,0.0,0,0,0,0,0,0,0,0,0,0,1,0,0,0,0,normal,0,0,0,0,0,0,0,0,0,0,0,1,0.0,0,1.0,0.0,0,0,0,0,0,0,0,0,0,1,0,0,0,0,0,0,0,0,0,0,0,0,0,0,0,0,0,0,0,0,0,0,0,0,0,0,0,0,0,0,0,0,0,0,0,0,0,0,0,0,0,0,0,0,0,0,0,0,0,0,0,0,0,0,0,0,0,0,0,0,44,201,0.01,0.0,0.0,0,0,0
2,1.0,0,255,0.49,0.47,0.46,0.0,0.0,1,0.0,1.0,0.0,0,0,1,0,0,0,0,0,0,0,0,0,0,0,0,portsweep,0,0,0,0,0,0,0,0,0,0,1,0,1.0,0,0.5,0.0,0,0,0,0,0,0,0,0,0,0,0,0,0,0,0,0,0,0,0,0,0,0,0,0,0,0,0,0,0,0,0,0,0,0,0,0,0,0,0,0,0,0,0,0,0,0,0,1,0,0,0,0,0,0,0,0,0,0,0,0,0,0,0,0,0,0,0,0,0,0,0,1,0.0,1.0,0.0,0,0,0
2,0.0,4320,16,0.0,0.0,0.06,1.0,0.0,255,0.06,0.0,0.0,0,0,0,0,0,0,0,0,0,0,1,0,0,0,0,normal,0,1,0,0,0,0,0,0,0,0,1,0,0.0,0,1.0,0.0,0,0,0,0,0,0,0,0,0,0,0,0,0,0,0,0,0,0,0,0,0,1,0,0,0,0,0,0,0,0,0,0,0,0,0,0,0,0,0,0,0,0,0,0,0,0,0,0,0,0,0,0,0,0,0,0,0,0,0,0,0,0,0,0,0,0,0,0,0,0,246,2,0.0,0.0,0.0,0,0,0
5,0.0,10503,255,0.0,0.0,0.0,1.0,0.0,255,0.0,0.0,0.0,0,0,0,0,0,0,0,0,0,0,1,0,0,0,0,normal,0,1,0,0,0,0,0,0,0,0,1,0,0.0,0,1.0,0.0,0,0,0,0,0,0,0,0,0,0,0,0,0,0,0,0,0,0,0,0,0,1,0,0,0,0,0,0,0,0,0,0,0,0,0,0,0,0,0,0,0,0,0,0,0,0,0,0,0,0,0,0,0,0,0,0,0,0,0,0,0,0,0,0,0,0,0,0,0,0,309,5,0.0,0.0,0.0,0,0,0
381,0.0,0,255,0.02,0.25,0.67,0.67,0.0,172,0.0,0.0,0.0,0,0,0,0,0,0,0,0,0,0,1,0,0,0,0,smurf,0,0,0,0,0,0,0,0,0,1,0,0,0.0,0,1.0,0.0,0,0,0,0,0,0,0,0,0,0,0,0,1,0,0,0,0,0,0,0,0,0,0,0,0,0,0,0,0,0,0,0,0,0,0,0,0,0,0,0,0,0,0,0,0,0,0,0,0,0,0,0,0,0,0,0,0,0,0,0,0,0,0,0,0,0,0,0,0,0,1032,381,0.0,0.0,0.0,0,0,0
3,0.0,274,255,0.0,0.0,0.0,1.0,0.0,255,0.0,0.0,0.0,0,0,0,0,0,0,0,0,0,0,1,0,0,0,0,normal,0,1,0,0,0,0,0,0,0,0,1,0,0.0,0,1.0,0.0,0,0,0,0,0,0,0,0,0,0,0,0,0,0,0,0,0,0,0,0,0,1,0,0,0,0,0,0,0,0,0,0,0,0,0,0,0,0,0,0,0,0,0,0,0,0,0,0,0,0,0,0,0,0,0,0,0,0,0,0,0,0,0,0,0,0,0,0,0,0,236,18,0.28,0.0,0.0,0,0,0
133,0.06,0,255,0.07,0.0,0.0,0.06,1.0,16,0.0,0.0,1.0,0,0,0,0,0,0,1,0,0,0,0,0,0,0,0,neptune,0,0,0,0,0,0,0,0,0,0,1,0,0.0,0,0.15,1.0,0,0,0,0,0,0,0,0,0,0,0,0,0,0,0,0,0,0,0,0,0,0,0,0,0,0,0,0,0,0,0,0,0,0,0,0,0,0,0,0,0,0,0,0,0,0,0,1,0,0,0,0,0,0,0,0,0,0,0,0,0,0,0,0,0,0,0,0,0,0,0,20,0.0,0.0,1.0,0,0,0
100,0.07,0,255,0.08,1.0,0.01,0.01,0.0,2,0.0,1.0,0.0,0,0,1,0,0,0,0,0,0,0,0,0,0,0,0,neptune,0,0,0,0,0,0,0,0,0,0,1,0,1.0,0,0.02,0.0,0,0,0,0,0,0,0,0,0,0,0,0,0,0,0,0,0,0,0,0,0,0,0,0,0,0,0,0,0,0,0,0,0,0,0,0,0,0,0,0,0,0,0,0,0,0,0,1,0,0,0,0,0,0,0,0,0,0,0,0,0,0,0,0,0,0,0,0,0,0,0,2,0.0,1.0,0.0,0,0,0
1,0.0,0,17,1.0,0.94,0.06,0.06,0.0,1,0.0,1.0,0.0,0,0,1,0,0,0,0,0,0,0,0,0,0,0,0,ipsweep,0,0,0,0,0,0,0,0,0,0,1,0,1.0,0,1.0,0.0,0,0,0,0,0,0,0,0,0,0,0,0,0,0,0,0,0,0,0,0,0,0,0,0,0,0,0,0,0,0,0,0,0,0,0,0,0,0,0,0,0,0,0,0,0,0,0,1,0,0,0,0,0,0,0,0,0,0,0,0,0,0,0,0,0,0,0,0,0,0,0,1,0.0,1.0,0.0,0,0,0
50,0.1,0,239,0.06,0.0,0.0,0.0,1.0,14,0.14,0.0,0.07,0,0,0,0,0,0,1,0,0,0,0,0,0,0,0,neptune,0,0,0,0,0,0,0,0,0,0,1,0,0.0,0,0.02,1.0,0,0,0,0,0,0,0,0,0,0,0,0,0,0,0,0,0,0,0,0,0,0,0,0,0,0,0,0,0,0,0,0,0,0,0,0,0,0,0,0,0,0,0,0,0,0,0,0,0,0,0,0,1,0,0,0,0,0,0,0,0,0,0,0,0,0,0,0,0,0,0,2,1.0,0.0,0.5,0,0,0
1,0.0,0,3,0.0,0.0,1.0,1.0,0.0,11,0.27,0.0,0.0,0,0,0,0,0,0,0,0,0,0,1,0,0,0,0,warezclient,0,1,0,0,0,0,0,0,0,0,1,0,0.0,0,1.0,0.0,0,0,0,0,0,0,0,0,0,0,0,0,0,0,0,0,0,1,0,0,0,0,0,0,0,0,0,0,0,0,0,0,0,0,0,0,0,0,0,0,0,0,0,0,0,0,0,0,0,0,0,0,0,0,0,0,0,0,0,0,0,0,0,0,0,0,0,0,0,0,334,1,0.0,0.0,0.0,0,0,0
78,0.0,46,255,0.01,0.0,0.01,1.0,0.0,254,0.0,0.0,0.0,0,0,0,0,0,0,0,0,0,0,1,0,0,0,0,normal,0,0,0,0,0,0,0,0,0,0,0,1,0.0,0,1.0,0.0,0,0,0,0,0,0,0,0,0,1,0,0,0,0,0,0,0,0,0,0,0,0,0,0,0,0,0,0,0,0,0,0,0,0,0,0,0,0,0,0,0,0,0,0,0,0,0,0,0,0,0,0,0,0,0,0,0,0,0,0,0,0,0,0,0,0,0,0,0,0,46,158,0.01,0.0,0.0,0,0,0
213,0.05,0,255,0.06,0.0,0.0,0.09,1.0,22,0.0,0.0,1.0,0,0,0,0,0,0,1,0,0,0,0,0,0,0,0,neptune,0,0,0,0,0,0,0,0,0,0,1,0,0.0,0,0.1,1.0,0,0,0,0,0,0,0,0,0,0,0,0,0,0,0,0,0,0,0,0,0,0,0,0,0,0,0,0,0,0,0,0,0,0,0,0,0,0,0,0,0,0,0,0,0,0,0,1,0,0,0,0,0,0,0,0,0,0,0,0,0,0,0,0,0,0,0,0,0,0,0,22,0.0,0.0,1.0,0,0,0
7,0.29,1,255,0.98,0.78,0.03,0.02,0.19,4,0.0,0.0,0.0,0,0,0,0,0,0,0,0,0,0,1,0,0,0,0,satan,0,0,0,0,0,0,0,0,0,0,0,1,0.0,0,0.57,0.0,0,0,0,0,0,0,0,0,0,0,0,0,0,0,0,0,0,0,0,0,0,0,0,0,0,0,0,0,0,0,0,0,0,0,0,0,0,0,0,0,0,0,0,0,0,0,0,1,0,0,0,0,0,0,0,0,0,0,0,0,0,0,0,0,0,0,0,0,0,0,1,4,0.0,0.0,0.0,0,0,0
511,0.0,49,255,0.0,0.0,0.83,1.0,0.0,255,0.0,0.0,0.0,0,0,0,0,0,0,0,0,0,0,1,0,0,0,0,normal,0,0,0,0,0,0,0,0,0,0,0,1,0.0,0,1.0,0.0,0,0,0,0,0,0,0,0,0,0,0,0,0,0,0,0,0,0,0,0,0,0,0,0,0,0,0,0,0,0,0,0,0,0,0,0,0,0,0,0,0,0,0,0,0,0,0,1,0,0,0,0,0,0,0,0,0,0,0,0,0,0,0,0,0,0,0,0,0,0,51,511,0.0,0.0,0.0,0,0,0
236,0.06,0,255,0.07,1.0,0.0,0.07,0.0,19,0.0,1.0,0.0,0,0,1,0,0,0,0,0,0,0,0,0,0,0,0,neptune,0,0,0,0,0,0,0,0,0,0,1,0,1.0,0,0.08,0.0,0,0,0,0,0,0,0,0,0,0,0,0,0,0,0,0,0,0,0,0,0,0,0,0,0,0,0,1,0,0,0,0,0,0,0,0,0,0,0,0,0,0,0,0,0,0,0,0,0,0,0,0,0,0,0,0,0,0,0,0,0,0,0,0,0,0,0,0,0,0,0,19,0.0,1.0,0.0,0,0,0
1,0.0,0,255,0.59,0.58,0.58,0.0,0.0,1,0.0,1.0,0.0,0,0,0,0,0,1,0,0,0,0,0,0,0,0,0,portsweep,0,0,0,0,0,0,0,0,0,0,1,0,1.0,0,1.0,0.0,0,0,0,0,0,0,0,0,0,0,0,0,0,0,0,0,0,0,0,0,0,0,0,0,0,0,0,0,0,0,0,0,0,0,0,0,0,0,0,0,0,0,0,0,0,0,0,1,0,0,0,0,0,0,0,0,0,0,0,0,0,0,0,0,0,0,0,0,0,0,0,1,0.0,1.0,0.0,0,0,0
3,0.0,398,255,0.0,0.0,0.0,1.0,0.0,255,0.0,0.0,0.0,0,0,0,0,0,0,0,0,0,0,1,0,0,0,0,normal,0,1,0,0,0,0,0,0,0,0,1,0,0.0,0,1.0,0.0,0,0,0,0,0,0,0,0,0,0,0,0,0,0,0,0,0,0,0,0,0,1,0,0,0,0,0,0,0,0,0,0,0,0,0,0,0,0,0,0,0,0,0,0,0,0,0,0,0,0,0,0,0,0,0,0,0,0,0,0,0,0,0,0,0,0,0,0,0,0,271,3,0.0,0.0,0.0,0,0,0
286,0.06,0,255,0.07,0.0,0.0,0.07,1.0,18,0.0,0.0,1.0,0,0,0,0,0,0,1,0,0,0,0,0,0,0,0,neptune,0,0,0,0,0,0,0,0,0,0,1,0,0.0,0,0.06,1.0,0,0,0,0,0,0,0,0,0,0,0,0,0,0,0,0,0,0,0,0,0,0,0,0,0,0,0,0,0,0,0,0,0,0,0,0,0,0,0,0,0,0,0,0,0,0,0,1,0,0,0,0,0,0,0,0,0,0,0,0,0,0,0,0,0,0,0,0,0,0,0,18,0.0,0.0,1.0,0,0,0
24,1.0,0,255,0.43,0.11,0.0,0.0,0.0,1,0.0,1.0,0.0,0,0,1,0,0,0,0,0,0,0,0,0,0,0,0,satan,0,0,0,0,0,0,0,0,0,0,1,0,1.0,0,0.04,0.0,0,0,0,0,0,0,0,0,0,0,0,0,0,0,0,0,0,0,0,0,0,0,0,0,0,0,0,0,0,0,0,0,0,0,0,0,0,0,0,0,0,0,0,0,0,0,0,1,0,0,0,0,0,0,0,0,0,0,0,0,0,0,0,0,0,0,0,0,0,0,0,1,0.0,1.0,0.0,0,0,0
47,0.09,0,255,0.02,0.0,0.02,0.23,1.0,59,0.0,0.0,1.0,0,0,0,0,0,0,1,0,0,0,0,0,0,0,0,neptune,0,0,0,0,0,0,0,0,0,0,1,0,0.0,0,0.19,1.0,0,0,0,0,0,0,0,0,0,0,0,0,0,0,0,0,0,0,0,0,0,0,0,0,0,0,0,0,0,0,0,0,0,0,0,0,0,0,0,0,0,0,0,0,0,0,0,0,0,0,0,0,0,0,0,0,0,0,1,0,0,0,0,0,0,0,0,0,0,0,0,9,0.0,0.0,1.0,0,0,0
252,0.07,0,255,0.08,1.0,0.0,0.04,0.0,10,0.0,1.0,0.0,0,0,1,0,0,0,0,0,0,0,0,0,0,0,0,neptune,0,0,0,0,0,0,0,0,0,0,1,0,1.0,0,0.04,0.0,0,0,0,0,0,0,0,0,0,0,0,0,0,0,0,0,0,0,0,0,0,0,0,0,0,0,0,0,0,0,0,0,0,0,0,0,0,0,0,0,0,0,0,0,0,0,0,1,0,0,0,0,0,0,0,0,0,0,0,0,0,0,0,0,0,0,0,0,0,0,0,10,0.0,1.0,0.0,0,0,0
150,0.0,69,255,0.01,0.0,0.0,0.8,0.0,203,0.0,0.0,0.0,0,0,0,0,0,0,0,0,0,0,1,0,0,0,0,normal,0,0,0,0,0,0,0,0,0,0,0,1,0.0,0,1.0,0.0,0,0,0,0,0,0,0,0,0,1,0,0,0,0,0,0,0,0,0,0,0,0,0,0,0,0,0,0,0,0,0,0,0,0,0,0,0,0,0,0,0,0,0,0,0,0,0,0,0,0,0,0,0,0,0,0,0,0,0,0,0,0,0,0,0,0,0,0,0,0,44,150,0.0,0.0,0.0,0,0,0
5,0.0,2445,247,0.0,0.0,0.0,1.0,0.0,255,0.01,0.0,0.0,0,0,0,0,0,0,0,0,0,0,1,0,0,0,0,normal,0,1,0,0,0,0,0,0,0,0,1,0,0.0,0,1.0,0.2,0,0,0,0,0,0,0,0,0,0,0,0,0,0,0,0,0,0,0,0,0,1,0,0,0,0,0,0,0,0,0,0,0,0,0,0,0,0,0,0,0,0,0,0,0,0,0,0,0,0,0,0,0,0,0,0,0,0,0,0,0,0,0,0,0,0,0,0,0,0,296,5,0.0,0.0,0.2,0,0,0
2,0.0,9417,24,0.0,0.0,0.04,1.0,0.04,253,0.02,0.0,0.01,0,0,0,0,0,0,0,0,0,0,1,0,0,0,0,normal,0,1,0,0,0,0,0,0,0,0,1,0,0.0,0,1.0,0.5,0,0,0,0,0,0,0,0,0,0,0,0,0,0,0,0,0,0,0,0,0,1,0,0,0,0,0,0,0,0,0,0,0,0,0,0,0,0,0,0,0,0,0,0,0,0,0,0,0,0,0,0,0,0,0,0,0,0,0,0,0,0,0,0,0,0,0,0,0,0,211,3,0.67,0.0,0.33,0,0,0
3,0.0,12266,51,0.0,0.0,0.02,1.0,0.0,255,0.02,0.0,0.0,0,0,0,0,0,0,0,0,0,0,1,0,0,0,0,normal,0,1,0,0,0,0,0,0,0,0,1,0,0.0,0,1.0,0.0,0,0,0,0,0,0,0,0,0,0,0,0,0,0,0,0,0,0,0,0,0,1,0,0,0,0,0,0,0,0,0,0,0,0,0,0,0,0,0,0,0,0,0,0,0,0,0,0,0,0,0,0,0,0,0,0,0,0,0,0,0,0,0,0,0,0,0,0,0,0,198,3,0.0,0.0,0.0,0,0,0
14,0.64,0,255,0.64,0.51,0.49,0.01,0.0,2,0.0,0.0,0.0,0,0,0,0,0,0,0,0,0,0,1,0,0,0,0,satan,0,0,0,0,0,0,0,0,0,0,0,1,0.0,0,0.14,0.0,0,0,0,0,0,0,0,0,0,0,0,0,0,0,0,0,0,0,0,0,0,0,0,0,0,0,0,0,0,0,0,0,0,0,0,0,0,0,0,0,0,0,0,0,0,0,0,1,0,0,0,0,0,0,0,0,0,0,0,0,0,0,0,0,0,0,0,0,0,0,1,2,0.0,0.0,0.0,0,0,0
1,0.0,767,70,0.06,0.0,0.01,0.39,0.0,27,0.0,0.0,0.0,24,0,0,0,0,0,0,0,0,0,1,0,4,1,0,normal,0,1,0,0,0,0,0,0,0,0,1,0,0.0,0,1.0,0.0,0,0,0,0,0,0,0,0,0,0,0,0,0,0,0,0,1,0,0,0,0,0,0,0,0,0,0,0,0,0,0,0,0,0,0,0,0,0,0,0,0,0,0,0,0,0,0,0,0,0,0,0,0,0,0,0,0,0,0,0,0,0,0,0,0,0,0,0,0,0,220,1,0.0,0.0,0.0,0,0,0
15,0.33,0,255,0.09,0.0,0.0,0.01,1.0,2,0.0,0.0,1.0,0,0,0,0,0,0,1,0,0,0,0,0,0,0,0,neptune,0,0,0,0,0,0,0,0,0,0,1,0,0.0,0,0.13,1.0,0,0,0,0,0,0,0,0,0,0,0,0,0,0,0,0,0,0,0,0,0,1,0,0,0,0,0,0,0,0,0,0,0,0,0,0,0,0,0,0,0,0,0,0,0,0,0,0,0,0,0,0,0,0,0,0,0,0,0,0,0,0,0,0,0,0,0,0,0,0,0,2,0.0,0.0,1.0,0,0,0
4,0.75,0,255,0.08,0.0,0.0,0.01,1.0,2,0.0,0.0,1.0,0,0,0,0,0,0,1,0,0,0,0,0,0,0,0,neptune,0,0,0,0,0,0,0,0,0,0,1,0,0.0,0,0.5,1.0,0,0,0,0,0,0,0,0,0,0,0,0,0,0,0,0,0,0,0,0,0,0,0,0,0,0,0,0,0,0,0,0,0,0,0,0,0,0,0,0,0,0,0,0,0,0,0,0,0,0,0,0,0,1,0,0,0,0,0,0,0,0,0,0,0,0,0,0,0,0,0,2,0.0,0.0,1.0,0,0,0
202,0.06,0,255,0.07,1.0,0.0,0.07,0.0,19,0.0,1.0,0.0,0,0,1,0,0,0,0,0,0,0,0,0,0,0,0,neptune,0,0,0,0,0,0,0,0,0,0,1,0,1.0,0,0.01,0.0,0,0,0,0,0,0,0,0,0,0,0,0,0,0,0,0,0,0,0,0,0,0,0,0,0,0,0,0,0,0,0,0,0,0,1,0,0,0,0,0,0,0,0,0,0,0,0,0,0,0,0,0,0,0,0,0,0,0,0,0,0,0,0,0,0,0,0,0,0,0,0,2,0.0,1.0,0.0,0,0,0
11,0.0,1008,30,0.0,0.0,0.03,1.0,0.0,255,0.03,0.0,0.0,0,0,0,0,0,0,0,0,0,0,1,0,0,0,0,normal,0,1,0,0,0,0,0,0,0,0,1,0,0.0,0,1.0,0.0,0,0,0,0,0,0,0,0,0,0,0,0,0,0,0,0,0,0,0,0,0,1,0,0,0,0,0,0,0,0,0,0,0,0,0,0,0,0,0,0,0,0,0,0,0,0,0,0,0,0,0,0,0,0,0,0,0,0,0,0,0,0,0,0,0,0,0,0,0,0,282,16,0.19,0.0,0.0,0,0,0
130,0.06,0,255,0.07,0.0,0.0,0.06,1.0,15,0.0,0.0,1.0,0,0,0,0,0,0,1,0,0,0,0,0,0,0,0,neptune,0,0,0,0,0,0,0,0,0,0,1,0,0.0,0,0.15,1.0,0,0,0,0,0,0,0,0,0,0,0,0,0,0,0,0,0,0,0,0,0,0,0,0,0,0,0,0,0,0,0,0,0,0,0,0,0,0,0,0,0,0,0,0,0,0,0,1,0,0,0,0,0,0,0,0,0,0,0,0,0,0,0,0,0,0,0,0,0,0,0,20,0.0,0.0,1.0,0,0,0
1,0.0,337,127,0.03,0.0,0.01,0.56,0.0,171,0.01,0.0,0.0,5,0,0,0,0,0,0,0,0,0,1,0,0,0,0,normal,0,1,0,0,0,0,0,0,0,0,1,0,0.0,0,1.0,0.0,0,0,0,0,0,0,0,0,0,0,0,0,0,0,0,0,0,0,0,0,0,0,0,0,0,0,0,0,0,0,0,0,0,0,0,0,0,0,0,0,0,0,0,0,0,0,0,0,0,0,0,0,1,0,0,0,0,0,0,0,0,0,0,0,0,0,0,0,0,0,1688,1,0.0,0.0,0.0,0,0,0
1,0.0,7770,255,0.01,0.0,0.0,0.86,0.0,220,0.0,0.0,0.0,10,0,0,0,0,0,0,0,0,0,1,0,0,0,0,normal,0,1,0,0,0,0,0,0,0,0,1,0,0.0,0,1.0,0.0,0,0,0,0,0,0,0,0,0,0,0,0,0,0,0,0,0,0,0,0,0,1,0,0,0,0,0,0,0,0,0,0,0,0,0,0,0,0,0,0,0,0,0,0,0,0,0,0,0,0,0,0,0,0,0,0,0,0,0,0,0,0,0,0,0,0,0,0,0,0,258,1,0.0,0.0,0.0,0,0,0
2,0.0,0,255,0.02,0.0,0.16,0.29,0.49,74,0.0,0.0,0.45,0,0,0,0,0,0,0,0,0,0,1,0,0,0,0,normal,0,1,0,0,0,0,0,0,0,0,1,0,0.0,0,1.0,0.0,0,0,0,0,0,0,0,0,0,0,0,0,0,0,0,0,0,1,0,0,0,0,0,0,0,0,0,0,0,0,0,0,0,0,0,0,0,0,0,0,0,0,0,0,0,0,0,0,0,0,0,0,0,0,0,0,0,0,0,0,0,0,0,0,0,0,0,0,0,0,63,3,0.67,0.0,0.0,0,0,0
2,0.0,0,255,0.5,1.0,1.0,0.01,0.0,2,0.0,1.0,0.0,37688,0,0,0,0,1,0,0,0,0,0,0,0,0,0,portsweep,0,0,0,0,0,0,0,0,0,0,1,0,1.0,0,1.0,0.0,0,0,0,0,0,0,0,0,0,0,0,0,0,0,0,0,0,0,0,0,0,0,0,0,0,0,0,0,0,0,0,0,0,0,0,0,0,0,0,0,0,0,0,0,0,0,0,1,0,0,0,0,0,0,0,0,0,0,0,0,0,0,0,0,0,0,0,0,0,0,1,2,0.0,1.0,0.0,0,0,0
2,1.0,0,255,0.96,0.96,0.96,0.0,0.0,1,0.0,1.0,0.0,0,0,0,0,0,1,0,0,0,0,0,0,0,0,0,portsweep,0,0,0,0,0,0,0,0,0,0,1,0,0.5,0,0.5,0.0,0,0,0,0,0,0,0,0,0,0,0,0,0,0,0,0,0,0,0,0,0,0,0,0,0,0,0,0,0,0,0,0,0,0,0,0,0,0,0,0,0,0,0,0,0,0,0,1,0,0,0,0,0,0,0,0,0,0,0,0,0,0,0,0,0,0,0,0,0,0,0,1,0.0,1.0,0.0,0,0,0
2,0.0,4146,28,0.0,0.0,0.04,1.0,0.0,255,0.04,0.0,0.0,0,0,0,0,0,0,0,0,0,0,1,0,0,0,0,normal,0,1,0,0,0,0,0,0,0,0,1,0,0.0,0,1.0,0.0,0,0,0,0,0,0,0,0,0,0,0,0,0,0,0,0,0,0,0,0,0,1,0,0,0,0,0,0,0,0,0,0,0,0,0,0,0,0,0,0,0,0,0,0,0,0,0,0,0,0,0,0,0,0,0,0,0,0,0,0,0,0,0,0,0,0,0,0,0,0,327,21,0.29,0.0,0.0,0,0,0
1,0.0,19957,255,0.0,0.0,0.0,1.0,0.01,255,0.0,0.0,0.01,0,0,0,0,0,0,0,0,0,0,1,0,0,0,0,normal,0,1,0,0,0,0,0,0,0,0,1,0,0.0,0,1.0,0.0,0,0,0,0,0,0,0,0,0,0,0,0,0,0,0,0,0,0,0,0,0,1,0,0,0,0,0,0,0,0,0,0,0,0,0,0,0,0,0,0,0,0,0,0,0,0,0,0,0,0,0,0,0,0,0,0,0,0,0,0,0,0,0,0,0,0,0,0,0,0,256,12,0.17,0.0,0.08,0,0,0
31,0.1,0,255,0.07,0.0,0.0,0.02,1.0,4,0.0,0.0,1.0,0,0,0,0,0,0,1,0,0,0,0,0,0,0,0,neptune,0,0,0,0,0,0,0,0,0,0,1,0,0.0,0,0.13,1.0,0,0,0,0,0,0,0,0,0,0,0,0,0,0,0,0,0,0,0,0,0,0,0,0,0,0,0,0,0,1,0,0,0,0,0,0,0,0,0,0,0,0,0,0,0,0,0,0,0,0,0,0,0,0,0,0,0,0,0,0,0,0,0,0,0,0,0,0,0,0,0,4,0.0,0.0,1.0,0,0,0
16,0.0,22587,29,0.0,0.0,0.03,1.0,0.0,255,0.01,0.0,0.0,0,0,0,0,0,0,0,0,0,0,1,0,0,0,0,normal,0,1,0,0,0,0,0,0,0,0,1,0,0.0,0,1.0,0.0,0,0,0,0,0,0,0,0,0,0,0,0,0,0,0,0,0,0,0,0,0,1,0,0,0,0,0,0,0,0,0,0,0,0,0,0,0,0,0,0,0,0,0,0,0,0,0,0,0,0,0,0,0,0,0,0,0,0,0,0,0,0,0,0,0,0,0,0,0,0,340,30,0.07,0.0,0.0,0,0,0
111,0.08,0,255,0.07,0.0,0.0,0.07,1.0,19,0.0,0.0,1.0,0,0,0,0,0,0,1,0,0,0,0,0,0,0,0,neptune,0,0,0,0,0,0,0,0,0,0,1,0,0.0,0,0.17,1.0,0,0,0,0,0,0,0,0,0,0,0,0,0,0,0,0,0,0,0,0,0,0,0,0,0,0,0,0,0,0,0,0,0,0,0,0,0,0,0,0,0,0,0,0,0,0,0,1,0,0,0,0,0,0,0,0,0,0,0,0,0,0,0,0,0,0,0,0,0,0,0,19,0.0,0.0,1.0,0,0,0
69,0.0,132,255,0.01,0.0,0.01,0.91,0.0,232,0.0,0.0,0.0,0,0,0,0,0,0,0,0,0,0,1,0,0,0,0,normal,0,0,0,0,0,0,0,0,0,0,0,1,0.0,0,1.0,0.0,0,0,0,0,0,0,0,0,0,1,0,0,0,0,0,0,0,0,0,0,0,0,0,0,0,0,0,0,0,0,0,0,0,0,0,0,0,0,0,0,0,0,0,0,0,0,0,0,0,0,0,0,0,0,0,0,0,0,0,0,0,0,0,0,0,0,0,0,0,0,45,147,0.01,0.0,0.0,0,0,0
1,0.0,326,81,0.06,0.0,0.01,0.65,0.0,137,0.01,0.0,0.0,5,0,0,0,0,0,0,0,0,0,1,0,0,0,0,normal,0,1,0,0,0,0,0,0,0,0,1,0,0.0,0,1.0,0.0,0,0,0,0,0,0,0,0,0,0,0,0,0,0,0,0,0,0,0,0,0,0,0,0,0,0,0,0,0,0,0,0,0,0,0,0,0,0,0,0,0,0,0,0,0,0,0,0,0,0,0,0,1,0,0,0,0,0,0,0,0,0,0,0,0,0,0,0,0,0,1545,2,1.0,0.0,0.0,0,0,0
133,0.06,0,255,0.07,0.0,0.0,0.06,1.0,16,0.0,0.0,1.0,0,0,0,0,0,0,1,0,0,0,0,0,0,0,0,neptune,0,0,0,0,0,0,0,0,0,0,1,0,0.0,0,0.04,1.0,0,0,0,0,0,0,0,0,0,0,0,0,0,0,0,0,0,0,0,0,0,0,0,0,0,0,0,0,0,0,0,0,0,0,0,0,0,0,0,0,0,0,0,0,0,0,0,1,0,0,0,0,0,0,0,0,0,0,0,0,0,0,0,0,0,0,0,0,0,0,0,5,0.0,0.0,1.0,0,0,0
4,0.0,280,255,0.0,0.0,0.0,1.0,0.0,255,0.0,0.0,0.0,0,0,0,0,0,0,0,0,0,0,1,0,0,0,0,normal,0,1,0,0,0,0,0,0,0,0,1,0,0.0,0,1.0,0.0,0,0,0,0,0,0,0,0,0,0,0,0,0,0,0,0,0,0,0,0,0,1,0,0,0,0,0,0,0,0,0,0,0,0,0,0,0,0,0,0,0,0,0,0,0,0,0,0,0,0,0,0,0,0,0,0,0,0,0,0,0,0,0,0,0,0,0,0,0,0,232,4,0.0,0.0,0.0,0,0,0
1,0.0,0,34,0.0,1.0,0.03,1.0,0.0,133,0.22,1.0,0.0,0,0,1,0,0,0,0,0,0,0,0,0,0,0,0,normal,0,0,0,0,0,0,0,0,0,0,1,0,1.0,0,1.0,0.0,0,0,0,0,0,0,0,0,0,0,0,0,0,0,0,0,0,0,0,0,0,1,0,0,0,0,0,0,0,0,0,0,0,0,0,0,0,0,0,0,0,0,0,0,0,0,0,0,0,0,0,0,0,0,0,0,0,0,0,0,0,0,0,0,0,0,0,0,0,0,0,2,1.0,0.5,0.0,0,0,0
1,0.0,0,2,0.0,0.0,1.0,1.0,0.0,5,0.6,0.0,0.0,0,0,0,0,0,0,0,0,0,0,1,0,0,0,0,ipsweep,0,0,0,0,0,0,0,0,0,1,0,0,0.0,0,1.0,0.0,0,0,0,0,0,0,0,0,0,0,0,1,0,0,0,0,0,0,0,0,0,0,0,0,0,0,0,0,0,0,0,0,0,0,0,0,0,0,0,0,0,0,0,0,0,0,0,0,0,0,0,0,0,0,0,0,0,0,0,0,0,0,0,0,0,0,0,0,0,0,8,5,1.0,0.0,0.0,0,0,0
3,0.67,109,45,0.11,0.87,0.02,0.33,0.0,85,0.02,0.69,0.0,2,0,0,0,0,0,0,0,0,0,1,0,0,0,0,mscan,0,0,0,0,0,0,0,0,0,0,1,0,0.67,0,0.67,0.0,0,0,0,0,0,0,0,0,0,0,0,0,0,0,0,0,0,0,0,0,0,0,0,0,0,0,0,0,0,0,0,0,0,0,0,0,0,0,0,0,0,0,0,0,0,0,0,0,0,0,0,0,0,0,0,0,0,0,1,0,0,0,0,0,0,0,0,0,0,0,24,6,0.5,0.5,0.0,0,0,0
1,0.0,11680,2,0.0,0.0,0.5,1.0,0.5,255,0.02,0.0,0.0,0,0,0,0,0,0,0,1,0,0,0,0,0,0,0,normal,0,1,0,0,0,0,0,0,0,0,1,0,0.0,0,1.0,1.0,0,0,0,0,0,0,0,0,0,0,0,0,0,0,0,0,0,0,0,0,0,1,0,0,0,0,0,0,0,0,0,0,0,0,0,0,0,0,0,0,0,0,0,0,0,0,0,0,0,0,0,0,0,0,0,0,0,0,0,0,0,0,0,0,0,0,0,0,0,0,215,14,0.14,0.0,0.07,0,0,0
141,0.06,0,255,0.06,1.0,0.0,0.07,0.0,19,0.0,1.0,0.0,0,0,0,1,0,0,0,0,0,0,0,0,0,0,0,neptune,0,0,0,0,0,0,0,0,0,0,1,0,1.0,0,0.13,0.0,0,0,0,0,0,0,0,0,0,0,0,0,0,0,0,0,0,0,0,0,0,0,0,0,0,0,0,0,0,0,0,0,0,0,0,0,0,0,0,0,0,0,0,0,0,0,0,0,0,0,0,0,0,0,0,0,0,0,0,0,0,0,0,0,1,0,0,0,0,0,0,19,0.0,1.0,0.0,0,0,0
41,0.1,0,255,0.29,0.17,0.76,0.24,0.07,61,0.0,0.0,0.0,0,0,0,0,0,0,0,0,0,0,1,0,0,0,0,satan,0,0,0,0,0,0,0,0,0,0,0,1,0.0,0,0.39,0.0,0,0,0,0,0,0,0,0,0,0,0,0,0,0,0,0,0,0,0,0,0,0,0,0,0,0,0,0,0,0,0,0,0,0,0,0,0,0,0,0,0,0,0,0,0,0,0,1,0,0,0,0,0,0,0,0,0,0,0,0,0,0,0,0,0,0,0,0,0,0,1,16,0.0,0.0,0.0,0,0,0
374,0.0,4,255,0.0,0.0,1.0,1.0,0.0,255,0.0,0.0,0.0,0,0,0,0,0,0,0,0,0,0,1,0,0,0,0,normal,0,0,0,0,0,0,0,0,0,0,0,1,0.0,0,1.0,0.0,0,0,0,0,0,0,0,0,0,0,0,0,0,0,0,0,0,0,0,0,0,0,0,0,0,0,0,0,0,0,0,0,0,0,0,0,0,0,0,0,0,0,1,0,0,0,0,0,0,0,0,0,0,0,0,0,0,0,0,0,0,0,0,0,0,0,0,0,0,0,516,374,0.0,0.0,0.0,0,0,0
1,0.0,44,255,0.22,0.21,0.0,0.77,0.5,197,0.0,0.01,0.64,7442,0,0,0,0,0,0,0,0,0,1,0,0,0,0,processtable,0,0,0,0,0,0,0,0,0,0,1,0,0.0,0,1.0,0.0,0,0,0,0,0,0,0,0,0,0,0,0,0,0,0,0,0,0,0,0,0,0,0,0,0,0,0,0,0,0,0,0,0,0,0,0,0,0,0,0,0,0,0,0,0,0,0,0,0,0,0,0,0,0,0,0,0,0,1,0,0,0,0,0,0,0,0,0,0,0,0,1,0.0,0.0,0.0,0,0,0
65,0.0,127,255,0.01,0.0,0.0,1.0,0.0,254,0.0,0.0,0.0,0,0,0,0,0,0,0,0,0,0,1,0,0,0,0,normal,0,0,0,0,0,0,0,0,0,0,0,1,0.0,0,1.0,0.0,0,0,0,0,0,0,0,0,0,1,0,0,0,0,0,0,0,0,0,0,0,0,0,0,0,0,0,0,0,0,0,0,0,0,0,0,0,0,0,0,0,0,0,0,0,0,0,0,0,0,0,0,0,0,0,0,0,0,0,0,0,0,0,0,0,0,0,0,0,0,45,145,0.01,0.0,0.0,0,0,0
511,1.0,0,255,1.0,0.92,0.0,0.0,0.08,1,0.0,1.0,0.0,0,0,1,0,0,0,0,0,0,0,0,0,0,0,0,satan,0,0,0,0,0,0,0,0,0,0,1,0,0.86,0,0.0,0.14,0,0,0,0,0,0,0,0,0,0,0,0,0,0,0,0,0,0,0,0,0,0,0,0,0,0,0,0,0,0,0,0,0,0,0,0,0,0,0,0,0,0,1,0,0,0,0,0,0,0,0,0,0,0,0,0,0,0,0,0,0,0,0,0,0,0,0,0,0,0,0,1,0.0,1.0,0.0,0,0,0
91,0.07,0,255,0.07,0.0,0.0,0.01,1.0,3,0.0,0.0,1.0,0,0,0,0,0,0,1,0,0,0,0,0,0,0,0,neptune,0,0,0,0,0,0,0,0,0,0,1,0,0.0,0,0.2,1.0,0,0,0,0,0,0,0,0,0,0,0,0,0,0,0,0,0,0,0,0,0,0,0,0,0,0,0,0,0,0,0,0,0,0,0,0,0,0,0,0,0,0,0,0,0,0,0,0,0,0,0,0,0,1,0,0,0,0,0,0,0,0,0,0,0,0,0,0,0,0,0,18,0.0,0.0,1.0,0,0,0
16,0.0,17905,76,0.0,0.0,0.01,1.0,0.0,255,0.01,0.0,0.0,0,0,0,0,0,0,0,0,0,0,1,0,0,0,0,normal,0,1,0,0,0,0,0,0,0,0,1,0,0.0,0,1.0,0.0,0,0,0,0,0,0,0,0,0,0,0,0,0,0,0,0,0,0,0,0,0,1,0,0,0,0,0,0,0,0,0,0,0,0,0,0,0,0,0,0,0,0,0,0,0,0,0,0,0,0,0,0,0,0,0,0,0,0,0,0,0,0,0,0,0,0,0,0,0,0,233,16,0.0,0.0,0.0,0,0,0
76,0.08,0,255,0.07,1.0,0.0,0.07,0.0,19,0.0,1.0,0.0,0,0,1,0,0,0,0,0,0,0,0,0,0,0,0,neptune,0,0,0,0,0,0,0,0,0,0,1,0,1.0,0,0.25,0.0,0,0,0,0,0,0,0,0,0,0,0,0,0,0,0,0,0,0,0,0,0,0,0,0,0,0,0,0,0,0,0,0,0,0,0,0,0,0,0,0,0,0,0,0,0,0,0,1,0,0,0,0,0,0,0,0,0,0,0,0,0,0,0,0,0,0,0,0,0,0,0,19,0.0,1.0,0.0,0,0,0
3,1.0,0,255,0.01,0.0,0.08,0.07,0.0,17,0.0,0.0,0.0,0,0,0,0,0,0,0,0,0,0,1,0,0,0,0,normal,0,0,0,0,0,0,0,0,0,1,0,0,0.0,0,0.33,0.0,0,0,0,0,0,0,0,0,0,0,0,0,0,0,0,0,0,0,0,0,0,0,0,0,0,0,0,0,0,0,0,0,0,0,0,0,0,0,0,0,0,0,0,0,0,0,0,0,0,0,0,0,0,0,0,0,0,0,0,0,0,0,0,1,0,0,0,0,0,0,181,1,0.0,0.0,0.0,0,0,0
1,0.0,0,1,0.0,0.0,1.0,1.0,0.0,53,0.26,0.0,0.0,0,0,0,0,0,0,0,0,0,0,1,0,0,0,0,nmap,0,0,0,0,0,0,0,0,0,1,0,0,0.0,0,1.0,0.0,0,0,0,0,0,0,0,0,0,0,0,1,0,0,0,0,0,0,0,0,0,0,0,0,0,0,0,0,0,0,0,0,0,0,0,0,0,0,0,0,0,0,0,0,0,0,0,0,0,0,0,0,0,0,0,0,0,0,0,0,0,0,0,0,0,0,0,0,0,0,8,42,1.0,0.0,0.0,0,0,0
236,0.07,0,255,0.08,1.0,0.0,0.07,0.0,17,0.0,1.0,0.0,0,0,1,0,0,0,0,0,0,0,0,0,0,0,0,neptune,0,0,0,0,0,0,0,0,0,0,1,0,1.0,0,0.07,0.0,0,0,0,0,0,0,0,0,0,0,0,0,0,0,0,0,0,0,0,0,0,0,0,0,0,0,0,0,0,0,0,0,0,0,0,0,0,0,0,0,0,0,0,0,0,0,0,1,0,0,0,0,0,0,0,0,0,0,0,0,0,0,0,0,0,0,0,0,0,0,0,17,0.0,1.0,0.0,0,0,0
7,0.29,146,255,0.01,0.0,0.01,0.96,0.0,244,0.0,0.0,0.0,0,0,0,0,0,0,0,0,0,0,1,0,0,0,0,normal,0,0,0,0,0,0,0,0,0,0,0,1,0.0,0,0.14,0.0,0,0,0,0,0,0,0,0,0,0,0,0,0,0,0,0,0,0,0,0,0,0,0,0,0,0,0,0,0,0,0,0,0,0,0,0,0,0,0,0,0,0,0,0,0,0,0,1,0,0,0,0,0,0,0,0,0,0,0,0,0,0,0,0,0,0,0,0,0,0,105,1,0.0,0.0,0.0,0,0,0
133,0.05,0,255,0.06,0.0,0.0,0.0,1.0,1,0.0,0.0,1.0,0,0,0,0,0,0,1,0,0,0,0,0,0,0,0,neptune,0,0,0,0,0,0,0,0,0,0,1,0,0.0,0,0.15,1.0,0,0,0,0,0,0,0,0,0,0,0,0,0,0,0,0,0,0,0,0,0,0,0,0,0,0,0,0,0,0,0,0,0,0,0,0,0,0,0,0,0,0,0,0,0,0,0,1,0,0,0,0,0,0,0,0,0,0,0,0,0,0,0,0,0,0,0,0,0,0,0,20,0.0,0.0,1.0,0,0,0
20,0.0,1124,255,0.0,0.0,0.0,1.0,0.0,255,0.0,0.0,0.0,0,0,0,0,0,0,0,0,0,0,1,0,0,0,0,normal,0,1,0,0,0,0,0,0,0,0,1,0,0.0,0,1.0,0.0,0,0,0,0,0,0,0,0,0,0,0,0,0,0,0,0,0,0,0,0,0,1,0,0,0,0,0,0,0,0,0,0,0,0,0,0,0,0,0,0,0,0,0,0,0,0,0,0,0,0,0,0,0,0,0,0,0,0,0,0,0,0,0,0,0,0,0,0,0,0,291,20,0.0,0.0,0.0,0,0,0
92,0.07,0,255,0.05,0.0,0.0,0.0,1.0,1,0.0,0.0,1.0,0,0,0,0,0,0,1,0,0,0,0,0,0,0,0,neptune,0,0,0,0,0,0,0,0,0,0,1,0,0.0,0,0.01,1.0,0,0,0,0,0,0,0,0,0,0,0,0,0,0,0,0,0,0,0,0,0,0,0,0,0,0,0,0,0,0,0,0,0,0,0,0,1,0,0,0,0,0,0,0,0,0,0,0,0,0,0,0,0,0,0,0,0,0,0,0,0,0,0,0,0,0,0,0,0,0,0,1,0.0,0.0,1.0,0,0,0
300,0.05,0,255,0.06,1.0,0.0,0.08,0.0,20,0.0,1.0,0.0,0,0,1,0,0,0,0,0,0,0,0,0,0,0,0,neptune,0,0,0,0,0,0,0,0,0,0,1,0,1.0,0,0.07,0.0,0,0,0,0,0,0,0,0,0,0,0,0,0,0,0,0,0,0,0,0,0,0,0,0,0,0,0,0,0,0,0,0,0,0,0,0,0,0,0,0,0,0,0,0,0,0,0,0,0,0,0,0,0,0,0,0,0,1,0,0,0,0,0,0,0,0,0,0,0,0,0,20,0.0,1.0,0.0,0,0,0
2,1.0,4152,40,0.15,0.0,0.03,0.22,0.0,9,0.0,0.0,0.0,34,0,0,0,0,0,0,0,0,0,1,0,30,1,0,normal,0,1,0,0,0,0,0,0,0,0,1,0,0.0,0,0.5,0.0,0,0,0,0,0,0,0,0,0,0,0,0,0,0,0,0,1,0,0,0,0,0,0,0,0,0,0,0,0,0,0,0,0,0,0,0,0,0,0,0,0,0,0,0,0,0,0,0,0,0,0,0,0,0,0,0,0,0,0,0,0,0,0,0,0,0,0,0,0,0,1497,1,0.0,0.0,0.0,0,0,0
4,1.0,0,255,0.03,0.22,0.0,0.09,0.0,22,0.0,0.73,0.0,0,0,1,0,0,0,0,0,0,0,0,0,0,0,0,mscan,0,0,0,0,0,0,0,0,0,0,1,0,1.0,0,0.25,0.0,0,0,0,0,0,0,0,0,0,0,0,0,0,0,0,0,0,0,0,0,0,0,0,0,0,0,0,0,0,0,0,0,0,0,0,0,0,0,0,0,0,0,0,0,0,0,0,0,0,0,0,0,0,0,0,0,0,0,1,0,0,0,0,0,0,0,0,0,0,0,0,17,0.76,0.53,0.18,0,0,0
110,0.07,0,255,0.07,0.0,0.0,0.06,1.0,15,0.0,0.0,1.0,0,0,0,0,0,0,1,0,0,0,0,0,0,0,0,neptune,0,0,0,0,0,0,0,0,0,0,1,0,0.0,0,0.05,1.0,0,0,0,0,0,0,0,0,0,0,0,0,0,0,0,0,0,0,0,0,0,0,0,0,0,0,0,0,0,0,0,0,0,0,0,0,0,0,0,0,0,0,0,0,0,0,0,1,0,0,0,0,0,0,0,0,0,0,0,0,0,0,0,0,0,0,0,0,0,0,0,6,0.0,0.0,1.0,0,0,0
10,0.0,6224,29,0.0,0.0,0.03,1.0,0.0,255,0.01,0.0,0.0,0,0,0,0,0,0,0,0,0,0,1,0,0,0,0,normal,0,1,0,0,0,0,0,0,0,0,1,0,0.0,0,1.0,0.0,0,0,0,0,0,0,0,0,0,0,0,0,0,0,0,0,0,0,0,0,0,1,0,0,0,0,0,0,0,0,0,0,0,0,0,0,0,0,0,0,0,0,0,0,0,0,0,0,0,0,0,0,0,0,0,0,0,0,0,0,0,0,0,0,0,0,0,0,0,0,239,26,0.08,0.0,0.0,0,0,0
510,1.0,0,255,1.0,0.98,0.0,0.0,0.02,1,0.0,1.0,0.0,0,0,1,0,0,0,0,0,0,0,0,0,0,0,0,satan,0,0,0,0,0,0,0,0,0,0,1,0,0.94,0,0.0,0.06,0,0,0,0,0,0,0,0,0,0,0,0,0,0,0,0,0,0,0,0,0,0,0,0,0,0,0,0,0,0,0,0,0,0,0,0,0,0,0,0,0,0,1,0,0,0,0,0,0,0,0,0,0,0,0,0,0,0,0,0,0,0,0,0,0,0,0,0,0,0,0,1,0.0,1.0,0.0,0,0,0
14,0.0,2881,14,0.0,0.0,0.07,1.0,0.0,255,0.05,0.0,0.0,0,0,0,0,0,0,0,0,0,0,1,0,0,0,0,normal,0,1,0,0,0,0,0,0,0,0,1,0,0.0,0,1.0,0.0,0,0,0,0,0,0,0,0,0,0,0,0,0,0,0,0,0,0,0,0,0,1,0,0,0,0,0,0,0,0,0,0,0,0,0,0,0,0,0,0,0,0,0,0,0,0,0,0,0,0,0,0,0,0,0,0,0,0,0,0,0,0,0,0,0,0,0,0,0,0,288,16,0.12,0.0,0.0,0,0,0
5,0.0,3409,235,0.0,0.0,0.0,1.0,0.0,255,0.02,0.0,0.0,0,0,0,0,0,0,0,0,0,0,1,0,0,0,0,normal,0,1,0,0,0,0,0,0,0,0,1,0,0.0,0,1.0,0.0,0,0,0,0,0,0,0,0,0,0,0,0,0,0,0,0,0,0,0,0,0,1,0,0,0,0,0,0,0,0,0,0,0,0,0,0,0,0,0,0,0,0,0,0,0,0,0,0,0,0,0,0,0,0,0,0,0,0,0,0,0,0,0,0,0,0,0,0,0,0,224,12,0.33,0.08,0.08,0,0,0
511,0.0,0,255,0.19,0.0,0.38,0.38,0.0,97,0.0,0.0,0.0,0,0,0,0,0,0,0,0,0,0,1,0,0,0,0,smurf,0,0,0,0,0,0,0,0,0,1,0,0,0.0,0,1.0,0.0,0,0,0,0,0,0,0,0,0,0,0,0,1,0,0,0,0,0,0,0,0,0,0,0,0,0,0,0,0,0,0,0,0,0,0,0,0,0,0,0,0,0,0,0,0,0,0,0,0,0,0,0,0,0,0,0,0,0,0,0,0,0,0,0,0,0,0,0,0,0,1032,511,0.0,0.0,0.0,0,0,0
140,0.06,0,255,0.06,1.0,0.0,0.08,0.0,20,0.0,1.0,0.0,0,0,0,1,0,0,0,0,0,0,0,0,0,0,0,neptune,0,0,0,0,0,0,0,0,0,0,1,0,1.0,0,0.14,0.0,0,0,0,0,0,0,0,0,0,0,0,0,0,0,0,0,0,0,0,0,0,0,0,0,0,0,0,0,0,0,0,0,0,0,0,0,0,0,0,0,0,0,0,0,0,0,0,0,0,0,0,0,0,0,0,0,0,0,0,0,0,0,0,0,1,0,0,0,0,0,0,20,0.0,1.0,0.0,0,0,0
6,0.0,296,27,0.0,0.0,0.04,1.0,0.0,244,0.05,0.0,0.0,0,0,0,0,0,0,0,0,0,0,1,0,0,0,0,normal,0,1,0,0,0,0,0,0,0,0,1,0,0.0,0,1.0,0.0,0,0,0,0,0,0,0,0,0,0,0,0,0,0,0,0,0,0,0,0,0,1,0,0,0,0,0,0,0,0,0,0,0,0,0,0,0,0,0,0,0,0,0,0,0,0,0,0,0,0,0,0,0,0,0,0,0,0,0,0,0,0,0,0,0,0,0,0,0,0,208,6,0.0,0.0,0.0,0,0,0
1,0.0,124,54,0.0,0.02,0.02,1.0,0.0,255,0.02,0.01,0.0,0,0,0,0,0,0,0,0,0,0,1,0,0,0,0,normal,0,1,0,0,0,0,0,0,0,0,1,0,0.0,0,1.0,0.0,0,0,0,0,0,0,0,0,0,0,0,0,0,0,0,0,0,0,0,0,0,1,0,0,0,0,0,0,0,0,0,0,0,0,0,0,0,0,0,0,0,0,0,0,0,0,0,0,0,0,0,0,0,0,0,0,0,0,0,0,0,0,0,0,0,0,0,0,0,0,282,2,1.0,0.0,0.0,0,0,0
8,0.0,0,255,0.47,0.0,0.2,0.2,0.47,52,0.0,0.0,0.0,0,0,0,0,0,0,0,0,0,0,1,0,0,0,0,normal,0,0,0,0,0,0,0,0,0,0,1,0,0.0,0,1.0,0.0,0,0,0,0,0,0,0,0,0,0,0,0,0,0,0,0,0,1,0,0,0,0,0,0,0,0,0,0,0,0,0,0,0,0,0,0,0,0,0,0,0,0,0,0,0,0,0,0,0,0,0,0,0,0,0,0,0,0,0,0,0,0,0,0,0,0,0,0,0,0,61298,8,0.0,0.0,0.0,0,0,0
123,0.07,0,255,0.08,0.0,0.0,0.02,1.0,6,0.0,0.0,1.0,0,0,0,0,0,0,1,0,0,0,0,0,0,0,0,neptune,0,0,0,0,0,0,0,0,0,0,1,0,0.0,0,0.05,1.0,0,0,0,0,0,0,0,0,0,0,0,0,0,0,0,0,0,0,0,0,0,0,0,0,0,0,0,0,1,0,0,0,0,0,0,0,0,0,0,0,0,0,0,0,0,0,0,0,0,0,0,0,0,0,0,0,0,0,0,0,0,0,0,0,0,0,0,0,0,0,0,6,0.0,0.0,1.0,0,0,0
68,0.06,0,255,0.02,0.0,0.01,0.26,1.0,67,0.0,0.0,1.0,0,0,0,0,0,0,1,0,0,0,0,0,0,0,0,neptune,0,0,0,0,0,0,0,0,0,0,1,0,0.0,0,0.24,1.0,0,0,0,0,0,0,0,0,0,0,0,0,0,0,0,0,0,1,0,0,0,0,0,0,0,0,0,0,0,0,0,0,0,0,0,0,0,0,0,0,0,0,0,0,0,0,0,0,0,0,0,0,0,0,0,0,0,0,0,0,0,0,0,0,0,0,0,0,0,0,0,16,0.0,0.0,1.0,0,0,0
9,0.0,430,255,0.0,0.0,0.0,1.0,0.0,255,0.0,0.0,0.0,0,0,0,0,0,0,0,0,0,0,1,0,0,0,0,normal,0,1,0,0,0,0,0,0,0,0,1,0,0.0,0,1.0,0.0,0,0,0,0,0,0,0,0,0,0,0,0,0,0,0,0,0,0,0,0,0,1,0,0,0,0,0,0,0,0,0,0,0,0,0,0,0,0,0,0,0,0,0,0,0,0,0,0,0,0,0,0,0,0,0,0,0,0,0,0,0,0,0,0,0,0,0,0,0,0,296,16,0.25,0.0,0.0,0,0,0
6,0.0,5894,255,0.0,0.0,0.0,1.0,0.0,255,0.0,0.0,0.0,0,0,0,0,0,0,0,0,0,0,1,0,0,0,0,normal,0,1,0,0,0,0,0,0,0,0,1,0,0.0,0,1.0,0.0,0,0,0,0,0,0,0,0,0,0,0,0,0,0,0,0,0,0,0,0,0,1,0,0,0,0,0,0,0,0,0,0,0,0,0,0,0,0,0,0,0,0,0,0,0,0,0,0,0,0,0,0,0,0,0,0,0,0,0,0,0,0,0,0,0,0,0,0,0,0,274,6,0.0,0.0,0.0,0,0,0
2,0.0,0,255,0.71,1.0,1.0,0.01,0.0,2,0.0,1.0,0.0,8655,0,0,0,0,1,0,0,0,0,0,0,0,0,0,portsweep,0,0,0,0,0,0,0,0,0,0,1,0,1.0,0,1.0,0.0,0,0,0,0,0,0,0,0,0,0,0,0,0,0,0,0,0,0,0,0,0,0,0,0,0,0,0,0,0,0,0,0,0,0,0,0,0,0,0,0,0,0,1,0,0,0,0,0,0,0,0,0,0,0,0,0,0,0,0,0,0,0,0,0,0,0,0,0,0,0,1,2,0.0,1.0,0.0,0,0,0
6,0.0,2445,128,0.0,0.0,0.01,1.0,0.0,255,0.02,0.0,0.0,0,0,0,0,0,0,0,0,0,0,1,0,0,0,0,normal,0,1,0,0,0,0,0,0,0,0,1,0,0.0,0,1.0,0.0,0,0,0,0,0,0,0,0,0,0,0,0,0,0,0,0,0,0,0,0,0,1,0,0,0,0,0,0,0,0,0,0,0,0,0,0,0,0,0,0,0,0,0,0,0,0,0,0,0,0,0,0,0,0,0,0,0,0,0,0,0,0,0,0,0,0,0,0,0,0,201,6,0.0,0.0,0.0,0,0,0
101,0.06,0,255,0.06,0.0,0.0,0.05,1.0,12,0.0,0.0,1.0,0,0,0,0,0,0,1,0,0,0,0,0,0,0,0,neptune,0,0,0,0,0,0,0,0,0,0,1,0,0.0,0,0.08,1.0,0,0,0,0,0,0,0,0,0,0,0,0,0,0,0,0,0,0,0,0,0,0,0,0,0,0,0,0,0,0,0,0,0,0,0,0,0,0,0,0,0,0,0,0,0,0,0,1,0,0,0,0,0,0,0,0,0,0,0,0,0,0,0,0,0,0,0,0,0,0,0,8,0.0,0.0,1.0,0,0,0
38,0.0,0,255,0.0,0.7,0.0,1.0,0.18,255,0.0,0.7,0.18,0,0,0,0,0,0,1,0,0,0,0,0,0,0,0,apache2,0,0,0,0,0,0,0,0,0,0,1,0,0.13,0,1.0,0.84,0,0,0,0,0,0,0,0,0,0,0,0,0,0,0,0,0,0,0,0,0,1,0,0,0,0,0,0,0,0,0,0,0,0,0,0,0,0,0,0,0,0,0,0,0,0,0,0,0,0,0,0,0,0,0,0,0,0,0,0,0,0,0,0,0,0,0,0,0,0,0,38,0.0,0.13,0.84,0,0,0
5,0.0,296,28,0.0,0.0,0.04,1.0,0.0,255,0.03,0.02,0.0,0,0,0,0,0,0,0,0,0,0,1,0,0,0,0,normal,0,1,0,0,0,0,0,0,0,0,1,0,0.0,0,1.0,0.0,0,0,0,0,0,0,0,0,0,0,0,0,0,0,0,0,0,0,0,0,0,1,0,0,0,0,0,0,0,0,0,0,0,0,0,0,0,0,0,0,0,0,0,0,0,0,0,0,0,0,0,0,0,0,0,0,0,0,0,0,0,0,0,0,0,0,0,0,0,0,214,6,0.33,0.0,0.0,0,0,0
238,0.07,0,255,0.08,0.0,0.0,0.06,1.0,15,0.0,0.0,1.0,0,0,0,0,0,0,1,0,0,0,0,0,0,0,0,neptune,0,0,0,0,0,0,0,0,0,0,1,0,0.0,0,0.06,1.0,0,0,0,0,0,0,0,0,0,0,0,0,0,0,0,0,0,0,0,0,0,0,0,0,0,1,0,0,0,0,0,0,0,0,0,0,0,0,0,0,0,0,0,0,0,0,0,0,0,0,0,0,0,0,0,0,0,0,0,0,0,0,0,0,0,0,0,0,0,0,0,14,0.0,0.0,1.0,0,0,0
2,1.0,0,255,0.01,0.0,0.01,0.0,0.0,1,0.0,0.0,0.0,0,0,0,0,0,0,0,0,0,0,1,0,0,0,0,normal,0,0,0,0,0,0,0,0,0,1,0,0,0.0,0,0.5,0.0,0,0,0,0,0,0,0,0,0,0,0,0,0,0,0,0,0,0,0,0,0,0,0,0,0,0,0,0,0,0,0,0,0,0,0,0,0,0,0,0,0,0,0,0,0,0,0,0,0,0,0,0,0,0,0,0,0,0,0,0,0,0,0,1,0,0,0,0,0,0,183,1,0.0,0.0,0.0,0,0,0
16,0.0,505,16,0.0,0.0,0.06,1.0,0.0,62,0.05,0.0,0.0,0,0,0,0,0,0,0,0,0,0,1,0,0,0,0,normal,0,1,0,0,0,0,0,0,0,0,1,0,0.0,0,1.0,0.0,0,0,0,0,0,0,0,0,0,0,0,0,0,0,0,0,0,0,0,0,0,1,0,0,0,0,0,0,0,0,0,0,0,0,0,0,0,0,0,0,0,0,0,0,0,0,0,0,0,0,0,0,0,0,0,0,0,0,0,0,0,0,0,0,0,0,0,0,0,0,280,16,0.0,0.0,0.0,0,0,0
10,0.0,12922,255,0.0,0.0,0.0,1.0,0.0,255,0.0,0.0,0.0,0,0,0,0,0,0,0,0,0,0,1,0,0,0,0,normal,0,1,0,0,0,0,0,0,0,0,1,0,0.0,0,1.0,0.1,0,0,0,0,0,0,0,0,0,0,0,0,0,0,0,0,0,0,0,0,0,1,0,0,0,0,0,0,0,0,0,0,0,0,0,0,0,0,0,0,0,0,0,0,0,0,0,0,0,0,0,0,0,0,0,0,0,0,0,0,0,0,0,0,0,0,0,0,0,0,329,10,0.0,0.0,0.1,0,0,0
9,0.33,0,255,0.35,0.15,0.85,0.03,0.0,7,0.0,0.0,0.0,0,0,0,0,0,0,0,0,0,0,1,0,0,0,0,satan,0,0,0,0,0,0,0,0,0,0,0,1,0.0,0,0.78,0.0,0,0,0,0,0,0,0,0,0,0,0,0,0,0,0,0,0,0,0,0,0,0,0,0,0,0,0,0,0,0,0,0,0,0,0,0,0,0,0,0,0,0,0,0,0,0,0,1,0,0,0,0,0,0,0,0,0,0,0,0,0,0,0,0,0,0,0,0,0,0,1,7,0.0,0.0,0.0,0,0,0
269,0.06,0,255,0.08,1.0,0.0,0.02,0.0,6,0.0,1.0,0.0,0,0,1,0,0,0,0,0,0,0,0,0,0,0,0,neptune,0,0,0,0,0,0,0,0,0,0,1,0,1.0,0,0.02,0.0,0,0,0,0,0,0,0,0,0,0,0,0,0,0,0,0,0,0,0,0,0,0,0,0,0,0,0,0,0,0,0,0,0,0,0,0,0,0,0,0,0,0,0,0,0,0,0,1,0,0,0,0,0,0,0,0,0,0,0,0,0,0,0,0,0,0,0,0,0,0,0,6,0.0,1.0,0.0,0,0,0
2,1.0,93,255,0.02,0.13,0.0,0.62,0.0,157,0.0,0.0,0.0,4,0,0,0,0,0,0,0,0,0,1,0,0,0,0,guess_passwd,0,1,0,0,0,0,0,0,0,0,1,0,0.0,0,0.5,0.0,0,0,0,0,0,0,0,0,0,0,0,0,0,0,0,0,0,0,0,0,0,0,0,0,0,0,0,0,0,0,0,0,0,0,0,0,0,0,0,0,0,0,0,0,0,1,0,0,0,0,0,0,0,0,0,0,0,0,0,0,0,0,0,0,0,0,0,0,0,0,32,1,0.0,0.0,0.0,0,0,0
331,0.52,0,255,0.52,1.0,1.0,0.01,0.0,2,0.0,1.0,0.0,3,0,0,0,0,1,0,0,0,0,0,0,0,0,0,portsweep,0,0,0,0,0,0,0,0,0,0,1,0,1.0,0,0.01,0.0,0,0,0,0,0,0,0,0,0,0,0,0,0,0,0,0,0,0,0,0,0,0,0,0,0,0,0,0,0,0,0,0,0,0,0,0,0,0,0,0,0,0,0,0,0,0,0,1,0,0,0,0,0,0,0,0,0,0,0,0,0,0,0,0,0,0,0,0,0,0,0,2,0.0,1.0,0.0,0,0,0
1,0.0,0,15,0.0,1.0,0.07,1.0,0.0,253,0.17,0.98,0.0,0,0,1,0,0,0,0,0,0,0,0,0,0,0,0,normal,0,0,0,0,0,0,0,0,0,0,1,0,1.0,0,1.0,0.0,0,0,0,0,0,0,0,0,0,0,0,0,0,0,0,0,0,0,0,0,0,1,0,0,0,0,0,0,0,0,0,0,0,0,0,0,0,0,0,0,0,0,0,0,0,0,0,0,0,0,0,0,0,0,0,0,0,0,0,0,0,0,0,0,0,0,0,0,0,0,0,1,0.0,1.0,0.0,0,0,0
7,0.0,1721,255,0.0,0.0,0.0,1.0,0.01,255,0.0,0.0,0.01,0,0,0,0,0,0,0,0,0,0,1,0,0,0,0,normal,0,1,0,0,0,0,0,0,0,0,1,0,0.0,0,1.0,0.0,0,0,0,0,0,0,0,0,0,0,0,0,0,0,0,0,0,0,0,0,0,1,0,0,0,0,0,0,0,0,0,0,0,0,0,0,0,0,0,0,0,0,0,0,0,0,0,0,0,0,0,0,0,0,0,0,0,0,0,0,0,0,0,0,0,0,0,0,0,0,322,7,0.0,0.0,0.0,0,0,0
292,0.06,0,255,0.06,1.0,0.0,0.02,0.0,5,0.0,1.0,0.0,0,0,1,0,0,0,0,0,0,0,0,0,0,0,0,neptune,0,0,0,0,0,0,0,0,0,0,1,0,1.0,0,0.02,0.0,0,0,0,0,0,0,0,0,0,0,0,0,0,0,0,0,0,0,0,0,0,0,0,0,0,0,0,0,0,0,0,0,0,0,0,0,0,0,0,0,0,0,0,0,0,0,0,0,0,0,0,0,0,0,0,0,0,0,0,0,0,0,0,0,0,0,0,1,0,0,0,5,0.0,1.0,0.0,0,0,0
1,0.0,331,141,0.03,0.0,0.01,0.78,0.0,184,0.01,0.0,0.0,0,0,0,0,0,0,0,0,0,0,1,0,0,0,0,normal,0,1,0,0,0,0,0,0,0,0,1,0,0.0,0,1.0,0.0,0,0,0,0,0,0,0,0,0,0,0,0,0,0,0,0,0,0,0,0,0,0,0,0,0,0,0,0,0,0,0,0,0,0,0,0,0,0,0,0,0,0,0,0,0,0,0,0,0,0,0,0,1,0,0,0,0,0,0,0,0,0,0,0,0,0,0,0,0,0,1095,2,1.0,0.0,0.0,0,0,0
4,0.75,36,255,0.02,0.67,0.0,0.19,0.01,48,0.0,1.0,0.0,0,0,0,1,0,0,0,0,0,0,0,0,0,0,0,mscan,0,1,0,0,0,0,0,0,0,0,1,0,0.75,0,0.25,0.0,0,0,0,0,0,0,0,0,0,0,0,0,0,0,0,0,0,0,0,0,0,0,0,0,0,0,0,0,0,0,0,0,0,0,0,0,0,0,0,0,0,0,0,0,0,1,0,0,0,0,0,0,0,0,0,0,0,0,0,0,0,0,0,0,0,0,0,0,0,0,0,3,1.0,1.0,0.0,0,0,0
266,0.06,0,255,0.07,1.0,0.0,0.04,0.0,10,0.0,1.0,0.0,0,0,0,1,0,0,0,0,0,0,0,0,0,0,0,neptune,0,0,0,0,0,0,0,0,0,0,1,0,1.0,0,0.04,0.0,0,0,0,0,0,0,0,1,0,0,0,0,0,0,0,0,0,0,0,0,0,0,0,0,0,0,0,0,0,0,0,0,0,0,0,0,0,0,0,0,0,0,0,0,0,0,0,0,0,0,0,0,0,0,0,0,0,0,0,0,0,0,0,0,0,0,0,0,0,0,0,10,0.0,1.0,0.0,0,0,0
26,0.0,3308,50,0.0,0.0,0.02,1.0,0.0,255,0.03,0.0,0.01,0,0,0,0,0,0,0,0,0,0,1,0,0,0,0,normal,0,1,0,0,0,0,0,0,0,0,1,0,0.0,0,1.0,0.0,0,0,0,0,0,0,0,0,0,0,0,0,0,0,0,0,0,0,0,0,0,1,0,0,0,0,0,0,0,0,0,0,0,0,0,0,0,0,0,0,0,0,0,0,0,0,0,0,0,0,0,0,0,0,0,0,0,0,0,0,0,0,0,0,0,0,0,0,0,0,329,47,0.13,0.0,0.0,0,0,0
147,0.0,126,255,0.01,0.0,0.0,0.83,0.0,212,0.0,0.0,0.0,0,0,0,0,0,0,0,0,0,0,1,0,0,0,0,normal,0,0,0,0,0,0,0,0,0,0,0,1,0.0,0,1.0,0.0,0,0,0,0,0,0,0,0,0,1,0,0,0,0,0,0,0,0,0,0,0,0,0,0,0,0,0,0,0,0,0,0,0,0,0,0,0,0,0,0,0,0,0,0,0,0,0,0,0,0,0,0,0,0,0,0,0,0,0,0,0,0,0,0,0,0,0,0,0,0,43,226,0.01,0.0,0.0,0,0,0
7,0.0,1075,125,0.02,0.0,0.01,0.91,0.0,114,0.0,0.0,0.0,0,0,0,0,0,0,0,0,0,0,1,0,0,0,0,normal,0,1,0,0,0,0,0,0,0,0,1,0,0.0,0,1.0,0.0,0,0,0,0,0,0,0,0,0,0,0,0,0,0,0,0,0,0,0,0,0,1,0,0,0,0,0,0,0,0,0,0,0,0,0,0,0,0,0,0,0,0,0,0,0,0,0,0,0,0,0,0,0,0,0,0,0,0,0,0,0,0,0,0,0,0,0,0,0,0,303,7,0.0,0.0,0.0,0,0,0
27,0.11,0,255,0.07,0.0,0.0,0.05,1.0,14,0.0,0.0,1.0,0,0,0,0,0,0,1,0,0,0,0,0,0,0,0,neptune,0,0,0,0,0,0,0,0,0,0,1,0,0.0,0,0.07,1.0,0,0,0,0,0,0,0,0,0,0,0,0,0,0,0,0,0,0,0,0,0,0,0,0,0,0,0,0,0,0,0,0,0,0,0,0,0,0,0,0,0,0,0,0,0,0,0,1,0,0,0,0,0,0,0,0,0,0,0,0,0,0,0,0,0,0,0,0,0,0,0,2,0.0,0.0,1.0,0,0,0
4,0.0,1483,23,0.0,0.0,0.04,1.0,0.0,255,0.04,0.0,0.0,0,0,0,0,0,0,0,0,0,0,1,0,0,0,0,normal,0,1,0,0,0,0,0,0,0,0,1,0,0.0,0,1.0,0.0,0,0,0,0,0,0,0,0,0,0,0,0,0,0,0,0,0,0,0,0,0,1,0,0,0,0,0,0,0,0,0,0,0,0,0,0,0,0,0,0,0,0,0,0,0,0,0,0,0,0,0,0,0,0,0,0,0,0,0,0,0,0,0,0,0,0,0,0,0,0,295,4,0.0,0.0,0.0,0,0,0
226,0.07,0,255,0.08,1.0,0.0,0.05,0.0,14,0.0,1.0,0.0,0,0,1,0,0,0,0,0,0,0,0,0,0,0,0,neptune,0,0,0,0,0,0,0,0,0,0,1,0,1.0,0,0.06,0.0,0,0,0,0,0,0,0,0,0,0,0,0,0,0,0,0,0,0,0,0,0,0,0,0,0,0,0,0,0,0,0,0,0,0,0,0,0,0,0,0,0,0,0,0,0,0,0,0,0,0,0,0,0,0,0,0,0,0,0,0,0,0,0,0,0,0,0,1,0,0,0,14,0.0,1.0,0.0,0,0,0
511,0.0,0,255,0.02,0.0,0.74,0.74,0.0,188,0.0,0.0,0.0,0,0,0,0,0,0,0,0,0,0,1,0,0,0,0,smurf,0,0,0,0,0,0,0,0,0,1,0,0,0.0,0,1.0,0.0,0,0,0,0,0,0,0,0,0,0,0,0,1,0,0,0,0,0,0,0,0,0,0,0,0,0,0,0,0,0,0,0,0,0,0,0,0,0,0,0,0,0,0,0,0,0,0,0,0,0,0,0,0,0,0,0,0,0,0,0,0,0,0,0,0,0,0,0,0,0,1032,511,0.0,0.0,0.0,0,0,0
14,0.0,305,98,0.0,0.0,0.01,1.0,0.01,255,0.05,0.0,0.01,0,0,0,0,0,0,0,0,0,0,1,0,0,0,0,normal,0,1,0,0,0,0,0,0,0,0,1,0,0.0,0,1.0,0.0,0,0,0,0,0,0,0,0,0,0,0,0,0,0,0,0,0,0,0,0,0,1,0,0,0,0,0,0,0,0,0,0,0,0,0,0,0,0,0,0,0,0,0,0,0,0,0,0,0,0,0,0,0,0,0,0,0,0,0,0,0,0,0,0,0,0,0,0,0,0,211,14,0.0,0.0,0.0,0,0,0
2,0.0,0,72,0.06,0.0,0.11,0.11,0.0,9,0.22,0.0,0.0,0,0,0,0,0,0,0,0,0,0,1,0,0,0,0,normal,0,1,0,0,0,0,0,0,0,0,1,0,0.0,0,1.0,0.0,0,0,0,0,0,0,0,0,0,0,0,0,0,0,0,0,0,1,0,0,0,0,0,0,0,0,0,0,0,0,0,0,0,0,0,0,0,0,0,0,0,0,0,0,0,0,0,0,0,0,0,0,0,0,0,0,0,0,0,0,0,0,0,0,0,0,0,0,0,0,637,2,0.0,0.0,0.0,0,0,0
194,0.0,0,255,0.0,0.0,1.0,1.0,0.0,255,0.0,0.0,0.0,0,0,0,0,0,0,0,0,0,0,1,0,0,0,0,smurf,0,0,0,0,0,0,0,0,0,1,0,0,0.0,0,1.0,0.0,0,0,0,0,0,0,0,0,0,0,0,0,1,0,0,0,0,0,0,0,0,0,0,0,0,0,0,0,0,0,0,0,0,0,0,0,0,0,0,0,0,0,0,0,0,0,0,0,0,0,0,0,0,0,0,0,0,0,0,0,0,0,0,0,0,0,0,0,0,0,520,194,0.0,0.0,0.0,0,0,0
56,0.11,0,255,0.07,0.0,0.0,0.04,1.0,11,0.0,0.0,1.0,0,0,0,0,0,0,1,0,0,0,0,0,0,0,0,neptune,0,0,0,0,0,0,0,0,0,0,1,0,0.0,0,0.2,1.0,0,0,0,0,0,0,0,0,0,0,0,0,0,0,0,0,0,0,0,0,0,0,0,0,0,0,0,0,0,0,0,0,0,0,0,1,0,0,0,0,0,0,0,0,0,0,0,0,0,0,0,0,0,0,0,0,0,0,0,0,0,0,0,0,0,0,0,0,0,0,0,11,0.0,0.0,1.0,0,0,0
38,0.11,0,255,0.04,0.0,0.01,0.18,1.0,46,0.0,0.0,1.0,0,0,0,0,0,0,1,0,0,0,0,0,0,0,0,neptune,0,0,0,0,0,0,0,0,0,0,1,0,0.0,0,0.26,1.0,0,0,0,0,0,0,0,0,0,0,0,0,0,0,0,0,0,1,0,0,0,0,0,0,0,0,0,0,0,0,0,0,0,0,0,0,0,0,0,0,0,0,0,0,0,0,0,0,0,0,0,0,0,0,0,0,0,0,0,0,0,0,0,0,0,0,0,0,0,0,0,10,0.0,0.0,1.0,0,0,0
9,0.0,482,115,0.0,0.0,0.01,1.0,0.0,255,0.04,0.0,0.0,0,0,0,0,0,0,0,0,0,0,1,0,0,0,0,normal,0,1,0,0,0,0,0,0,0,0,1,0,0.0,0,1.0,0.0,0,0,0,0,0,0,0,0,0,0,0,0,0,0,0,0,0,0,0,0,0,1,0,0,0,0,0,0,0,0,0,0,0,0,0,0,0,0,0,0,0,0,0,0,0,0,0,0,0,0,0,0,0,0,0,0,0,0,0,0,0,0,0,0,0,0,0,0,0,0,292,17,0.18,0.0,0.0,0,0,0
76,0.0,127,255,0.01,0.0,0.0,1.0,0.0,254,0.0,0.0,0.0,0,0,0,0,0,0,0,0,0,0,1,0,0,0,0,normal,0,0,0,0,0,0,0,0,0,0,0,1,0.0,0,1.0,0.0,0,0,0,0,0,0,0,0,0,1,0,0,0,0,0,0,0,0,0,0,0,0,0,0,0,0,0,0,0,0,0,0,0,0,0,0,0,0,0,0,0,0,0,0,0,0,0,0,0,0,0,0,0,0,0,0,0,0,0,0,0,0,0,0,0,0,0,0,0,0,44,156,0.01,0.0,0.0,0,0,0
298,0.05,0,255,0.06,1.0,0.0,0.04,0.0,10,0.0,1.0,0.0,0,0,1,0,0,0,0,0,0,0,0,0,0,0,0,neptune,0,0,0,0,0,0,0,0,0,0,1,0,1.0,0,0.03,0.0,0,0,0,0,0,0,0,0,0,0,0,0,0,0,0,0,0,0,0,0,0,0,0,0,0,0,0,0,0,0,0,0,0,0,0,0,0,0,0,0,0,0,0,0,0,0,0,1,0,0,0,0,0,0,0,0,0,0,0,0,0,0,0,0,0,0,0,0,0,0,0,10,0.0,1.0,0.0,0,0,0
173,0.06,0,255,0.07,0.0,0.0,0.02,1.0,6,0.0,0.0,1.0,0,0,0,0,0,0,1,0,0,0,0,0,0,0,0,neptune,0,0,0,0,0,0,0,0,0,0,1,0,0.0,0,0.09,1.0,0,0,0,0,0,0,0,0,0,0,0,0,0,0,0,0,0,0,0,0,0,0,0,0,0,0,0,0,0,0,0,0,0,0,0,0,0,0,0,0,0,0,0,0,0,0,0,1,0,0,0,0,0,0,0,0,0,0,0,0,0,0,0,0,0,0,0,0,0,0,0,15,0.0,0.0,1.0,0,0,0
215,0.05,0,156,0.08,0.01,0.01,0.01,0.91,1,0.0,0.0,1.0,0,0,0,0,0,0,1,0,0,0,0,0,0,0,0,neptune,0,0,0,0,0,0,0,0,0,0,1,0,0.0,0,0.0,1.0,0,0,0,0,0,0,0,0,0,0,0,0,0,0,0,0,0,0,0,0,0,0,0,0,0,0,0,0,0,0,0,0,0,0,0,0,0,0,0,0,0,0,0,0,0,0,0,1,0,0,0,0,0,0,0,0,0,0,0,0,0,0,0,0,0,0,0,0,0,0,0,1,0.0,0.0,1.0,0,0,0
2,0.0,2200,25,0.0,0.0,0.04,1.0,0.0,255,0.03,0.0,0.0,0,0,0,0,0,0,0,0,0,0,1,0,0,0,0,normal,0,1,0,0,0,0,0,0,0,0,1,0,0.0,0,1.0,0.0,0,0,0,0,0,0,0,0,0,0,0,0,0,0,0,0,0,0,0,0,0,1,0,0,0,0,0,0,0,0,0,0,0,0,0,0,0,0,0,0,0,0,0,0,0,0,0,0,0,0,0,0,0,0,0,0,0,0,0,0,0,0,0,0,0,0,0,0,0,0,200,2,0.0,0.0,0.0,0,0,0
1,0.0,1395,253,0.03,0.0,0.0,0.01,0.0,2,0.0,0.0,0.0,13,0,0,0,0,0,0,0,0,0,1,0,0,0,0,normal,0,1,0,0,0,0,0,0,0,0,1,0,0.0,0,1.0,0.0,0,0,0,0,0,0,0,0,0,0,0,0,0,0,0,0,0,0,0,0,0,0,0,0,0,0,0,0,0,0,0,0,0,0,0,0,0,0,0,0,0,0,0,0,0,0,0,0,0,0,0,0,0,0,0,0,0,0,1,0,0,0,0,0,0,0,0,0,0,0,105,1,0.0,0.0,0.0,0,0,0
145,0.03,0,255,0.04,0.0,1.0,0.65,0.0,166,0.0,0.0,0.0,0,0,0,0,0,0,0,0,0,0,1,0,0,0,0,satan,0,0,0,0,0,0,0,0,0,0,0,1,0.0,0,0.86,0.0,0,0,0,0,0,0,0,0,0,0,0,0,0,0,0,0,0,0,0,0,0,0,0,0,0,0,0,0,0,0,0,0,0,0,0,0,0,0,0,0,0,0,0,0,0,0,0,1,0,0,0,0,0,0,0,0,0,0,0,0,0,0,0,0,0,0,0,0,0,0,1,125,0.0,0.0,0.0,0,0,0
248,0.0,71,255,0.01,0.0,0.0,1.0,0.0,254,0.0,0.0,0.0,0,0,0,0,0,0,0,0,0,0,1,0,0,0,0,normal,0,0,0,0,0,0,0,0,0,0,0,1,0.0,0,1.0,0.0,0,0,0,0,0,0,0,0,0,1,0,0,0,0,0,0,0,0,0,0,0,0,0,0,0,0,0,0,0,0,0,0,0,0,0,0,0,0,0,0,0,0,0,0,0,0,0,0,0,0,0,0,0,0,0,0,0,0,0,0,0,0,0,0,0,0,0,0,0,0,42,248,0.0,0.0,0.0,0,0,0
39,0.05,142,255,0.01,0.0,0.0,0.84,0.0,214,0.0,0.0,0.0,0,0,0,0,0,0,0,0,0,0,1,0,0,0,0,normal,0,0,0,0,0,0,0,0,0,0,0,1,0.0,0,0.97,0.0,0,0,0,0,0,0,0,0,0,1,0,0,0,0,0,0,0,0,0,0,0,0,0,0,0,0,0,0,0,0,0,0,0,0,0,0,0,0,0,0,0,0,0,0,0,0,0,0,0,0,0,0,0,0,0,0,0,0,0,0,0,0,0,0,0,0,0,0,0,0,45,119,0.02,0.0,0.0,0,0,0
1,0.0,0,33,0.0,1.0,0.03,1.0,0.0,255,0.2,1.0,0.0,0,0,1,0,0,0,0,0,0,0,0,0,0,0,0,normal,0,0,0,0,0,0,0,0,0,0,1,0,1.0,0,1.0,0.0,0,0,0,0,0,0,0,0,0,0,0,0,0,0,0,0,0,0,0,0,0,1,0,0,0,0,0,0,0,0,0,0,0,0,0,0,0,0,0,0,0,0,0,0,0,0,0,0,0,0,0,0,0,0,0,0,0,0,0,0,0,0,0,0,0,0,0,0,0,0,0,1,0.0,1.0,0.0,0,0,0
1,0.0,330,102,0.03,0.0,0.01,0.74,0.0,84,0.02,0.0,0.0,32,0,0,0,0,0,0,0,0,0,1,0,0,0,0,normal,0,1,0,0,0,0,0,0,0,0,1,0,0.0,0,1.0,0.0,0,0,0,0,0,0,0,0,0,0,0,0,0,0,0,0,0,0,0,0,0,0,0,0,0,0,0,0,0,0,0,0,0,0,0,0,0,0,0,0,0,0,0,0,0,0,0,0,0,0,0,0,1,0,0,0,0,0,0,0,0,0,0,0,0,0,0,0,0,0,1706,1,0.0,0.0,0.0,0,0,0
8,0.0,2710,20,0.0,0.0,0.05,1.0,0.0,255,0.03,0.0,0.0,0,0,0,0,0,0,0,0,0,0,1,0,0,0,0,normal,0,1,0,0,0,0,0,0,0,0,1,0,0.0,0,1.0,0.0,0,0,0,0,0,0,0,0,0,0,0,0,0,0,0,0,0,0,0,0,0,1,0,0,0,0,0,0,0,0,0,0,0,0,0,0,0,0,0,0,0,0,0,0,0,0,0,0,0,0,0,0,0,0,0,0,0,0,0,0,0,0,0,0,0,0,0,0,0,0,336,8,0.0,0.0,0.0,0,0,0
1,0.0,44,255,0.02,0.01,0.0,0.82,0.29,209,0.0,0.01,0.33,7422,0,0,0,0,0,0,0,0,0,1,0,0,0,0,processtable,0,0,0,0,0,0,0,0,0,0,1,0,0.0,0,1.0,0.0,0,0,0,0,0,0,0,0,0,0,0,0,0,0,0,0,0,0,0,0,0,0,0,0,0,0,0,0,0,0,0,0,0,0,0,0,0,0,0,0,0,0,0,0,0,0,0,0,0,0,0,0,0,0,0,0,0,0,1,0,0,0,0,0,0,0,0,0,0,0,0,1,0.0,0.0,0.0,0,0,0
1,0.0,337,145,0.03,0.0,0.01,0.28,0.01,99,0.02,0.0,0.01,2,0,0,0,0,0,0,0,0,0,1,0,0,0,0,normal,0,1,0,0,0,0,0,0,0,0,1,0,0.0,0,1.0,0.0,0,0,0,0,0,0,0,0,0,0,0,0,0,0,0,0,0,0,0,0,0,0,0,0,0,0,0,0,0,0,0,0,0,0,0,0,0,0,0,0,0,0,0,0,0,0,0,0,0,0,0,0,1,0,0,0,0,0,0,0,0,0,0,0,0,0,0,0,0,0,983,2,1.0,0.0,0.0,0,0,0
274,0.06,0,255,0.07,0.0,0.0,0.05,1.0,13,0.0,0.0,1.0,0,0,0,0,0,0,1,0,0,0,0,0,0,0,0,neptune,0,0,0,0,0,0,0,0,0,0,1,0,0.0,0,0.05,1.0,0,0,0,0,0,1,0,0,0,0,0,0,0,0,0,0,0,0,0,0,0,0,0,0,0,0,0,0,0,0,0,0,0,0,0,0,0,0,0,0,0,0,0,0,0,0,0,0,0,0,0,0,0,0,0,0,0,0,0,0,0,0,0,0,0,0,0,0,0,0,0,13,0.0,0.0,1.0,0,0,0
113,0.05,0,255,0.07,0.0,0.0,0.03,1.0,8,0.0,0.0,1.0,0,0,0,0,0,0,1,0,0,0,0,0,0,0,0,neptune,0,0,0,0,0,0,0,0,0,0,1,0,0.0,0,0.12,1.0,0,0,0,0,0,0,0,0,0,0,0,0,0,0,0,0,0,0,0,0,0,0,0,1,0,0,0,0,0,0,0,0,0,0,0,0,0,0,0,0,0,0,0,0,0,0,0,0,0,0,0,0,0,0,0,0,0,0,0,0,0,0,0,0,0,0,0,0,0,0,0,14,0.0,0.0,1.0,0,0,0
225,0.07,0,255,0.07,1.0,0.0,0.01,0.0,2,0.0,1.0,0.0,0,0,1,0,0,0,0,0,0,0,0,0,0,0,0,neptune,0,0,0,0,0,0,0,0,0,0,1,0,1.0,0,0.01,0.0,0,0,0,0,0,0,0,0,0,0,0,0,0,0,0,0,0,0,0,0,0,0,0,0,0,0,0,0,0,0,0,0,0,0,0,0,0,0,0,0,0,0,0,0,0,0,0,1,0,0,0,0,0,0,0,0,0,0,0,0,0,0,0,0,0,0,0,0,0,0,0,2,0.0,1.0,0.0,0,0,0
8,0.0,9412,255,0.0,0.0,0.01,1.0,0.0,255,0.0,0.0,0.0,0,0,0,0,0,0,0,0,0,0,1,0,0,0,0,normal,0,1,0,0,0,0,0,0,0,0,1,0,0.0,0,1.0,0.0,0,0,0,0,0,0,0,0,0,0,0,0,0,0,0,0,0,0,0,0,0,1,0,0,0,0,0,0,0,0,0,0,0,0,0,0,0,0,0,0,0,0,0,0,0,0,0,0,0,0,0,0,0,0,0,0,0,0,0,0,0,0,0,0,0,0,0,0,0,0,316,8,0.0,0.0,0.0,0,0,0
7,0.0,2531,89,0.0,0.0,0.01,1.0,0.0,89,0.0,0.0,0.0,0,0,0,0,0,0,0,0,0,0,1,0,0,0,0,normal,0,1,0,0,0,0,0,0,0,0,1,0,0.0,0,1.0,0.0,0,0,0,0,0,0,0,0,0,0,0,0,0,0,0,0,0,0,0,0,0,1,0,0,0,0,0,0,0,0,0,0,0,0,0,0,0,0,0,0,0,0,0,0,0,0,0,0,0,0,0,0,0,0,0,0,0,0,0,0,0,0,0,0,0,0,0,0,0,0,325,7,0.0,0.0,0.0,0,0,0
14,0.0,2989,255,0.0,0.0,0.0,1.0,0.0,255,0.0,0.0,0.0,0,0,0,0,0,0,0,0,0,0,1,0,0,0,0,normal,0,1,0,0,0,0,0,0,0,0,1,0,0.0,0,1.0,0.0,0,0,0,0,0,0,0,0,0,0,0,0,0,0,0,0,0,0,0,0,0,1,0,0,0,0,0,0,0,0,0,0,0,0,0,0,0,0,0,0,0,0,0,0,0,0,0,0,0,0,0,0,0,0,0,0,0,0,0,0,0,0,0,0,0,0,0,0,0,0,317,14,0.0,0.0,0.0,0,0,0
34,0.0,1010,255,0.0,0.0,0.0,1.0,0.0,255,0.0,0.0,0.0,0,0,0,0,0,0,0,0,0,0,1,0,0,0,0,normal,0,1,0,0,0,0,0,0,0,0,1,0,0.0,0,1.0,0.0,0,0,0,0,0,0,0,0,0,0,0,0,0,0,0,0,0,0,0,0,0,1,0,0,0,0,0,0,0,0,0,0,0,0,0,0,0,0,0,0,0,0,0,0,0,0,0,0,0,0,0,0,0,0,0,0,0,0,0,0,0,0,0,0,0,0,0,0,0,0,288,34,0.0,0.0,0.0,0,0,0
43,0.0,18918,255,0.0,0.0,0.0,1.0,0.0,255,0.0,0.0,0.0,0,0,0,0,0,0,0,0,0,0,1,0,0,0,0,normal,0,1,0,0,0,0,0,0,0,0,1,0,0.0,0,1.0,0.0,0,0,0,0,0,0,0,0,0,0,0,0,0,0,0,0,0,0,0,0,0,1,0,0,0,0,0,0,0,0,0,0,0,0,0,0,0,0,0,0,0,0,0,0,0,0,0,0,0,0,0,0,0,0,0,0,0,0,0,0,0,0,0,0,0,0,0,0,0,0,338,43,0.0,0.0,0.0,0,0,0
72,0.0,134,255,0.01,0.0,0.0,0.93,0.0,237,0.0,0.0,0.0,0,0,0,0,0,0,0,0,0,0,1,0,0,0,0,normal,0,0,0,0,0,0,0,0,0,0,0,1,0.0,0,1.0,0.0,0,0,0,0,0,0,0,0,0,1,0,0,0,0,0,0,0,0,0,0,0,0,0,0,0,0,0,0,0,0,0,0,0,0,0,0,0,0,0,0,0,0,0,0,0,0,0,0,0,0,0,0,0,0,0,0,0,0,0,0,0,0,0,0,0,0,0,0,0,0,43,150,0.01,0.0,0.0,0,0,0
9,0.0,1195,25,0.0,0.0,0.04,1.0,0.0,255,0.01,0.0,0.0,0,0,0,0,0,0,0,0,0,0,1,0,0,0,0,normal,0,1,0,0,0,0,0,0,0,0,1,0,0.0,0,1.0,0.0,0,0,0,0,0,0,0,0,0,0,0,0,0,0,0,0,0,0,0,0,0,1,0,0,0,0,0,0,0,0,0,0,0,0,0,0,0,0,0,0,0,0,0,0,0,0,0,0,0,0,0,0,0,0,0,0,0,0,0,0,0,0,0,0,0,0,0,0,0,0,209,22,0.09,0.0,0.0,0,0,0
119,0.06,0,255,0.05,0.0,0.0,0.1,1.0,25,0.0,0.0,1.0,0,0,0,0,0,0,1,0,0,0,0,0,0,0,0,neptune,0,0,0,0,0,0,0,0,0,0,1,0,0.0,0,0.21,1.0,0,0,0,0,0,0,0,0,0,0,0,0,0,0,0,0,0,0,0,0,0,0,0,0,0,0,0,0,0,0,0,0,1,0,0,0,0,0,0,0,0,0,0,0,0,0,0,0,0,0,0,0,0,0,0,0,0,0,0,0,0,0,0,0,0,0,0,0,0,0,0,25,0.0,0.0,1.0,0,0,0
241,0.07,0,255,0.08,1.0,0.0,0.01,0.0,3,0.0,1.0,0.0,0,0,1,0,0,0,0,0,0,0,0,0,0,0,0,neptune,0,0,0,0,0,0,0,0,0,0,1,0,1.0,0,0.01,0.0,0,0,0,0,0,0,0,0,0,0,0,0,0,0,0,0,0,0,0,0,0,0,0,0,0,0,0,0,0,0,0,0,0,0,0,0,0,0,0,0,0,0,0,0,0,0,0,1,0,0,0,0,0,0,0,0,0,0,0,0,0,0,0,0,0,0,0,0,0,0,0,3,0.0,1.0,0.0,0,0,0
3,0.0,1382,139,0.0,0.0,0.01,1.0,0.01,255,0.02,0.0,0.0,0,0,0,0,0,0,0,0,0,0,1,0,0,0,0,normal,0,1,0,0,0,0,0,0,0,0,1,0,0.0,0,1.0,0.0,0,0,0,0,0,0,0,0,0,0,0,0,0,0,0,0,0,0,0,0,0,1,0,0,0,0,0,0,0,0,0,0,0,0,0,0,0,0,0,0,0,0,0,0,0,0,0,0,0,0,0,0,0,0,0,0,0,0,0,0,0,0,0,0,0,0,0,0,0,0,324,3,0.0,0.0,0.0,0,0,0
128,0.05,0,255,0.06,0.0,0.0,0.08,1.0,20,0.0,0.0,1.0,0,0,0,0,0,0,1,0,0,0,0,0,0,0,0,neptune,0,0,0,0,0,0,0,0,0,0,1,0,0.0,0,0.16,1.0,0,0,0,0,0,0,0,0,0,0,0,0,0,0,0,0,0,0,0,0,0,0,0,0,0,0,0,0,0,0,1,0,0,0,0,0,0,0,0,0,0,0,0,0,0,0,0,0,0,0,0,0,0,0,0,0,0,0,0,0,0,0,0,0,0,0,0,0,0,0,0,20,0.0,0.0,1.0,0,0,0
1,0.0,330,11,0.18,0.0,0.09,0.91,0.0,41,0.05,0.0,0.0,0,0,0,0,0,0,0,0,0,0,1,0,0,0,0,normal,0,1,0,0,0,0,0,0,0,0,1,0,0.0,0,1.0,0.0,0,0,0,0,0,0,0,0,0,0,0,0,0,0,0,0,0,0,0,0,0,0,0,0,0,0,0,0,0,0,0,0,0,0,0,0,0,0,0,0,0,0,0,0,0,0,0,0,0,0,0,0,1,0,0,0,0,0,0,0,0,0,0,0,0,0,0,0,0,0,778,1,0.0,0.0,0.0,0,0,0
1,0.0,0,3,0.0,0.0,1.0,1.0,0.0,17,0.18,0.0,0.0,0,0,0,0,0,0,0,0,0,0,1,0,0,0,0,warezclient,0,1,0,0,0,0,0,0,0,0,1,0,0.0,0,1.0,0.0,0,0,0,0,0,0,0,0,0,0,0,0,0,0,0,0,0,1,0,0,0,0,0,0,0,0,0,0,0,0,0,0,0,0,0,0,0,0,0,0,0,0,0,0,0,0,0,0,0,0,0,0,0,0,0,0,0,0,0,0,0,0,0,0,0,0,0,0,0,0,334,1,0.0,0.0,0.0,0,0,0
425,0.0,4,255,0.0,0.0,1.0,1.0,0.0,255,0.0,0.0,0.0,0,0,0,0,0,0,0,0,0,0,1,0,0,0,0,normal,0,0,0,0,0,0,0,0,0,0,0,1,0.0,0,1.0,0.0,0,0,0,0,0,0,0,0,0,0,0,0,0,0,0,0,0,0,0,0,0,0,0,0,0,0,0,0,0,0,0,0,0,0,0,0,0,0,0,0,0,0,1,0,0,0,0,0,0,0,0,0,0,0,0,0,0,0,0,0,0,0,0,0,0,0,0,0,0,0,516,425,0.0,0.0,0.0,0,0,0
2,0.0,3637,159,0.0,0.45,0.01,1.0,0.0,255,0.09,0.6,0.0,0,0,0,0,0,0,0,0,0,0,1,0,0,0,0,normal,0,1,0,0,0,0,0,0,0,0,1,0,0.0,0,1.0,0.0,0,0,0,0,0,0,0,0,0,0,0,0,0,0,0,0,0,0,0,0,0,1,0,0,0,0,0,0,0,0,0,0,0,0,0,0,0,0,0,0,0,0,0,0,0,0,0,0,0,0,0,0,0,0,0,0,0,0,0,0,0,0,0,0,0,0,0,0,0,0,239,2,0.0,0.0,0.0,0,0,0
172,0.07,0,255,0.09,1.0,0.0,0.04,0.0,9,0.0,1.0,0.0,0,0,1,0,0,0,0,0,0,0,0,0,0,0,0,neptune,0,0,0,0,0,0,0,0,0,0,1,0,1.0,0,0.05,0.0,0,0,0,0,0,0,0,0,0,0,0,0,0,0,0,0,0,0,0,0,0,0,0,0,0,0,0,0,0,0,0,0,0,0,0,0,0,0,0,0,0,0,0,0,0,0,0,0,0,0,0,0,0,0,0,0,0,0,0,0,0,0,0,0,0,0,1,0,0,0,0,9,0.0,1.0,0.0,0,0,0
4,0.0,128,255,0.02,0.0,0.0,0.8,0.0,205,0.0,0.0,0.0,0,0,0,0,0,0,0,0,0,0,1,0,0,0,0,normal,0,0,0,0,0,0,0,0,0,0,0,1,0.0,0,1.0,0.0,0,0,0,0,0,0,0,0,0,1,0,0,0,0,0,0,0,0,0,0,0,0,0,0,0,0,0,0,0,0,0,0,0,0,0,0,0,0,0,0,0,0,0,0,0,0,0,0,0,0,0,0,0,0,0,0,0,0,0,0,0,0,0,0,0,0,0,0,0,0,44,84,0.02,0.0,0.0,0,0,0
79,0.0,71,255,0.01,0.0,0.0,0.85,0.0,218,0.0,0.0,0.0,0,0,0,0,0,0,0,0,0,0,1,0,0,0,0,normal,0,0,0,0,0,0,0,0,0,0,0,1,0.0,0,1.0,0.0,0,0,0,0,0,0,0,0,0,1,0,0,0,0,0,0,0,0,0,0,0,0,0,0,0,0,0,0,0,0,0,0,0,0,0,0,0,0,0,0,0,0,0,0,0,0,0,0,0,0,0,0,0,0,0,0,0,0,0,0,0,0,0,0,0,0,0,0,0,0,45,159,0.01,0.0,0.0,0,0,0
1,0.0,0,24,0.12,0.0,0.04,0.04,0.0,8,0.25,0.0,0.0,0,0,0,0,0,0,0,0,0,0,1,0,0,0,0,normal,0,0,0,0,0,0,0,0,0,0,1,0,0.0,0,1.0,0.0,0,0,0,0,0,0,0,0,0,0,0,0,0,0,0,1,0,0,0,0,0,0,0,0,0,0,0,0,0,0,0,0,0,0,0,0,0,0,0,0,0,0,0,0,0,0,0,0,0,0,0,0,0,0,0,0,0,0,0,0,0,0,0,0,0,0,0,0,0,0,8,1,0.0,0.0,0.0,0,0,0
16,0.0,801,166,0.0,0.0,0.01,1.0,0.0,255,0.02,0.0,0.0,0,0,0,0,0,0,0,0,0,0,1,0,0,0,0,normal,0,1,0,0,0,0,0,0,0,0,1,0,0.0,0,1.0,0.0,0,0,0,0,0,0,0,0,0,0,0,0,0,0,0,0,0,0,0,0,0,1,0,0,0,0,0,0,0,0,0,0,0,0,0,0,0,0,0,0,0,0,0,0,0,0,0,0,0,0,0,0,0,0,0,0,0,0,0,0,0,0,0,0,0,0,0,0,0,0,230,16,0.0,0.0,0.0,0,0,0
143,0.07,0,255,0.07,1.0,0.0,0.04,0.0,9,0.0,1.0,0.0,0,0,1,0,0,0,0,0,0,0,0,0,0,0,0,neptune,0,0,0,0,0,0,0,0,0,0,1,0,1.0,0,0.06,0.0,0,0,0,0,0,0,0,0,0,0,0,0,0,0,0,0,0,0,0,0,0,0,0,0,0,0,0,0,0,0,0,0,0,0,0,0,0,1,0,0,0,0,0,0,0,0,0,0,0,0,0,0,0,0,0,0,0,0,0,0,0,0,0,0,0,0,0,0,0,0,0,9,0.0,1.0,0.0,0,0,0
24,0.0,480,255,0.0,0.0,0.0,1.0,0.0,255,0.0,0.0,0.0,0,0,0,0,0,0,0,0,0,0,1,0,0,0,0,normal,0,1,0,0,0,0,0,0,0,0,1,0,0.0,0,1.0,0.0,0,0,0,0,0,0,0,0,0,0,0,0,0,0,0,0,0,0,0,0,0,1,0,0,0,0,0,0,0,0,0,0,0,0,0,0,0,0,0,0,0,0,0,0,0,0,0,0,0,0,0,0,0,0,0,0,0,0,0,0,0,0,0,0,0,0,0,0,0,0,225,24,0.0,0.0,0.0,0,0,0
18,0.17,0,255,0.07,0.0,0.0,0.06,1.0,16,0.0,0.0,1.0,0,0,0,0,0,0,1,0,0,0,0,0,0,0,0,neptune,0,0,0,0,0,0,0,0,0,0,1,0,0.0,0,0.11,1.0,0,0,0,0,0,0,0,0,0,0,0,0,0,0,0,0,0,0,0,0,0,0,0,0,0,0,0,0,0,0,0,0,0,0,0,0,0,0,0,0,0,0,0,0,0,0,0,1,0,0,0,0,0,0,0,0,0,0,0,0,0,0,0,0,0,0,0,0,0,0,0,2,0.0,0.0,1.0,0,0,0
12,0.0,0,20,0.1,0.0,0.9,0.9,0.0,18,0.0,0.0,0.0,0,0,0,0,0,0,0,0,0,0,1,0,0,0,0,normal,0,1,0,0,0,0,0,0,0,0,1,0,0.0,0,1.0,0.0,0,0,0,0,0,0,0,0,0,0,0,0,0,0,0,0,0,1,0,0,0,0,0,0,0,0,0,0,0,0,0,0,0,0,0,0,0,0,0,0,0,0,0,0,0,0,0,0,0,0,0,0,0,0,0,0,0,0,0,0,0,0,0,0,0,0,0,0,0,0,14189,12,0.0,0.0,0.0,0,0,0
100,0.06,0,255,0.07,0.0,0.0,0.04,1.0,9,0.0,0.0,1.0,0,0,0,0,0,0,1,0,0,0,0,0,0,0,0,neptune,0,0,0,0,0,0,0,0,0,0,1,0,0.0,0,0.11,1.0,0,0,0,0,0,0,0,0,0,0,0,0,0,0,0,0,0,0,0,0,0,0,0,0,0,0,0,0,0,0,0,0,0,0,0,0,0,0,0,0,1,0,0,0,0,0,0,0,0,0,0,0,0,0,0,0,0,0,0,0,0,0,0,0,0,0,0,0,0,0,0,11,0.0,0.0,1.0,0,0,0
14,0.0,0,86,0.05,0.0,0.16,0.16,0.0,14,0.0,0.0,0.0,0,0,0,0,0,0,0,0,0,0,1,0,0,0,0,teardrop,0,0,0,0,0,0,0,0,0,0,0,1,0.0,0,1.0,0.0,0,0,0,0,0,0,0,0,0,0,0,0,0,0,0,0,0,0,0,0,0,0,0,0,0,0,0,0,0,0,0,0,0,0,0,0,0,0,0,0,0,0,0,0,0,0,0,1,0,0,0,0,0,0,0,0,0,0,0,0,0,0,0,0,0,0,0,0,0,0,28,14,0.0,0.0,0.0,0,0,3
11,0.0,263,255,0.0,0.0,0.0,1.0,0.0,255,0.0,0.0,0.0,0,0,0,0,0,0,0,0,0,0,1,0,0,0,0,normal,0,1,0,0,0,0,0,0,0,0,1,0,0.0,0,1.0,0.0,0,0,0,0,0,0,0,0,0,0,0,0,0,0,0,0,0,0,0,0,0,1,0,0,0,0,0,0,0,0,0,0,0,0,0,0,0,0,0,0,0,0,0,0,0,0,0,0,0,0,0,0,0,0,0,0,0,0,0,0,0,0,0,0,0,0,0,0,0,0,243,15,0.2,0.0,0.0,0,0,0
106,0.07,0,255,0.05,0.0,0.0,0.01,1.0,3,0.0,0.0,1.0,0,0,0,0,0,0,1,0,0,0,0,0,0,0,0,neptune,0,0,0,0,0,0,0,0,0,0,1,0,0.0,0,0.03,1.0,0,0,0,0,0,0,0,0,0,0,0,0,0,0,0,0,0,0,0,0,0,0,0,0,0,0,0,0,0,0,0,0,0,0,0,0,0,0,0,1,0,0,0,0,0,0,0,0,0,0,0,0,0,0,0,0,0,0,0,0,0,0,0,0,0,0,0,0,0,0,0,3,0.0,0.0,1.0,0,0,0
8,0.0,6602,255,0.0,0.0,0.0,1.0,0.0,255,0.0,0.0,0.0,0,0,0,0,0,0,0,0,0,0,1,0,0,0,0,normal,0,1,0,0,0,0,0,0,0,0,1,0,0.0,0,1.0,0.0,0,0,0,0,0,0,0,0,0,0,0,0,0,0,0,0,0,0,0,0,0,1,0,0,0,0,0,0,0,0,0,0,0,0,0,0,0,0,0,0,0,0,0,0,0,0,0,0,0,0,0,0,0,0,0,0,0,0,0,0,0,0,0,0,0,0,0,0,0,0,315,8,0.0,0.0,0.0,0,0,0
1,0.0,8314,181,0.0,0.01,0.01,1.0,0.0,181,0.0,0.01,0.0,0,0,0,0,0,0,0,0,0,0,1,0,2,0,0,back,0,1,0,1,0,0,0,0,0,0,1,0,0.0,0,1.0,0.0,0,0,0,0,0,0,0,0,0,0,0,0,0,0,0,0,0,0,0,0,0,1,0,0,0,0,0,0,0,0,0,0,0,0,0,0,0,0,0,0,0,0,0,0,0,0,0,0,0,0,0,0,0,0,0,0,0,0,0,0,0,0,0,0,0,0,0,0,0,0,54540,2,1.0,0.5,0.0,0,0,0
4,0.0,2462,90,0.0,0.0,0.01,1.0,0.0,255,0.05,0.0,0.0,0,0,0,0,0,0,0,0,0,0,1,0,0,0,0,normal,0,1,0,0,0,0,0,0,0,0,1,0,0.0,0,1.0,0.0,0,0,0,0,0,0,0,0,0,0,0,0,0,0,0,0,0,0,0,0,0,1,0,0,0,0,0,0,0,0,0,0,0,0,0,0,0,0,0,0,0,0,0,0,0,0,0,0,0,0,0,0,0,0,0,0,0,0,0,0,0,0,0,0,0,0,0,0,0,0,318,7,0.43,0.0,0.0,0,0,0
485,0.95,0,255,0.91,0.89,0.0,0.0,0.11,1,0.0,1.0,0.0,0,0,1,0,0,0,0,0,0,0,0,0,0,0,0,satan,0,0,0,0,0,0,0,0,0,0,1,0,0.89,0,0.0,0.08,0,0,0,0,0,0,0,0,0,0,0,0,0,0,0,0,0,0,0,0,0,0,0,0,0,0,0,0,0,0,0,0,0,0,0,0,0,0,0,0,0,0,1,0,0,0,0,0,0,0,0,0,0,0,0,0,0,0,0,0,0,0,0,0,0,0,0,0,0,0,0,1,0.0,1.0,0.0,0,0,0
252,0.07,0,255,0.08,1.0,0.0,0.05,0.0,13,0.0,1.0,0.0,0,0,1,0,0,0,0,0,0,0,0,0,0,0,0,neptune,0,0,0,0,0,0,0,0,0,0,1,0,1.0,0,0.05,0.0,0,0,0,0,0,0,0,0,0,0,0,0,0,0,0,0,0,0,0,0,0,0,0,0,0,0,0,0,0,0,0,1,0,0,0,0,0,0,0,0,0,0,0,0,0,0,0,0,0,0,0,0,0,0,0,0,0,0,0,0,0,0,0,0,0,0,0,0,0,0,0,13,0.0,1.0,0.0,0,0,0
146,0.01,144,255,0.01,0.0,0.0,1.0,0.0,254,0.0,0.0,0.0,0,0,0,0,0,0,0,0,0,0,1,0,0,0,0,normal,0,0,0,0,0,0,0,0,0,0,0,1,0.0,0,0.99,0.0,0,0,0,0,0,0,0,0,0,1,0,0,0,0,0,0,0,0,0,0,0,0,0,0,0,0,0,0,0,0,0,0,0,0,0,0,0,0,0,0,0,0,0,0,0,0,0,0,0,0,0,0,0,0,0,0,0,0,0,0,0,0,0,0,0,0,0,0,0,0,46,145,0.0,0.0,0.0,0,0,0
7,0.0,7321,255,0.0,0.01,0.0,1.0,0.0,255,0.0,0.01,0.0,0,0,0,0,0,0,0,0,0,0,1,0,0,0,0,normal,0,1,0,0,0,0,0,0,0,0,1,0,0.0,0,1.0,0.0,0,0,0,0,0,0,0,0,0,0,0,0,0,0,0,0,0,0,0,0,0,1,0,0,0,0,0,0,0,0,0,0,0,0,0,0,0,0,0,0,0,0,0,0,0,0,0,0,0,0,0,0,0,0,0,0,0,0,0,0,0,0,0,0,0,0,0,0,0,0,197,7,0.0,0.0,0.0,0,0,0
192,0.06,0,255,0.05,0.0,0.0,0.02,1.0,6,0.0,0.0,1.0,0,0,0,0,0,0,1,0,0,0,0,0,0,0,0,neptune,0,0,0,0,0,0,0,0,0,0,1,0,0.0,0,0.03,1.0,0,0,0,0,0,0,0,0,0,0,0,0,0,0,0,0,0,0,0,0,0,0,0,0,0,0,0,0,0,0,0,0,0,0,0,0,0,0,0,0,0,0,0,0,0,0,0,1,0,0,0,0,0,0,0,0,0,0,0,0,0,0,0,0,0,0,0,0,0,0,0,6,0.0,0.0,1.0,0,0,0
152,0.0,74,255,0.01,0.0,0.01,0.98,0.0,249,0.0,0.0,0.0,0,0,0,0,0,0,0,0,0,0,1,0,0,0,0,normal,0,0,0,0,0,0,0,0,0,0,0,1,0.0,0,1.0,0.0,0,0,0,0,0,0,0,0,0,1,0,0,0,0,0,0,0,0,0,0,0,0,0,0,0,0,0,0,0,0,0,0,0,0,0,0,0,0,0,0,0,0,0,0,0,0,0,0,0,0,0,0,0,0,0,0,0,0,0,0,0,0,0,0,0,0,0,0,0,0,44,152,0.0,0.0,0.0,0,0,0
269,0.06,0,255,0.09,0.0,0.0,0.02,1.0,4,0.0,0.0,1.0,0,0,0,0,0,0,1,0,0,0,0,0,0,0,0,neptune,0,0,0,0,0,0,0,0,0,0,1,0,0.0,0,0.06,1.0,0,0,0,0,0,0,0,0,0,0,0,0,0,0,0,0,0,0,1,0,0,0,0,0,0,0,0,0,0,0,0,0,0,0,0,0,0,0,0,0,0,0,0,0,0,0,0,0,0,0,0,0,0,0,0,0,0,0,0,0,0,0,0,0,0,0,0,0,0,0,0,17,0.0,0.0,1.0,0,0,0
1,0.0,334,26,0.12,0.0,0.04,0.88,0.0,23,0.0,0.0,0.0,0,0,0,0,0,0,0,0,0,0,1,0,0,0,0,normal,0,1,0,0,0,0,0,0,0,0,1,0,0.0,0,1.0,0.0,0,0,0,0,0,0,0,0,0,0,0,0,0,0,0,0,0,0,0,0,0,0,0,0,0,0,0,0,0,0,0,0,0,0,0,0,0,0,0,0,0,0,0,0,0,0,0,0,0,0,0,0,1,0,0,0,0,0,0,0,0,0,0,0,0,0,0,0,0,0,756,2,1.0,0.0,0.0,0,0,0
1,0.0,0,107,0.56,0.53,0.55,0.01,0.06,1,0.0,1.0,0.0,0,0,0,0,0,1,0,0,0,0,0,0,0,0,0,portsweep,0,0,0,0,0,0,0,0,0,0,1,0,1.0,0,1.0,0.0,0,0,0,0,0,0,0,0,0,0,0,0,0,0,0,0,0,0,0,0,0,0,0,0,0,0,0,0,0,0,0,0,0,0,0,0,0,0,0,0,0,0,0,0,0,0,0,1,0,0,0,0,0,0,0,0,0,0,0,0,0,0,0,0,0,0,0,0,0,0,0,1,0.0,1.0,0.0,0,0,0
1,0.0,0,27,1.0,0.0,1.0,0.04,1.0,1,0.0,0.0,1.0,0,0,0,0,0,0,0,0,0,0,0,1,0,0,0,nmap,0,0,0,0,0,0,0,0,0,0,1,0,0.0,0,1.0,1.0,0,0,0,0,0,0,0,0,0,0,0,0,0,0,0,0,0,0,0,0,0,0,0,0,0,0,0,0,0,0,0,0,0,0,0,0,0,0,0,0,0,0,0,0,0,0,0,1,0,0,0,0,0,0,0,0,0,0,0,0,0,0,0,0,0,0,0,0,0,0,0,1,0.0,0.0,1.0,0,0,0
2,0.0,1711,14,0.0,0.0,0.07,1.0,0.0,251,0.02,0.0,0.0,0,0,0,0,0,0,0,0,0,0,1,0,0,0,0,normal,0,1,0,0,0,0,0,0,0,0,1,0,0.0,0,1.0,0.0,0,0,0,0,0,0,0,0,0,0,0,0,0,0,0,0,0,0,0,0,0,1,0,0,0,0,0,0,0,0,0,0,0,0,0,0,0,0,0,0,0,0,0,0,0,0,0,0,0,0,0,0,0,0,0,0,0,0,0,0,0,0,0,0,0,0,0,0,0,0,231,2,0.0,0.0,0.0,0,0,0
142,0.06,0,255,0.07,0.0,0.0,0.08,1.0,20,0.0,0.0,1.0,0,0,0,0,0,0,1,0,0,0,0,0,0,0,0,neptune,0,0,0,0,0,0,0,0,0,0,1,0,0.0,0,0.14,1.0,0,0,0,0,0,0,0,0,0,0,0,0,0,0,0,0,0,0,0,0,0,0,0,0,0,0,0,0,0,0,0,0,0,0,0,0,0,0,0,1,0,0,0,0,0,0,0,0,0,0,0,0,0,0,0,0,0,0,0,0,0,0,0,0,0,0,0,0,0,0,0,20,0.0,0.0,1.0,0,0,0
1,0.0,0,255,0.08,0.0,0.0,0.0,1.0,1,0.0,0.0,1.0,0,0,0,0,0,0,1,0,0,0,0,0,0,0,0,neptune,0,0,0,0,0,0,0,0,0,0,1,0,0.0,0,1.0,1.0,0,0,0,0,0,0,0,0,0,0,0,0,0,0,0,0,0,0,0,0,0,0,0,0,0,0,0,0,1,0,0,0,0,0,0,0,0,0,0,0,0,0,0,0,0,0,0,0,0,0,0,0,0,0,0,0,0,0,0,0,0,0,0,0,0,0,0,0,0,0,0,1,0.0,0.0,1.0,0,0,0
27,0.0,1436,27,0.0,0.0,0.04,1.0,0.0,255,0.03,0.0,0.0,0,0,0,0,0,0,0,0,0,0,1,0,0,0,0,normal,0,1,0,0,0,0,0,0,0,0,1,0,0.0,0,1.0,0.0,0,0,0,0,0,0,0,0,0,0,0,0,0,0,0,0,0,0,0,0,0,1,0,0,0,0,0,0,0,0,0,0,0,0,0,0,0,0,0,0,0,0,0,0,0,0,0,0,0,0,0,0,0,0,0,0,0,0,0,0,0,0,0,0,0,0,0,0,0,0,214,29,0.07,0.0,0.0,0,0,0
218,0.07,0,255,0.07,1.0,0.0,0.07,0.0,18,0.0,1.0,0.0,0,0,1,0,0,0,0,0,0,0,0,0,0,0,0,neptune,0,0,0,0,0,0,0,0,0,0,1,0,1.0,0,0.08,0.0,0,0,0,0,0,0,0,0,0,0,0,0,0,0,0,0,0,0,0,0,0,0,0,0,0,0,0,0,0,0,0,0,0,0,0,0,0,0,0,0,0,0,0,0,0,0,0,1,0,0,0,0,0,0,0,0,0,0,0,0,0,0,0,0,0,0,0,0,0,0,0,18,0.0,1.0,0.0,0,0,0
1,0.0,8222,156,0.0,0.0,0.01,1.0,0.0,255,0.04,0.0,0.0,0,0,0,0,0,0,0,0,0,0,1,0,0,0,0,normal,0,1,0,0,0,0,0,0,0,0,1,0,0.0,0,1.0,0.0,0,0,0,0,0,0,0,0,0,0,0,0,0,0,0,0,0,0,0,0,0,1,0,0,0,0,0,0,0,0,0,0,0,0,0,0,0,0,0,0,0,0,0,0,0,0,0,0,0,0,0,0,0,0,0,0,0,0,0,0,0,0,0,0,0,0,0,0,0,0,282,26,0.12,0.0,0.0,0,0,0
237,0.06,0,255,0.07,0.0,0.0,0.04,1.0,10,0.0,0.0,1.0,0,0,0,0,0,0,1,0,0,0,0,0,0,0,0,neptune,0,0,0,0,0,0,0,0,0,0,1,0,0.0,0,0.04,1.0,0,1,0,0,0,0,0,0,0,0,0,0,0,0,0,0,0,0,0,0,0,0,0,0,0,0,0,0,0,0,0,0,0,0,0,0,0,0,0,0,0,0,0,0,0,0,0,0,0,0,0,0,0,0,0,0,0,0,0,0,0,0,0,0,0,0,0,0,0,0,0,10,0.0,0.0,1.0,0,0,0
11,0.0,2536,111,0.0,0.0,0.01,1.0,0.0,255,0.01,0.0,0.0,0,0,0,0,0,0,0,0,0,0,1,0,0,0,0,normal,0,1,0,0,0,0,0,0,0,0,1,0,0.0,0,1.0,0.0,0,0,0,0,0,0,0,0,0,0,0,0,0,0,0,0,0,0,0,0,0,1,0,0,0,0,0,0,0,0,0,0,0,0,0,0,0,0,0,0,0,0,0,0,0,0,0,0,0,0,0,0,0,0,0,0,0,0,0,0,0,0,0,0,0,0,0,0,0,0,317,11,0.0,0.0,0.0,0,0,0
3,0.0,10772,92,0.0,0.0,0.01,1.0,0.0,255,0.04,0.0,0.0,0,0,0,0,0,0,0,0,0,0,1,0,0,0,0,normal,0,1,0,0,0,0,0,0,0,0,1,0,0.0,0,1.0,0.0,0,0,0,0,0,0,0,0,0,0,0,0,0,0,0,0,0,0,0,0,0,1,0,0,0,0,0,0,0,0,0,0,0,0,0,0,0,0,0,0,0,0,0,0,0,0,0,0,0,0,0,0,0,0,0,0,0,0,0,0,0,0,0,0,0,0,0,0,0,0,294,4,0.5,0.0,0.0,0,0,0
1,0.0,322,255,0.0,0.0,0.0,1.0,0.0,255,0.0,0.0,0.0,0,0,0,0,0,0,0,0,0,0,1,0,0,0,0,normal,0,1,0,0,0,0,0,0,0,0,1,0,0.0,0,1.0,0.0,0,0,0,0,0,0,0,0,0,0,0,0,0,0,0,0,0,0,0,0,0,1,0,0,0,0,0,0,0,0,0,0,0,0,0,0,0,0,0,0,0,0,0,0,0,0,0,0,0,0,0,0,0,0,0,0,0,0,0,0,0,0,0,0,0,0,0,0,0,0,309,1,0.0,0.0,0.0,0,0,0
283,0.05,0,255,0.06,0.0,0.0,0.09,1.0,23,0.0,0.0,1.0,0,0,0,0,0,0,1,0,0,0,0,0,0,0,0,neptune,0,0,0,0,0,0,0,0,0,0,1,0,0.0,0,0.08,1.0,0,0,0,0,0,0,0,0,0,0,0,0,0,0,0,0,0,0,0,0,0,0,0,0,0,0,0,0,0,0,0,0,0,0,0,0,0,0,0,0,0,0,0,0,0,0,0,1,0,0,0,0,0,0,0,0,0,0,0,0,0,0,0,0,0,0,0,0,0,0,0,23,0.0,0.0,1.0,0,0,0
161,0.0,95,52,0.04,0.0,0.02,0.38,0.0,20,0.0,0.0,0.0,0,0,0,0,0,0,0,0,0,0,1,0,0,0,0,normal,0,0,0,0,0,0,0,0,0,0,0,1,0.0,0,1.0,0.0,0,0,0,0,0,0,0,0,0,1,0,0,0,0,0,0,0,0,0,0,0,0,0,0,0,0,0,0,0,0,0,0,0,0,0,0,0,0,0,0,0,0,0,0,0,0,0,0,0,0,0,0,0,0,0,0,0,0,0,0,0,0,0,0,0,0,0,0,0,0,33,161,0.0,0.0,0.0,0,0,0
1,0.0,107,255,0.01,0.0,0.0,0.93,0.0,237,0.0,0.0,0.0,0,0,0,0,0,0,0,0,0,0,1,0,0,0,0,normal,0,0,0,0,0,0,0,0,0,0,0,1,0.0,0,1.0,0.0,0,0,0,0,0,0,0,0,0,1,0,0,0,0,0,0,0,0,0,0,0,0,0,0,0,0,0,0,0,0,0,0,0,0,0,0,0,0,0,0,0,0,0,0,0,0,0,0,0,0,0,0,0,0,0,0,0,0,0,0,0,0,0,0,0,0,0,0,0,0,43,2,1.0,0.0,0.0,0,0,0
1,0.0,1663,25,0.0,0.0,0.04,1.0,0.0,193,0.11,0.0,0.0,0,0,0,0,0,0,0,0,0,0,1,0,0,0,0,normal,0,1,0,0,0,0,0,0,0,0,1,0,0.0,0,1.0,0.0,0,0,0,0,0,0,0,0,0,0,0,0,0,0,0,0,0,0,0,0,0,1,0,0,0,0,0,0,0,0,0,0,0,0,0,0,0,0,0,0,0,0,0,0,0,0,0,0,0,0,0,0,0,0,0,0,0,0,0,0,0,0,0,0,0,0,0,0,0,0,327,1,0.0,0.0,0.0,0,0,0
4,0.0,7643,167,0.0,0.0,0.01,1.0,0.01,255,0.05,0.0,0.01,0,0,0,0,0,0,0,0,0,0,1,0,0,0,0,normal,0,0,0,0,0,0,0,0,0,0,1,0,0.0,0,1.0,0.25,0,0,0,0,0,0,0,0,0,0,0,0,0,0,0,0,0,0,0,0,0,1,0,0,0,0,0,0,0,0,0,0,0,0,0,0,0,0,0,0,0,0,0,0,0,0,0,0,0,0,0,0,0,0,0,0,0,0,0,0,0,0,0,0,0,0,0,0,0,0,0,4,0.0,0.0,0.25,0,0,0
1,0.0,0,1,0.0,0.0,1.0,1.0,0.0,103,0.5,0.0,0.0,0,0,0,0,0,0,0,0,0,0,1,0,0,0,0,ipsweep,0,0,0,0,0,0,0,0,0,1,0,0,0.0,0,1.0,0.0,0,0,0,0,0,0,0,0,0,0,0,1,0,0,0,0,0,0,0,0,0,0,0,0,0,0,0,0,0,0,0,0,0,0,0,0,0,0,0,0,0,0,0,0,0,0,0,0,0,0,0,0,0,0,0,0,0,0,0,0,0,0,0,0,0,0,0,0,0,0,8,40,1.0,0.0,0.0,0,0,0
30,0.0,408,150,0.0,0.0,0.01,1.0,0.0,255,0.01,0.0,0.0,0,0,0,0,0,0,0,0,0,0,1,0,0,0,0,normal,0,1,0,0,0,0,0,0,0,0,1,0,0.0,0,1.0,0.0,0,0,0,0,0,0,0,0,0,0,0,0,0,0,0,0,0,0,0,0,0,1,0,0,0,0,0,0,0,0,0,0,0,0,0,0,0,0,0,0,0,0,0,0,0,0,0,0,0,0,0,0,0,0,0,0,0,0,0,0,0,0,0,0,0,0,0,0,0,0,293,32,0.06,0.0,0.03,0,0,0
511,0.0,0,159,0.02,0.0,0.09,0.09,0.0,14,0.0,0.0,0.0,0,0,0,0,0,0,0,0,0,0,1,0,0,0,0,smurf,0,0,0,0,0,0,0,0,0,1,0,0,0.0,0,1.0,0.0,0,0,0,0,0,0,0,0,0,0,0,0,1,0,0,0,0,0,0,0,0,0,0,0,0,0,0,0,0,0,0,0,0,0,0,0,0,0,0,0,0,0,0,0,0,0,0,0,0,0,0,0,0,0,0,0,0,0,0,0,0,0,0,0,0,0,0,0,0,0,1032,511,0.0,0.0,0.0,0,0,0
3,0.0,683,13,0.0,0.0,0.08,1.0,0.0,23,0.09,0.0,0.0,0,0,0,0,0,0,0,0,0,0,1,0,0,0,0,normal,0,1,0,0,0,0,0,0,0,0,1,0,0.0,0,1.0,0.0,0,0,0,0,0,0,0,0,0,0,0,0,0,0,0,0,0,0,0,0,0,1,0,0,0,0,0,0,0,0,0,0,0,0,0,0,0,0,0,0,0,0,0,0,0,0,0,0,0,0,0,0,0,0,0,0,0,0,0,0,0,0,0,0,0,0,0,0,0,0,178,3,0.0,0.0,0.0,0,0,0
200,0.01,96,255,0.01,0.0,0.0,1.0,0.0,254,0.0,0.0,0.0,0,0,0,0,0,0,0,0,0,0,1,0,0,0,0,normal,0,0,0,0,0,0,0,0,0,0,0,1,0.0,0,1.0,0.0,0,0,0,0,0,0,0,0,0,1,0,0,0,0,0,0,0,0,0,0,0,0,0,0,0,0,0,0,0,0,0,0,0,0,0,0,0,0,0,0,0,0,0,0,0,0,0,0,0,0,0,0,0,0,0,0,0,0,0,0,0,0,0,0,0,0,0,0,0,0,43,200,0.01,0.0,0.0,0,0,0
2,0.0,0,255,0.5,1.0,1.0,0.01,0.0,2,0.0,1.0,0.0,36131,0,0,0,0,1,0,0,0,0,0,0,0,0,0,portsweep,0,0,0,0,0,0,0,0,0,0,1,0,1.0,0,1.0,0.0,0,0,0,0,0,0,0,0,0,0,0,0,0,0,0,0,0,0,0,0,0,0,0,0,0,0,0,0,0,0,0,0,0,0,0,0,0,0,0,0,0,0,0,0,0,0,0,1,0,0,0,0,0,0,0,0,0,0,0,0,0,0,0,0,0,0,0,0,0,0,1,2,0.0,1.0,0.0,0,0,0
12,0.0,2208,12,0.0,0.0,0.08,1.0,0.0,255,0.05,0.01,0.0,0,0,0,0,0,0,0,0,0,0,1,0,0,0,0,normal,0,1,0,0,0,0,0,0,0,0,1,0,0.0,0,1.0,0.0,0,0,0,0,0,0,0,0,0,0,0,0,0,0,0,0,0,0,0,0,0,1,0,0,0,0,0,0,0,0,0,0,0,0,0,0,0,0,0,0,0,0,0,0,0,0,0,0,0,0,0,0,0,0,0,0,0,0,0,0,0,0,0,0,0,0,0,0,0,0,217,17,0.12,0.0,0.0,0,0,0
20,0.0,809,20,0.0,0.0,0.05,1.0,0.0,255,0.02,0.0,0.0,0,0,0,0,0,0,0,0,0,0,1,0,0,0,0,normal,0,1,0,0,0,0,0,0,0,0,1,0,0.0,0,1.0,0.0,0,0,0,0,0,0,0,0,0,0,0,0,0,0,0,0,0,0,0,0,0,1,0,0,0,0,0,0,0,0,0,0,0,0,0,0,0,0,0,0,0,0,0,0,0,0,0,0,0,0,0,0,0,0,0,0,0,0,0,0,0,0,0,0,0,0,0,0,0,0,325,20,0.0,0.0,0.0,0,0,0
104,0.06,0,255,0.06,0.0,0.0,0.03,1.0,8,0.0,0.0,1.0,0,0,0,0,0,0,1,0,0,0,0,0,0,0,0,neptune,0,0,0,0,0,0,0,0,0,0,1,0,0.0,0,0.08,1.0,0,0,0,1,0,0,0,0,0,0,0,0,0,0,0,0,0,0,0,0,0,0,0,0,0,0,0,0,0,0,0,0,0,0,0,0,0,0,0,0,0,0,0,0,0,0,0,0,0,0,0,0,0,0,0,0,0,0,0,0,0,0,0,0,0,0,0,0,0,0,0,8,0.0,0.0,1.0,0,0,0
127,0.06,0,255,0.07,0.0,0.0,0.02,1.0,6,0.0,0.0,1.0,0,0,0,0,0,0,1,0,0,0,0,0,0,0,0,neptune,0,0,0,0,0,0,0,0,0,0,1,0,0.0,0,0.09,0.99,0,0,0,0,0,0,0,0,0,0,0,0,0,0,0,0,0,0,0,0,0,0,0,0,0,0,0,0,0,0,0,0,0,0,0,0,0,0,0,0,0,0,0,0,0,0,0,1,0,0,0,0,0,0,0,0,0,0,0,0,0,0,0,0,0,0,0,0,0,0,0,12,0.0,0.0,1.0,0,0,0
204,0.05,0,255,0.06,0.0,0.0,0.02,1.0,6,0.0,0.0,1.0,0,0,0,0,0,0,1,0,0,0,0,0,0,0,0,neptune,0,0,0,0,0,0,0,0,0,0,1,0,0.0,0,0.03,1.0,0,0,0,0,0,0,0,0,0,0,0,0,0,0,0,0,0,0,0,0,0,0,0,0,0,0,0,0,0,0,0,0,0,0,0,0,0,0,0,0,0,0,0,0,0,0,0,0,0,0,0,0,0,0,0,0,0,0,0,0,0,0,0,0,0,1,0,0,0,0,0,6,0.0,0.0,1.0,0,0,0
65,0.09,0,255,0.08,1.0,0.0,0.03,0.0,8,0.0,1.0,0.0,0,0,1,0,0,0,0,0,0,0,0,0,0,0,0,neptune,0,0,0,0,0,0,0,0,0,0,1,0,1.0,0,0.12,0.0,0,0,0,0,0,0,0,0,0,0,0,0,0,0,0,0,0,0,0,0,0,0,0,0,0,0,0,0,0,0,0,0,0,0,0,0,0,0,0,0,0,0,0,0,0,0,0,1,0,0,0,0,0,0,0,0,0,0,0,0,0,0,0,0,0,0,0,0,0,0,0,8,0.0,1.0,0.0,0,0,0
1,0.0,336,107,0.05,0.0,0.01,0.55,0.0,111,0.02,0.0,0.0,1,0,0,0,0,0,0,0,0,0,1,0,0,0,0,normal,0,1,0,0,0,0,0,0,0,0,1,0,0.0,0,1.0,0.0,0,0,0,0,0,0,0,0,0,0,0,0,0,0,0,0,0,0,0,0,0,0,0,0,0,0,0,0,0,0,0,0,0,0,0,0,0,0,0,0,0,0,0,0,0,0,0,0,0,0,0,0,1,0,0,0,0,0,0,0,0,0,0,0,0,0,0,0,0,0,1109,1,0.0,0.0,0.0,0,0,0
31,0.13,0,255,0.08,0.0,0.0,0.04,1.0,9,0.0,0.0,1.0,0,0,0,0,0,0,1,0,0,0,0,0,0,0,0,neptune,0,0,0,0,0,0,0,0,0,0,1,0,0.0,0,0.29,1.0,0,0,0,0,0,0,0,0,0,0,0,0,0,0,0,0,0,0,0,0,0,0,0,0,0,0,0,0,0,0,0,0,0,0,0,0,0,0,0,0,0,0,0,0,0,0,0,1,0,0,0,0,0,0,0,0,0,0,0,0,0,0,0,0,0,0,0,0,0,0,0,9,0.0,0.0,1.0,0,0,0
1,0.0,1077,255,0.03,0.0,0.0,0.0,0.0,1,0.0,0.0,0.0,2,0,0,0,0,0,0,0,0,0,1,0,0,0,0,normal,0,1,0,0,0,0,0,0,0,0,1,0,0.0,0,1.0,0.0,0,0,0,0,0,0,0,0,0,0,0,0,0,0,0,0,0,0,0,0,0,0,0,0,0,0,0,0,0,0,0,0,0,0,0,0,0,0,0,0,0,0,0,0,0,0,0,0,0,0,0,0,0,0,0,0,0,0,1,0,0,0,0,0,0,0,0,0,0,0,99,1,0.0,0.0,0.0,0,0,0
1,0.0,1960,255,0.0,0.0,0.0,1.0,0.0,255,0.0,0.0,0.0,0,0,0,0,0,0,0,0,0,0,1,0,0,0,0,normal,0,1,0,0,0,0,0,0,0,0,1,0,0.0,0,1.0,0.0,0,0,0,0,0,0,0,0,0,0,0,0,0,0,0,0,0,0,0,0,0,1,0,0,0,0,0,0,0,0,0,0,0,0,0,0,0,0,0,0,0,0,0,0,0,0,0,0,0,0,0,0,0,0,0,0,0,0,0,0,0,0,0,0,0,0,0,0,0,0,311,1,0.0,0.0,0.0,0,0,0
287,0.06,0,255,0.07,0.0,0.0,0.01,1.0,2,0.0,0.0,1.0,0,0,0,0,0,0,1,0,0,0,0,0,0,0,0,neptune,0,0,0,0,0,0,0,0,0,0,1,0,0.0,0,0.04,1.0,0,0,0,0,0,0,0,0,0,0,0,0,0,0,0,0,0,0,0,0,0,0,0,0,0,0,0,0,0,0,0,0,0,0,0,0,0,0,0,0,0,0,0,0,0,0,0,1,0,0,0,0,0,0,0,0,0,0,0,0,0,0,0,0,0,0,0,0,0,0,0,12,0.0,0.0,1.0,0,0,0
30,0.0,9803,123,0.0,0.0,0.01,1.0,0.0,255,0.02,0.0,0.0,0,0,0,0,0,0,0,0,0,0,1,0,0,0,0,normal,0,1,0,0,0,0,0,0,0,0,1,0,0.0,0,1.0,0.0,0,0,0,0,0,0,0,0,0,0,0,0,0,0,0,0,0,0,0,0,0,1,0,0,0,0,0,0,0,0,0,0,0,0,0,0,0,0,0,0,0,0,0,0,0,0,0,0,0,0,0,0,0,0,0,0,0,0,0,0,0,0,0,0,0,0,0,0,0,0,312,30,0.0,0.0,0.0,0,0,0
10,0.0,1212,106,0.0,0.03,0.01,1.0,0.0,135,0.02,0.06,0.01,0,0,0,0,0,0,0,0,0,0,1,0,0,0,0,normal,0,1,0,0,0,0,0,0,0,0,1,0,0.0,0,1.0,0.0,0,0,0,0,0,0,0,0,0,0,0,0,0,0,0,0,0,0,0,0,0,1,0,0,0,0,0,0,0,0,0,0,0,0,0,0,0,0,0,0,0,0,0,0,0,0,0,0,0,0,0,0,0,0,0,0,0,0,0,0,0,0,0,0,0,0,0,0,0,0,337,10,0.0,0.0,0.0,0,0,0
134,0.06,0,255,0.06,0.0,0.0,0.01,1.0,2,0.0,0.0,1.0,0,0,0,0,0,0,1,0,0,0,0,0,0,0,0,neptune,0,0,0,0,0,0,0,0,0,0,1,0,0.0,0,0.01,1.0,0,0,0,0,0,0,0,0,0,0,0,0,0,0,0,0,0,0,0,0,0,0,0,0,0,0,0,0,0,1,0,0,0,0,0,0,0,0,0,0,0,0,0,0,0,0,0,0,0,0,0,0,0,0,0,0,0,0,0,0,0,0,0,0,0,0,0,0,0,0,0,2,0.0,0.0,1.0,0,0,0
30,0.0,0,255,0.49,0.4,0.51,0.51,0.09,130,0.0,0.0,0.0,0,0,0,0,0,0,0,0,0,0,1,0,0,0,0,teardrop,0,0,0,0,0,0,0,0,0,0,0,1,0.0,0,1.0,0.0,0,0,0,0,0,0,0,0,0,0,0,0,0,0,0,0,0,0,0,0,0,0,0,0,0,0,0,0,0,0,0,0,0,0,0,0,0,0,0,0,0,0,0,0,0,0,0,1,0,0,0,0,0,0,0,0,0,0,0,0,0,0,0,0,0,0,0,0,0,0,28,30,0.0,0.0,0.0,0,0,3
276,0.06,0,255,0.07,0.0,0.0,0.02,1.0,6,0.0,0.0,1.0,0,0,0,0,0,0,1,0,0,0,0,0,0,0,0,neptune,0,0,0,0,0,0,0,0,0,0,1,0,0.0,0,0.0,1.0,0,0,0,0,0,0,0,0,0,0,0,0,0,0,0,0,0,0,0,0,0,0,0,0,0,0,0,0,0,0,0,0,0,0,0,0,0,0,0,0,0,0,0,0,0,0,0,1,0,0,0,0,0,0,0,0,0,0,0,0,0,0,0,0,0,0,0,0,0,0,0,1,0.0,0.0,1.0,0,0,0
71,0.0,129,255,0.0,0.0,0.0,1.0,0.0,255,0.0,0.0,0.0,0,0,0,0,0,0,0,0,0,0,1,0,0,0,0,normal,0,0,0,0,0,0,0,0,0,0,0,1,0.0,0,1.0,0.0,0,0,0,0,0,0,0,0,0,1,0,0,0,0,0,0,0,0,0,0,0,0,0,0,0,0,0,0,0,0,0,0,0,0,0,0,0,0,0,0,0,0,0,0,0,0,0,0,0,0,0,0,0,0,0,0,0,0,0,0,0,0,0,0,0,0,0,0,0,0,44,150,0.01,0.0,0.0,0,0,0
1,0.0,36,255,0.03,0.0,0.0,0.01,0.0,3,0.0,0.0,0.0,10,0,0,0,0,0,0,0,0,0,1,0,0,0,0,normal,0,1,0,0,0,0,0,0,0,0,1,0,0.0,0,1.0,0.0,0,1,0,0,0,0,0,0,0,0,0,0,0,0,0,0,0,0,0,0,0,0,0,0,0,0,0,0,0,0,0,0,0,0,0,0,0,0,0,0,0,0,0,0,0,0,0,0,0,0,0,0,0,0,0,0,0,0,0,0,0,0,0,0,0,0,0,0,0,0,9,1,0.0,0.0,0.0,0,0,0
1,0.0,0,166,0.02,0.0,0.01,0.34,1.0,85,0.02,0.22,0.66,0,0,0,0,0,0,1,0,0,0,0,0,0,0,0,mscan,0,0,0,0,0,0,0,0,0,0,1,0,0.0,0,1.0,1.0,0,0,0,0,0,0,0,0,0,0,0,0,0,0,0,0,0,0,0,0,0,0,0,0,0,0,0,0,0,0,0,0,0,0,0,0,0,0,0,0,0,0,0,0,0,0,0,0,0,0,0,0,0,0,0,0,0,0,1,0,0,0,0,0,0,0,0,0,0,0,0,9,0.67,0.44,0.11,0,0,0
114,0.88,0,255,0.88,0.0,1.0,0.04,0.0,11,0.0,0.0,0.0,0,0,0,0,0,0,0,0,0,0,1,0,0,0,0,normal,0,0,0,0,0,0,0,0,0,0,0,1,0.0,0,0.1,0.0,0,0,0,0,0,0,0,0,0,0,0,0,0,0,0,0,0,0,0,0,0,0,0,0,0,0,0,0,0,0,0,0,0,0,0,0,0,0,0,0,0,0,0,0,0,0,0,1,0,0,0,0,0,0,0,0,0,0,0,0,0,0,0,0,0,0,0,0,0,0,1,11,0.0,0.0,0.0,0,0,0
1,0.0,0,1,0.0,0.0,1.0,1.0,0.0,41,0.27,0.0,0.0,0,0,0,0,0,0,0,0,0,0,1,0,0,0,0,nmap,0,0,0,0,0,0,0,0,0,1,0,0,0.0,0,1.0,0.0,0,0,0,0,0,0,0,0,0,0,0,1,0,0,0,0,0,0,0,0,0,0,0,0,0,0,0,0,0,0,0,0,0,0,0,0,0,0,0,0,0,0,0,0,0,0,0,0,0,0,0,0,0,0,0,0,0,0,0,0,0,0,0,0,0,0,0,0,0,0,8,33,1.0,0.0,0.0,0,0,0
39,0.08,0,255,0.07,0.0,0.0,0.07,1.0,19,0.0,0.0,1.0,0,0,0,0,0,0,1,0,0,0,0,0,0,0,0,neptune,0,0,0,0,0,0,0,0,0,0,1,0,0.0,0,0.49,1.0,0,0,0,0,0,0,0,0,0,0,0,0,0,0,0,0,0,0,0,0,0,0,0,0,0,0,0,0,0,0,0,0,0,0,0,0,0,0,0,0,0,0,0,0,0,0,0,1,0,0,0,0,0,0,0,0,0,0,0,0,0,0,0,0,0,0,0,0,0,0,0,19,0.0,0.0,1.0,0,0,0
97,0.06,0,255,0.06,0.0,0.0,0.06,1.0,16,0.0,0.0,1.0,0,0,0,0,0,0,1,0,0,0,0,0,0,0,0,neptune,0,0,0,0,0,0,0,0,0,0,1,0,0.0,0,0.16,1.0,0,0,0,0,0,0,0,0,0,0,0,0,0,0,0,0,0,0,0,0,0,0,0,0,0,0,0,0,0,0,0,0,0,0,0,0,0,0,0,0,0,0,0,0,0,0,0,0,0,0,0,0,0,0,0,0,0,0,0,0,0,0,0,0,1,0,0,0,0,0,0,16,0.0,0.0,1.0,0,0,0
65,0.06,0,145,0.03,0.0,0.01,0.25,1.0,54,0.04,0.0,0.67,0,0,0,0,0,0,1,0,0,0,0,0,0,0,0,neptune,0,0,0,0,0,0,0,0,0,0,1,0,0.0,0,0.25,1.0,0,0,0,0,0,0,0,0,0,0,0,0,0,0,0,0,0,1,0,0,0,0,0,0,0,0,0,0,0,0,0,0,0,0,0,0,0,0,0,0,0,0,0,0,0,0,0,0,0,0,0,0,0,0,0,0,0,0,0,0,0,0,0,0,0,0,0,0,0,0,0,16,0.0,0.0,1.0,0,0,0
189,0.06,0,255,0.07,0.0,0.0,0.02,1.0,4,0.0,0.0,1.0,0,0,0,0,0,0,1,0,0,0,0,0,0,0,0,neptune,0,0,0,0,0,0,0,0,0,0,1,0,0.0,0,0.02,1.0,0,0,0,0,0,0,0,0,0,0,0,0,0,0,0,0,0,1,0,0,0,0,0,0,0,0,0,0,0,0,0,0,0,0,0,0,0,0,0,0,0,0,0,0,0,0,0,0,0,0,0,0,0,0,0,0,0,0,0,0,0,0,0,0,0,0,0,0,0,0,0,4,0.0,0.0,1.0,0,0,0
29,1.0,144,255,0.15,0.11,0.0,0.81,0.0,206,0.0,0.0,0.0,0,0,0,0,0,0,0,0,1,0,0,0,1,0,0,satan,0,1,0,0,0,0,0,0,0,0,1,0,0.9,0,0.03,0.03,0,0,0,0,0,0,0,0,0,0,0,0,0,0,0,0,0,0,0,0,0,1,0,0,0,0,0,0,0,0,0,0,0,0,0,0,0,0,0,0,0,0,0,0,0,0,0,0,0,0,0,0,0,0,0,0,0,0,0,0,0,0,0,0,0,0,0,0,0,0,6,1,0.0,0.0,1.0,0,0,0
215,0.07,0,255,0.08,1.0,0.0,0.01,0.0,2,0.0,1.0,0.0,0,0,1,0,0,0,0,0,0,0,0,0,0,0,0,neptune,0,0,0,0,0,0,0,0,0,0,1,0,1.0,0,0.01,0.0,0,0,0,0,0,0,0,0,1,0,0,0,0,0,0,0,0,0,0,0,0,0,0,0,0,0,0,0,0,0,0,0,0,0,0,0,0,0,0,0,0,0,0,0,0,0,0,0,0,0,0,0,0,0,0,0,0,0,0,0,0,0,0,0,0,0,0,0,0,0,0,2,0.0,1.0,0.0,0,0,0
266,0.06,0,255,0.08,1.0,0.0,0.07,0.0,17,0.0,1.0,0.0,0,0,1,0,0,0,0,0,0,0,0,0,0,0,0,neptune,0,0,0,0,0,0,0,0,0,0,1,0,1.0,0,0.06,0.0,0,0,0,0,0,0,0,0,0,0,0,0,0,0,0,0,0,0,0,0,0,1,0,0,0,0,0,0,0,0,0,0,0,0,0,0,0,0,0,0,0,0,0,0,0,0,0,0,0,0,0,0,0,0,0,0,0,0,0,0,0,0,0,0,0,0,0,0,0,0,0,17,0.0,1.0,0.0,0,0,0
13,0.0,478,255,0.0,0.0,0.0,1.0,0.01,255,0.0,0.0,0.01,0,0,0,0,0,0,0,0,0,0,1,0,0,0,0,normal,0,1,0,0,0,0,0,0,0,0,1,0,0.0,0,1.0,0.0,0,0,0,0,0,0,0,0,0,0,0,0,0,0,0,0,0,0,0,0,0,1,0,0,0,0,0,0,0,0,0,0,0,0,0,0,0,0,0,0,0,0,0,0,0,0,0,0,0,0,0,0,0,0,0,0,0,0,0,0,0,0,0,0,0,0,0,0,0,0,282,13,0.0,0.0,0.0,0,0,0
2,0.0,0,78,0.04,0.0,0.08,0.08,0.0,47,0.06,0.0,0.0,0,0,0,0,0,0,0,0,0,0,1,0,0,0,0,normal,0,1,0,0,0,0,0,0,0,0,1,0,0.0,0,1.0,0.0,0,0,0,0,0,0,0,0,0,0,0,0,0,0,0,0,0,1,0,0,0,0,0,0,0,0,0,0,0,0,0,0,0,0,0,0,0,0,0,0,0,0,0,0,0,0,0,0,0,0,0,0,0,0,0,0,0,0,0,0,0,0,0,0,0,0,0,0,0,0,26,2,0.0,0.0,0.0,0,0,0
1,0.0,93,255,0.02,0.17,0.0,0.54,0.0,137,0.0,0.0,0.0,4,0,0,0,0,0,0,0,0,0,1,0,0,0,0,guess_passwd,0,1,0,0,0,0,0,0,0,0,1,0,0.0,0,1.0,0.0,0,0,0,0,0,0,0,0,0,0,0,0,0,0,0,0,0,0,0,0,0,0,0,0,0,0,0,0,0,0,0,0,0,0,0,0,0,0,0,0,0,0,0,0,0,1,0,0,0,0,0,0,0,0,0,0,0,0,0,0,0,0,0,0,0,0,0,0,0,0,32,1,0.0,0.0,0.0,0,0,0
1,0.0,0,9,0.0,1.0,0.11,1.0,0.0,191,0.01,1.0,0.0,0,0,1,0,0,0,0,0,0,0,0,0,0,0,0,normal,0,0,0,0,0,0,0,0,0,0,1,0,1.0,0,1.0,0.0,0,0,0,0,0,0,0,0,0,0,0,0,0,0,0,0,0,0,0,0,0,1,0,0,0,0,0,0,0,0,0,0,0,0,0,0,0,0,0,0,0,0,0,0,0,0,0,0,0,0,0,0,0,0,0,0,0,0,0,0,0,0,0,0,0,0,0,0,0,0,0,1,0.0,1.0,0.0,0,0,0
101,0.07,0,76,0.09,1.0,0.01,0.01,0.0,1,0.0,1.0,0.0,0,0,1,0,0,0,0,0,0,0,0,0,0,0,0,neptune,0,0,0,0,0,0,0,0,0,0,1,0,1.0,0,0.01,0.0,0,0,0,0,0,0,0,0,0,0,0,0,0,0,0,0,0,0,0,0,0,0,0,0,0,0,0,0,0,0,0,0,0,0,0,0,0,0,0,0,0,0,0,0,0,0,0,1,0,0,0,0,0,0,0,0,0,0,0,0,0,0,0,0,0,0,0,0,0,0,0,1,0.0,1.0,0.0,0,0,0
1,0.0,327,197,0.03,0.0,0.01,0.57,0.0,144,0.01,0.0,0.0,0,0,0,0,0,0,0,0,0,0,1,0,0,0,0,normal,0,1,0,0,0,0,0,0,0,0,1,0,0.0,0,1.0,0.0,0,0,0,0,0,0,0,0,0,0,0,0,0,0,0,0,0,0,0,0,0,0,0,0,0,0,0,0,0,0,0,0,0,0,0,0,0,0,0,0,0,0,0,0,0,0,0,0,0,0,0,0,1,0,0,0,0,0,0,0,0,0,0,0,0,0,0,0,0,0,698,1,0.0,0.0,0.0,0,0,0
172,0.08,0,255,0.07,0.0,0.0,0.0,1.0,1,0.0,0.0,1.0,0,0,0,0,0,0,1,0,0,0,0,0,0,0,0,neptune,0,0,0,0,0,0,0,0,0,0,1,0,0.0,0,0.01,1.0,0,0,0,0,0,0,0,0,0,0,1,0,0,0,0,0,0,0,0,0,0,0,0,0,0,0,0,0,0,0,0,0,0,0,0,0,0,0,0,0,0,0,0,0,0,0,0,0,0,0,0,0,0,0,0,0,0,0,0,0,0,0,0,0,0,0,0,0,0,0,0,1,0.0,0.0,1.0,0,0,0
226,0.05,0,255,0.07,0.0,0.0,0.07,1.0,18,0.0,0.0,1.0,0,0,0,0,0,0,1,0,0,0,0,0,0,0,0,neptune,0,0,0,0,0,0,0,0,0,0,1,0,0.0,0,0.08,1.0,0,0,0,0,0,0,0,0,0,0,0,0,0,0,0,0,0,0,0,0,0,0,0,0,0,0,0,0,0,0,0,0,0,0,0,0,0,0,0,0,0,0,0,0,0,0,0,1,0,0,0,0,0,0,0,0,0,0,0,0,0,0,0,0,0,0,0,0,0,0,0,18,0.0,0.0,1.0,0,0,0
43,0.09,0,255,0.02,0.0,0.02,0.25,1.0,65,0.0,0.0,1.0,0,0,0,0,0,0,1,0,0,0,0,0,0,0,0,neptune,0,0,0,0,0,0,0,0,0,0,1,0,0.0,0,0.28,1.0,0,0,0,0,0,0,0,0,0,0,0,0,0,0,0,1,0,0,0,0,0,0,0,0,0,0,0,0,0,0,0,0,0,0,0,0,0,0,0,0,0,0,0,0,0,0,0,0,0,0,0,0,0,0,0,0,0,0,0,0,0,0,0,0,0,0,0,0,0,0,0,12,0.0,0.0,1.0,0,0,0
243,0.07,0,255,0.07,0.0,0.0,0.02,1.0,6,0.0,0.0,1.0,0,0,0,0,0,0,1,0,0,0,0,0,0,0,0,neptune,0,0,0,0,0,0,0,0,0,0,1,0,0.0,0,0.02,1.0,0,0,0,0,0,0,0,0,0,0,0,0,0,0,0,0,0,0,0,0,0,0,0,0,0,0,0,0,0,0,0,0,0,0,0,0,0,0,0,0,0,0,0,0,0,0,0,1,0,0,0,0,0,0,0,0,0,0,0,0,0,0,0,0,0,0,0,0,0,0,0,6,0.0,0.0,1.0,0,0,0
10,0.0,3101,184,0.0,0.0,0.01,1.0,0.0,255,0.01,0.0,0.0,0,0,0,0,0,0,0,0,0,0,1,0,0,0,0,normal,0,1,0,0,0,0,0,0,0,0,1,0,0.0,0,1.0,0.0,0,0,0,0,0,0,0,0,0,0,0,0,0,0,0,0,0,0,0,0,0,1,0,0,0,0,0,0,0,0,0,0,0,0,0,0,0,0,0,0,0,0,0,0,0,0,0,0,0,0,0,0,0,0,0,0,0,0,0,0,0,0,0,0,0,0,0,0,0,0,252,10,0.0,0.0,0.0,0,0,0
2,0.0,2752,132,0.0,0.0,0.01,1.0,0.0,255,0.01,0.0,0.0,0,0,0,0,0,0,0,0,0,0,1,0,0,0,0,normal,0,1,0,0,0,0,0,0,0,0,1,0,0.0,0,1.0,0.0,0,0,0,0,0,0,0,0,0,0,0,0,0,0,0,0,0,0,0,0,0,1,0,0,0,0,0,0,0,0,0,0,0,0,0,0,0,0,0,0,0,0,0,0,0,0,0,0,0,0,0,0,0,0,0,0,0,0,0,0,0,0,0,0,0,0,0,0,0,0,292,2,0.0,0.0,0.0,0,0,0
13,0.15,0,255,0.07,0.0,0.0,0.03,1.0,7,0.0,0.0,1.0,0,0,0,0,0,0,1,0,0,0,0,0,0,0,0,neptune,0,0,0,0,0,0,0,0,0,0,1,0,0.0,0,0.08,1.0,0,0,0,0,0,0,0,0,0,0,0,0,0,0,0,0,0,0,0,0,0,0,0,0,0,0,0,0,0,0,0,0,0,0,0,0,0,0,0,0,0,0,0,0,0,0,0,0,0,0,0,0,0,0,0,0,0,0,0,0,0,0,0,0,1,0,0,0,0,0,0,1,0.0,0.0,1.0,0,0,0
1,0.0,135,120,0.03,0.0,0.01,0.05,0.0,6,0.0,0.0,0.0,0,0,0,0,0,0,0,0,0,0,1,0,0,0,0,normal,0,0,0,0,0,0,0,0,0,0,1,0,0.0,0,1.0,0.0,0,0,0,0,0,0,0,0,0,0,0,0,0,0,0,1,0,0,0,0,0,0,0,0,0,0,0,0,0,0,0,0,0,0,0,0,0,0,0,0,0,0,0,0,0,0,0,0,0,0,0,0,0,0,0,0,0,0,0,0,0,0,0,0,0,0,0,0,0,0,5,1,0.0,0.0,0.0,0,0,0
274,0.07,0,255,0.11,0.0,0.0,0.02,1.0,5,0.0,0.0,1.0,0,0,0,0,0,0,1,0,0,0,0,0,0,0,0,neptune,0,0,0,0,0,0,0,0,0,0,1,0,0.0,0,0.06,1.0,0,0,0,0,0,0,0,0,0,0,0,0,0,0,0,0,0,0,0,0,0,0,0,0,0,0,0,0,0,0,0,0,0,0,0,0,0,0,0,0,0,0,0,0,0,0,0,1,0,0,0,0,0,0,0,0,0,0,0,0,0,0,0,0,0,0,0,0,0,0,0,17,0.0,0.0,1.0,0,0,0
2,0.0,0,10,0.3,0.0,0.2,0.2,0.0,6,0.33,0.0,0.0,0,0,0,0,0,0,0,0,0,0,1,0,0,0,0,normal,0,1,0,0,0,0,0,1,0,0,1,0,0.0,0,1.0,0.0,0,0,0,0,0,0,0,0,0,0,0,0,0,0,0,0,0,1,0,0,0,0,0,0,0,0,0,0,0,0,0,0,0,0,0,0,0,0,0,0,0,0,0,0,0,0,0,0,0,0,0,0,0,0,0,0,0,0,0,0,0,0,0,0,0,0,0,0,0,0,245,2,0.0,0.0,0.0,0,0,0
6,0.0,263,255,0.0,0.0,0.01,1.0,0.0,255,0.0,0.0,0.0,0,0,0,0,0,0,0,0,0,0,1,0,0,0,0,normal,0,1,0,0,0,0,0,0,0,0,1,0,0.0,0,1.0,0.0,0,0,0,0,0,0,0,0,0,0,0,0,0,0,0,0,0,0,0,0,0,1,0,0,0,0,0,0,0,0,0,0,0,0,0,0,0,0,0,0,0,0,0,0,0,0,0,0,0,0,0,0,0,0,0,0,0,0,0,0,0,0,0,0,0,0,0,0,0,0,317,8,0.38,0.0,0.0,0,0,0
44,0.0,1452,72,0.0,0.0,0.01,1.0,0.0,255,0.03,0.0,0.0,0,0,0,0,0,0,0,0,0,0,1,0,0,0,0,normal,0,1,0,0,0,0,0,0,0,0,1,0,0.0,0,1.0,0.0,0,0,0,0,0,0,0,0,0,0,0,0,0,0,0,0,0,0,0,0,0,1,0,0,0,0,0,0,0,0,0,0,0,0,0,0,0,0,0,0,0,0,0,0,0,0,0,0,0,0,0,0,0,0,0,0,0,0,0,0,0,0,0,0,0,0,0,0,0,0,239,53,0.04,0.0,0.0,0,0,0
35,0.0,0,255,0.01,0.0,0.01,0.01,0.0,2,0.0,0.0,0.0,0,0,0,0,0,0,0,0,0,0,1,0,0,0,0,teardrop,0,0,0,0,0,0,0,0,0,0,0,1,0.0,0,1.0,0.0,0,0,0,0,0,0,0,0,0,0,0,0,0,0,0,0,0,0,0,0,0,0,0,0,0,0,0,0,0,0,0,0,0,0,0,0,0,0,0,0,0,0,0,0,0,0,0,1,0,0,0,0,0,0,0,0,0,0,0,0,0,0,0,0,0,0,0,0,0,0,28,35,0.0,0.0,0.0,0,0,3
7,0.0,1380,255,0.01,0.02,0.0,0.94,0.0,240,0.0,0.02,0.0,0,0,0,0,0,0,0,0,0,0,1,0,0,0,0,normal,0,1,0,0,0,0,0,0,0,0,1,0,0.0,0,1.0,0.0,0,0,0,0,0,0,0,0,0,0,0,0,0,0,0,0,0,0,0,0,0,1,0,0,0,0,0,0,0,0,0,0,0,0,0,0,0,0,0,0,0,0,0,0,0,0,0,0,0,0,0,0,0,0,0,0,0,0,0,0,0,0,0,0,0,0,0,0,0,0,300,7,0.0,0.0,0.0,0,0,0
114,0.06,0,255,0.05,1.0,0.0,0.05,0.0,12,0.0,1.0,0.0,0,0,1,0,0,0,0,0,0,0,0,0,0,0,0,neptune,0,0,0,0,0,0,0,0,0,0,1,0,1.0,0,0.11,0.0,0,0,0,0,0,0,0,0,0,0,0,0,0,0,0,0,0,0,0,0,0,0,0,0,0,0,0,0,0,0,0,0,0,0,0,0,0,0,0,0,0,0,0,0,0,0,0,1,0,0,0,0,0,0,0,0,0,0,0,0,0,0,0,0,0,0,0,0,0,0,0,12,0.0,1.0,0.0,0,0,0
8,0.0,885,135,0.0,0.0,0.01,1.0,0.01,255,0.02,0.0,0.01,0,0,0,0,0,0,0,0,0,0,1,0,0,0,0,normal,0,1,0,0,0,0,0,0,0,0,1,0,0.0,0,1.0,0.0,0,0,0,0,0,0,0,0,0,0,0,0,0,0,0,0,0,0,0,0,0,1,0,0,0,0,0,0,0,0,0,0,0,0,0,0,0,0,0,0,0,0,0,0,0,0,0,0,0,0,0,0,0,0,0,0,0,0,0,0,0,0,0,0,0,0,0,0,0,0,211,9,0.22,0.0,0.0,0,0,0
11,0.0,943,208,0.0,0.0,0.0,1.0,0.0,255,0.01,0.0,0.0,0,0,0,0,0,0,0,0,0,0,1,0,0,0,0,normal,0,1,0,0,0,0,0,0,0,0,1,0,0.0,0,1.0,0.0,0,0,0,0,0,0,0,0,0,0,0,0,0,0,0,0,0,0,0,0,0,1,0,0,0,0,0,0,0,0,0,0,0,0,0,0,0,0,0,0,0,0,0,0,0,0,0,0,0,0,0,0,0,0,0,0,0,0,0,0,0,0,0,0,0,0,0,0,0,0,324,11,0.0,0.0,0.0,0,0,0
79,0.05,0,255,0.03,0.0,0.0,0.22,1.0,56,0.0,0.0,1.0,0,0,0,0,0,0,1,0,0,0,0,0,0,0,0,neptune,0,0,0,0,0,0,0,0,0,0,1,0,0.0,0,0.25,1.0,0,0,0,0,0,0,0,0,0,0,0,0,0,0,0,0,0,0,0,0,0,1,0,0,0,0,0,0,0,0,0,0,0,0,0,0,0,0,0,0,0,0,0,0,0,0,0,0,0,0,0,0,0,0,0,0,0,0,0,0,0,0,0,0,0,0,0,0,0,0,0,20,0.0,0.0,1.0,0,0,0
100,0.06,0,255,0.07,0.0,0.0,0.01,1.0,2,0.0,0.0,1.0,0,0,0,0,0,0,1,0,0,0,0,0,0,0,0,neptune,0,0,0,0,0,0,0,0,0,0,1,0,0.0,0,0.12,1.0,0,0,0,0,0,0,0,0,0,0,0,0,0,0,0,0,0,0,0,0,0,0,0,0,0,0,0,0,0,0,0,0,0,0,0,0,0,0,0,0,0,0,0,0,0,0,0,1,0,0,0,0,0,0,0,0,0,0,0,0,0,0,0,0,0,0,0,0,0,0,0,12,0.0,0.0,1.0,0,0,0
6,0.0,1721,255,0.0,0.0,0.0,1.0,0.0,255,0.0,0.0,0.0,0,0,0,0,0,0,0,0,0,0,1,0,0,0,0,normal,0,1,0,0,0,0,0,0,0,0,1,0,0.0,0,1.0,0.0,0,0,0,0,0,0,0,0,0,0,0,0,0,0,0,0,0,0,0,0,0,1,0,0,0,0,0,0,0,0,0,0,0,0,0,0,0,0,0,0,0,0,0,0,0,0,0,0,0,0,0,0,0,0,0,0,0,0,0,0,0,0,0,0,0,0,0,0,0,0,214,6,0.0,0.0,0.0,0,0,0
3,0.0,561,8,0.0,0.0,0.12,1.0,0.0,133,0.04,0.0,0.0,0,0,0,0,0,0,0,0,0,0,1,0,0,0,0,normal,0,1,0,0,0,0,0,0,0,0,1,0,0.0,0,1.0,0.0,0,0,0,0,0,0,0,0,0,0,0,0,0,0,0,0,0,0,0,0,0,1,0,0,0,0,0,0,0,0,0,0,0,0,0,0,0,0,0,0,0,0,0,0,0,0,0,0,0,0,0,0,0,0,0,0,0,0,0,0,0,0,0,0,0,0,0,0,0,0,230,3,0.0,0.0,0.0,0,0,0
125,0.06,0,255,0.06,0.0,0.0,0.02,1.0,4,0.0,0.0,1.0,0,0,0,0,0,0,1,0,0,0,0,0,0,0,0,neptune,0,0,0,0,0,0,0,0,0,0,1,0,0.0,0,0.2,1.0,0,0,0,0,0,0,0,0,0,0,0,0,0,0,0,0,0,0,0,0,0,0,0,0,0,0,0,0,0,0,0,0,0,0,0,0,0,0,0,0,0,0,0,0,0,0,0,0,0,0,0,0,0,0,0,0,0,0,0,0,0,0,0,0,0,0,0,1,0,0,0,25,0.0,0.0,1.0,0,0,0
1,0.0,2449,255,0.02,0.0,0.0,0.52,0.0,132,0.0,0.0,0.0,1,0,0,0,0,0,0,0,0,0,1,0,28,1,0,warezclient,0,1,0,0,0,0,0,0,0,0,1,0,0.0,0,1.0,0.0,0,0,0,0,0,0,0,0,0,0,0,0,0,0,0,0,1,0,0,0,0,0,0,0,0,0,0,0,0,0,0,0,0,0,0,0,0,0,0,0,0,0,0,0,0,0,0,0,0,0,0,0,0,0,0,0,0,0,0,0,0,0,0,0,0,0,0,0,0,0,1213,1,0.0,0.0,0.0,0,0,0
1,0.0,329,255,0.06,0.0,0.0,0.55,0.02,141,0.0,0.0,0.02,2,0,0,0,0,0,0,0,0,0,1,0,0,0,0,normal,0,1,1,0,0,0,0,0,0,0,1,0,0.0,0,1.0,0.0,0,0,0,0,0,0,0,0,0,0,0,0,0,0,0,0,0,0,0,0,0,0,0,0,0,0,0,0,0,0,0,0,0,0,0,0,0,0,0,0,0,0,0,0,0,0,0,0,0,0,0,0,1,0,0,0,0,0,0,0,0,0,0,0,0,0,0,0,0,0,813,3,1.0,0.0,0.0,0,0,0
4,0.0,356,38,0.0,0.0,0.03,1.0,0.0,255,0.02,0.0,0.0,0,0,0,0,0,0,0,0,0,0,1,0,0,0,0,normal,0,1,0,0,0,0,0,0,0,0,1,0,0.0,0,1.0,0.0,0,0,0,0,0,0,0,0,0,0,0,0,0,0,0,0,0,0,0,0,0,1,0,0,0,0,0,0,0,0,0,0,0,0,0,0,0,0,0,0,0,0,0,0,0,0,0,0,0,0,0,0,0,0,0,0,0,0,0,0,0,0,0,0,0,0,0,0,0,0,316,4,0.0,0.0,0.0,0,0,0
1,0.0,0,116,0.03,0.0,0.18,0.18,0.0,21,0.0,0.0,0.0,0,0,0,0,0,0,0,0,0,0,1,0,0,0,0,normal,0,0,0,0,0,0,0,0,0,0,1,0,0.0,0,1.0,0.0,0,0,0,0,0,0,0,0,0,0,0,0,0,0,0,0,0,1,0,0,0,0,0,0,0,0,0,0,0,0,0,0,0,0,0,0,0,0,0,0,0,0,0,0,0,0,0,0,0,0,0,0,0,0,0,0,0,0,0,0,0,0,0,0,0,0,0,0,0,0,7940,1,0.0,0.0,0.0,0,0,0
1,0.0,0,255,0.07,0.0,0.0,0.05,1.0,14,0.0,0.0,1.0,0,0,0,0,0,0,1,0,0,0,0,0,0,0,0,neptune,0,0,0,0,0,0,0,0,0,0,1,0,0.0,0,1.0,1.0,0,0,0,0,0,0,0,0,0,0,0,0,0,0,0,0,0,0,0,0,0,0,0,0,0,0,0,0,0,0,0,0,0,0,0,0,0,0,0,0,0,0,0,0,0,0,0,1,0,0,0,0,0,0,0,0,0,0,0,0,0,0,0,0,0,0,0,0,0,0,0,1,0.0,0.0,1.0,0,0,0
17,0.0,0,147,0.03,0.0,0.39,0.39,0.0,119,0.03,0.0,0.0,0,0,0,0,0,0,0,0,0,0,1,0,0,0,0,normal,0,1,0,0,0,0,0,0,0,0,1,0,0.0,0,1.0,0.0,0,0,0,0,0,0,0,0,0,0,0,0,0,0,0,0,0,1,0,0,0,0,0,0,0,0,0,0,0,0,0,0,0,0,0,0,0,0,0,0,0,0,0,0,0,0,0,0,0,0,0,0,0,0,0,0,0,0,0,0,0,0,0,0,0,0,0,0,0,0,4539,19,0.11,0.0,0.0,0,0,0
1,0.0,0,1,0.0,0.0,1.0,1.0,0.0,201,0.25,0.0,0.0,0,0,0,0,0,0,0,0,0,0,1,0,0,0,0,ipsweep,0,0,0,0,0,0,0,0,0,1,0,0,0.0,0,1.0,0.0,0,0,0,0,0,0,0,0,0,0,0,1,0,0,0,0,0,0,0,0,0,0,0,0,0,0,0,0,0,0,0,0,0,0,0,0,0,0,0,0,0,0,0,0,0,0,0,0,0,0,0,0,0,0,0,0,0,0,0,0,0,0,0,0,0,0,0,0,0,0,18,1,0.0,0.0,0.0,0,0,0
414,1.0,0,255,0.93,0.85,0.0,0.0,0.14,1,0.0,1.0,0.0,0,0,1,0,0,0,0,0,0,0,0,0,0,0,0,satan,0,0,0,0,0,0,0,0,0,0,1,0,0.88,0,0.0,0.11,0,0,0,0,0,0,0,0,0,0,0,0,0,0,0,0,0,0,0,0,0,0,0,0,0,0,0,0,0,0,0,0,0,0,0,0,0,0,0,0,0,0,0,0,0,0,0,1,0,0,0,0,0,0,0,0,0,0,0,0,0,0,0,0,0,0,0,0,0,0,0,1,0.0,1.0,0.0,0,0,0
147,0.07,0,255,0.07,1.0,0.0,0.01,0.0,3,0.0,1.0,0.0,0,0,1,0,0,0,0,0,0,0,0,0,0,0,0,neptune,0,0,0,0,0,0,0,0,0,0,1,0,1.0,0,0.02,0.0,0,0,0,0,0,0,0,0,0,0,0,0,0,0,0,0,0,0,0,0,0,0,0,0,0,0,0,0,0,0,0,0,0,0,0,0,0,0,0,0,0,0,0,0,0,0,0,0,0,0,0,0,0,0,0,0,0,0,0,0,0,0,0,0,0,0,1,0,0,0,0,3,0.0,1.0,0.0,0,0,0
118,0.06,0,255,0.06,0.0,0.0,0.05,1.0,13,0.0,0.0,1.0,0,0,0,0,0,0,1,0,0,0,0,0,0,0,0,neptune,0,0,0,0,0,0,0,0,0,0,1,0,0.0,0,0.11,1.0,0,0,0,0,0,0,0,0,0,0,0,0,0,0,0,0,0,0,0,0,0,0,0,0,0,0,0,0,0,0,0,0,0,0,0,0,0,0,0,0,0,0,0,0,0,0,0,0,0,0,0,0,0,0,0,0,0,0,0,0,0,0,0,0,1,0,0,0,0,0,0,13,0.0,0.0,1.0,0,0,0
1,0.0,35215,122,0.0,0.0,0.01,1.0,0.0,255,0.05,0.0,0.0,0,0,0,0,0,0,0,0,0,0,1,0,0,0,0,normal,0,1,0,0,0,0,0,0,0,0,1,0,0.0,0,1.0,0.0,0,0,0,0,0,0,0,0,0,0,0,0,0,0,0,0,0,0,0,0,0,1,0,0,0,0,0,0,0,0,0,0,0,0,0,0,0,0,0,0,0,0,0,0,0,0,0,0,0,0,0,0,0,0,0,0,0,0,0,0,0,0,0,0,0,0,0,0,0,0,168,25,0.16,0.0,0.0,0,0,0
19,0.0,1281,255,0.0,0.0,0.0,1.0,0.0,255,0.0,0.0,0.0,0,0,0,0,0,0,0,0,0,0,1,0,0,0,0,normal,0,1,0,0,0,0,0,0,0,0,1,0,0.0,0,1.0,0.0,0,0,0,0,0,0,0,0,0,0,0,0,0,0,0,0,0,0,0,0,0,1,0,0,0,0,0,0,0,0,0,0,0,0,0,0,0,0,0,0,0,0,0,0,0,0,0,0,0,0,0,0,0,0,0,0,0,0,0,0,0,0,0,0,0,0,0,0,0,0,214,19,0.0,0.0,0.0,0,0,0
1,0.0,341,133,0.03,0.0,0.01,0.67,0.0,185,0.01,0.0,0.0,1,0,0,0,0,0,0,0,0,0,1,0,0,0,0,normal,0,1,0,0,0,0,0,0,0,0,1,0,0.0,0,1.0,0.0,0,0,0,0,0,0,0,0,0,0,0,0,0,0,0,0,0,0,0,0,0,0,0,0,0,0,0,0,0,0,0,0,0,0,0,0,0,0,0,0,0,0,0,0,0,0,0,0,0,0,0,0,1,0,0,0,0,0,0,0,0,0,0,0,0,0,0,0,0,0,1627,4,1.0,0.0,0.0,0,0,0
222,0.06,0,255,0.08,0.0,0.0,0.01,1.0,2,0.0,0.0,1.0,0,0,0,0,0,0,1,0,0,0,0,0,0,0,0,neptune,0,0,0,0,0,0,0,0,0,0,1,0,0.0,0,0.06,1.0,0,0,0,0,0,0,0,0,0,0,0,0,0,0,0,0,0,0,0,0,1,0,0,0,0,0,0,0,0,0,0,0,0,0,0,0,0,0,0,0,0,0,0,0,0,0,0,0,0,0,0,0,0,0,0,0,0,0,0,0,0,0,0,0,0,0,0,0,0,0,0,14,0.0,0.0,1.0,0,0,0
26,0.08,0,255,0.01,0.0,0.04,0.04,0.0,11,0.0,0.0,0.0,0,0,0,0,0,0,0,0,0,0,1,0,0,0,0,normal,0,0,0,0,0,0,0,0,0,1,0,0,0.0,0,0.04,0.0,0,0,0,0,0,0,0,0,0,0,0,0,0,0,0,0,0,0,0,0,0,0,0,0,0,0,0,0,0,0,0,0,0,0,0,0,0,0,0,0,0,0,0,0,0,0,0,0,0,0,0,0,0,0,0,0,0,0,0,0,0,0,0,1,0,0,0,0,0,0,78,1,0.0,0.0,0.0,0,0,0
93,0.0,134,255,0.01,0.0,0.0,1.0,0.0,254,0.0,0.0,0.0,0,0,0,0,0,0,0,0,0,0,1,0,0,0,0,normal,0,0,0,0,0,0,0,0,0,0,0,1,0.0,0,1.0,0.0,0,0,0,0,0,0,0,0,0,1,0,0,0,0,0,0,0,0,0,0,0,0,0,0,0,0,0,0,0,0,0,0,0,0,0,0,0,0,0,0,0,0,0,0,0,0,0,0,0,0,0,0,0,0,0,0,0,0,0,0,0,0,0,0,0,0,0,0,0,0,46,173,0.01,0.0,0.0,0,0,0
146,0.05,0,255,0.08,0.0,0.0,0.04,1.0,11,0.0,0.0,1.0,0,0,0,0,0,0,1,0,0,0,0,0,0,0,0,neptune,0,0,0,0,0,0,0,0,0,0,1,0,0.0,0,0.14,1.0,0,0,0,0,0,0,0,0,0,0,0,0,0,0,0,0,0,0,0,0,0,0,0,0,0,0,0,0,0,0,0,0,0,0,0,0,0,0,0,0,0,0,0,0,0,0,0,1,0,0,0,0,0,0,0,0,0,0,0,0,0,0,0,0,0,0,0,0,0,0,0,20,0.0,0.0,1.0,0,0,0
511,0.0,0,255,0.16,0.0,0.67,0.67,0.0,171,0.0,0.0,0.0,0,0,0,0,0,0,0,0,0,0,1,0,0,0,0,smurf,0,0,0,0,0,0,0,0,0,1,0,0,0.0,0,1.0,0.0,0,0,0,0,0,0,0,0,0,0,0,0,1,0,0,0,0,0,0,0,0,0,0,0,0,0,0,0,0,0,0,0,0,0,0,0,0,0,0,0,0,0,0,0,0,0,0,0,0,0,0,0,0,0,0,0,0,0,0,0,0,0,0,0,0,0,0,0,0,0,1032,511,0.0,0.0,0.0,0,0,0
195,0.07,0,255,0.06,0.0,0.0,0.01,1.0,3,0.0,0.0,1.0,0,0,0,0,0,0,1,0,0,0,0,0,0,0,0,neptune,0,0,0,0,0,0,0,0,0,0,1,0,0.0,0,0.02,1.0,0,0,0,0,0,1,0,0,0,0,0,0,0,0,0,0,0,0,0,0,0,0,0,0,0,0,0,0,0,0,0,0,0,0,0,0,0,0,0,0,0,0,0,0,0,0,0,0,0,0,0,0,0,0,0,0,0,0,0,0,0,0,0,0,0,0,0,0,0,0,0,3,0.0,0.0,1.0,0,0,0
117,0.06,0,64,0.09,0.0,0.02,0.25,1.0,16,0.0,0.0,1.0,0,0,0,0,0,0,1,0,0,0,0,0,0,0,0,neptune,0,0,0,0,0,0,0,0,0,0,1,0,0.0,0,0.15,1.0,0,0,0,0,0,0,0,0,0,0,0,0,0,0,0,0,0,0,0,0,0,0,0,0,0,0,0,0,0,0,0,0,0,0,0,0,0,0,0,0,0,0,0,0,0,0,0,1,0,0,0,0,0,0,0,0,0,0,0,0,0,0,0,0,0,0,0,0,0,0,0,17,0.0,0.0,1.0,0,0,0
15,0.13,0,255,0.37,0.18,0.82,0.05,0.0,13,0.0,0.0,0.0,0,0,0,0,0,0,0,0,0,0,1,0,0,0,0,satan,0,0,0,0,0,0,0,0,0,0,0,1,0.0,0,0.87,0.0,0,0,0,0,0,0,0,0,0,0,0,0,0,0,0,0,0,0,0,0,0,0,0,0,0,0,0,0,0,0,0,0,0,0,0,0,0,0,0,0,0,0,0,0,0,0,0,1,0,0,0,0,0,0,0,0,0,0,0,0,0,0,0,0,0,0,0,0,0,0,1,13,0.0,0.0,0.0,0,0,0
1,0.0,0,8,0.0,0.0,0.12,1.0,0.0,8,0.0,0.0,0.0,0,0,0,0,0,0,0,0,0,0,1,0,0,0,0,normal,0,0,0,0,0,0,0,0,0,0,0,1,0.0,0,1.0,0.0,0,0,0,0,0,0,0,0,0,0,0,0,0,0,0,0,0,0,0,0,0,0,0,0,0,0,0,0,0,0,0,0,0,0,0,0,0,0,0,0,0,0,0,0,0,0,0,1,0,0,0,0,0,0,0,0,0,0,0,0,0,0,0,0,0,0,0,0,0,0,105,1,0.0,0.0,0.0,0,0,0
3,0.0,10554,114,0.0,0.0,0.01,1.0,0.0,255,0.03,0.0,0.0,0,0,0,0,0,0,0,0,0,0,1,0,0,0,0,normal,0,1,0,0,0,0,0,0,0,0,1,0,0.0,0,1.0,0.0,0,0,0,0,0,0,0,0,0,0,0,0,0,0,0,0,0,0,0,0,0,1,0,0,0,0,0,0,0,0,0,0,0,0,0,0,0,0,0,0,0,0,0,0,0,0,0,0,0,0,0,0,0,0,0,0,0,0,0,0,0,0,0,0,0,0,0,0,0,0,237,9,0.33,0.0,0.0,0,0,0
5,0.0,0,30,0.07,0.0,0.5,0.5,0.0,96,0.03,0.0,0.0,0,0,0,0,0,0,0,0,0,0,1,0,0,0,0,normal,0,1,0,0,0,0,0,0,0,0,1,0,0.0,0,1.0,0.0,0,0,0,0,0,0,0,0,0,0,0,0,0,0,0,0,0,1,0,0,0,0,0,0,0,0,0,0,0,0,0,0,0,0,0,0,0,0,0,0,0,0,0,0,0,0,0,0,0,0,0,0,0,0,0,0,0,0,0,0,0,0,0,0,0,0,0,0,0,0,5336,5,0.0,0.0,0.0,0,0,0
101,0.07,0,255,0.08,0.0,0.0,0.07,1.0,17,0.0,0.0,1.0,0,0,0,0,0,0,1,0,0,0,0,0,0,0,0,neptune,0,0,0,0,0,0,0,0,0,0,1,0,0.0,0,0.17,1.0,0,0,0,0,0,0,0,0,0,0,0,0,0,0,0,0,0,0,0,0,0,0,0,0,0,0,0,0,0,0,0,0,0,0,0,0,0,0,0,0,0,0,0,0,0,0,0,1,0,0,0,0,0,0,0,0,0,0,0,0,0,0,0,0,0,0,0,0,0,0,0,17,0.0,0.0,1.0,0,0,0
4,0.0,1107,255,0.0,0.0,0.0,1.0,0.0,255,0.0,0.0,0.0,0,0,0,0,0,0,0,0,0,0,1,0,0,0,0,normal,0,1,0,0,0,0,0,0,0,0,1,0,0.0,0,1.0,0.0,0,0,0,0,0,0,0,0,0,0,0,0,0,0,0,0,0,0,0,0,0,1,0,0,0,0,0,0,0,0,0,0,0,0,0,0,0,0,0,0,0,0,0,0,0,0,0,0,0,0,0,0,0,0,0,0,0,0,0,0,0,0,0,0,0,0,0,0,0,0,335,5,0.4,0.0,0.0,0,0,0
5,0.4,0,255,0.98,0.94,0.03,0.01,0.03,2,0.0,0.0,0.0,0,0,0,0,0,0,0,0,0,0,1,0,0,0,0,satan,0,0,0,0,0,0,0,0,0,0,0,1,0.0,0,0.4,0.0,0,0,0,0,0,0,0,0,0,0,0,0,0,0,0,0,0,0,0,0,0,0,0,0,0,0,0,0,0,0,0,0,0,0,0,0,0,0,0,0,0,0,0,0,0,0,0,1,0,0,0,0,0,0,0,0,0,0,0,0,0,0,0,0,0,0,0,0,0,0,1,2,0.0,0.0,0.0,0,0,0
1,0.0,0,38,0.0,1.0,0.03,1.0,0.0,51,0.12,1.0,0.0,0,0,1,0,0,0,0,0,0,0,0,0,0,0,0,normal,0,0,0,0,0,0,0,0,0,0,1,0,1.0,0,1.0,0.0,0,0,0,0,0,0,0,0,0,0,0,0,0,0,0,0,0,0,0,0,0,1,0,0,0,0,0,0,0,0,0,0,0,0,0,0,0,0,0,0,0,0,0,0,0,0,0,0,0,0,0,0,0,0,0,0,0,0,0,0,0,0,0,0,0,0,0,0,0,0,0,2,1.0,0.5,0.5,0,0,0
41,0.0,129,255,0.0,0.0,0.0,1.0,0.0,255,0.0,0.0,0.0,0,0,0,0,0,0,0,0,0,0,1,0,0,0,0,normal,0,0,0,0,0,0,0,0,0,0,0,1,0.0,0,1.0,0.0,0,0,0,0,0,0,0,0,0,1,0,0,0,0,0,0,0,0,0,0,0,0,0,0,0,0,0,0,0,0,0,0,0,0,0,0,0,0,0,0,0,0,0,0,0,0,0,0,0,0,0,0,0,0,0,0,0,0,0,0,0,0,0,0,0,0,0,0,0,0,43,119,0.02,0.0,0.0,0,0,0
1,0.0,1726,9,0.0,0.0,0.11,1.0,0.0,255,0.1,0.0,0.01,0,0,0,0,0,0,0,0,0,0,1,0,0,0,0,normal,0,1,0,0,0,0,0,0,0,0,1,0,0.0,0,1.0,0.0,0,0,0,0,0,0,0,0,0,0,0,0,0,0,0,0,0,0,0,0,0,1,0,0,0,0,0,0,0,0,0,0,0,0,0,0,0,0,0,0,0,0,0,0,0,0,0,0,0,0,0,0,0,0,0,0,0,0,0,0,0,0,0,0,0,0,0,0,0,0,311,1,0.0,0.0,0.0,0,0,0
1,0.0,0,255,0.07,0.0,0.01,0.01,0.93,2,0.0,0.0,0.0,0,0,0,0,0,0,0,0,0,0,1,0,0,0,0,normal,0,0,0,0,0,0,0,0,0,0,1,0,0.0,0,1.0,0.0,0,0,0,0,0,0,0,0,0,0,0,0,0,0,0,0,0,1,0,0,0,0,0,0,0,0,0,0,0,0,0,0,0,0,0,0,0,0,0,0,0,0,0,0,0,0,0,0,0,0,0,0,0,0,0,0,0,0,0,0,0,0,0,0,0,0,0,0,0,0,63,1,0.0,0.0,0.0,0,0,0
1,0.0,0,255,0.51,0.0,0.93,0.0,0.0,1,0.0,0.0,0.0,0,0,0,0,0,0,0,0,0,0,1,0,0,0,0,normal,0,0,0,0,0,0,0,0,0,0,0,1,0.0,0,1.0,0.0,0,0,0,0,0,0,0,0,0,0,0,0,0,0,0,0,0,0,0,0,0,0,0,0,0,0,0,0,0,0,0,0,0,0,0,0,0,0,0,0,0,0,1,0,0,0,0,0,0,0,0,0,0,0,0,0,0,0,0,0,0,0,0,0,0,0,0,0,0,0,146,1,0.0,0.0,0.0,0,0,0
98,0.06,0,255,0.06,1.0,0.0,0.07,0.0,18,0.0,1.0,0.0,0,0,1,0,0,0,0,0,0,0,0,0,0,0,0,neptune,0,0,0,0,0,0,0,0,0,0,1,0,1.0,0,0.18,0.0,0,0,0,0,0,0,0,0,0,0,0,0,0,0,0,0,0,0,0,0,0,0,0,0,0,0,0,0,0,0,0,0,0,0,0,0,0,0,0,0,0,0,0,0,0,0,0,1,0,0,0,0,0,0,0,0,0,0,0,0,0,0,0,0,0,0,0,0,0,0,0,18,0.0,1.0,0.0,0,0,0
12,0.0,88,75,0.03,0.0,0.01,0.76,0.0,57,0.0,0.0,0.0,0,0,0,0,0,0,0,0,0,0,1,0,0,0,0,normal,0,0,0,0,0,0,0,0,0,0,0,1,0.0,0,1.0,0.0,0,0,0,0,0,0,0,0,0,1,0,0,0,0,0,0,0,0,0,0,0,0,0,0,0,0,0,0,0,0,0,0,0,0,0,0,0,0,0,0,0,0,0,0,0,0,0,0,0,0,0,0,0,0,0,0,0,0,0,0,0,0,0,0,0,0,0,0,0,0,45,12,0.0,0.0,0.0,0,0,0
199,0.07,0,255,0.07,0.0,0.0,0.02,1.0,6,0.0,0.0,1.0,0,0,0,0,0,0,1,0,0,0,0,0,0,0,0,neptune,0,0,0,0,0,0,0,0,0,0,1,0,0.0,0,0.03,1.0,0,0,0,0,0,0,0,0,0,0,0,0,0,0,0,0,0,1,0,0,0,0,0,0,0,0,0,0,0,0,0,0,0,0,0,0,0,0,0,0,0,0,0,0,0,0,0,0,0,0,0,0,0,0,0,0,0,0,0,0,0,0,0,0,0,0,0,0,0,0,0,6,0.0,0.0,1.0,0,0,0
1,0.0,336,164,0.03,0.0,0.01,0.48,0.0,137,0.01,0.0,0.0,2,0,0,0,0,0,0,0,0,0,1,0,0,0,0,normal,0,1,0,0,0,0,0,0,0,0,1,0,0.0,0,1.0,0.0,0,0,0,0,0,0,0,0,0,0,0,0,0,0,0,0,0,0,0,0,0,0,0,0,0,0,0,0,0,0,0,0,0,0,0,0,0,0,0,0,0,0,0,0,0,0,0,0,0,0,0,0,1,0,0,0,0,0,0,0,0,0,0,0,0,0,0,0,0,0,1069,2,1.0,0.0,0.0,0,0,0
1,0.0,0,72,0.06,0.0,0.15,0.15,0.0,29,0.07,0.0,0.0,0,0,0,0,0,0,0,0,0,0,1,0,0,0,0,normal,0,0,0,0,0,0,0,0,0,0,1,0,0.0,0,1.0,0.0,0,0,0,0,0,0,0,0,0,0,0,0,0,0,0,0,0,1,0,0,0,0,0,0,0,0,0,0,0,0,0,0,0,0,0,0,0,0,0,0,0,0,0,0,0,0,0,0,0,0,0,0,0,0,0,0,0,0,0,0,0,0,0,0,0,0,0,0,0,0,748,1,0.0,0.0,0.0,0,0,0
2,0.0,3327,19,0.0,0.0,0.05,1.0,0.0,255,0.06,0.0,0.0,0,0,0,0,0,0,0,0,0,0,1,0,0,0,0,normal,0,1,0,0,0,0,0,0,0,0,1,0,0.0,0,1.0,0.0,0,0,0,0,0,0,0,0,0,0,0,0,0,0,0,0,0,0,0,0,0,1,0,0,0,0,0,0,0,0,0,0,0,0,0,0,0,0,0,0,0,0,0,0,0,0,0,0,0,0,0,0,0,0,0,0,0,0,0,0,0,0,0,0,0,0,0,0,0,0,223,14,0.14,0.0,0.0,0,0,0
285,0.05,0,255,0.05,0.0,0.0,0.01,1.0,2,0.0,0.0,1.0,0,0,0,0,0,0,1,0,0,0,0,0,0,0,0,neptune,0,0,0,0,0,0,0,0,0,0,1,0,0.0,0,0.01,1.0,0,0,0,0,0,0,0,0,0,0,0,0,0,0,0,0,1,0,0,0,0,0,0,0,0,0,0,0,0,0,0,0,0,0,0,0,0,0,0,0,0,0,0,0,0,0,0,0,0,0,0,0,0,0,0,0,0,0,0,0,0,0,0,0,0,0,0,0,0,0,0,2,0.0,0.0,1.0,0,0,0
15,0.0,1848,15,0.0,0.0,0.07,1.0,0.0,255,0.07,0.0,0.0,0,0,0,0,0,0,0,0,0,0,1,0,0,0,0,normal,0,1,0,0,0,0,0,0,0,0,1,0,0.0,0,1.0,0.0,0,0,0,0,0,0,0,0,0,0,0,0,0,0,0,0,0,0,0,0,0,1,0,0,0,0,0,0,0,0,0,0,0,0,0,0,0,0,0,0,0,0,0,0,0,0,0,0,0,0,0,0,0,0,0,0,0,0,0,0,0,0,0,0,0,0,0,0,0,0,303,15,0.0,0.0,0.0,0,0,0
29,0.0,508,158,0.0,0.0,0.01,1.0,0.01,255,0.01,0.0,0.0,0,0,0,0,0,0,0,0,0,0,1,0,0,0,0,normal,0,1,0,0,0,0,0,0,0,0,1,0,0.0,0,1.0,0.0,0,0,0,0,0,0,0,0,0,0,0,0,0,0,0,0,0,0,0,0,0,1,0,0,0,0,0,0,0,0,0,0,0,0,0,0,0,0,0,0,0,0,0,0,0,0,0,0,0,0,0,0,0,0,0,0,0,0,0,0,0,0,0,0,0,0,0,0,0,0,258,30,0.07,0.0,0.0,0,0,0
129,0.05,0,255,0.05,0.0,0.0,0.08,1.0,21,0.0,0.0,1.0,0,0,0,0,0,0,1,0,0,0,0,0,0,0,0,neptune,0,0,0,0,0,0,0,0,0,0,1,0,0.0,0,0.16,1.0,0,0,0,0,0,0,0,0,0,0,0,0,0,0,0,0,0,0,0,0,0,1,0,0,0,0,0,0,0,0,0,0,0,0,0,0,0,0,0,0,0,0,0,0,0,0,0,0,0,0,0,0,0,0,0,0,0,0,0,0,0,0,0,0,0,0,0,0,0,0,0,21,0.0,0.0,1.0,0,0,0
165,0.06,0,255,0.05,0.0,0.0,0.0,1.0,1,0.0,0.0,1.0,0,0,0,0,0,0,1,0,0,0,0,0,0,0,0,neptune,0,0,0,0,0,0,0,0,0,0,1,0,0.0,0,0.01,1.0,0,0,0,0,0,0,0,0,0,0,0,0,0,0,0,0,0,0,0,0,0,0,0,0,0,0,0,0,0,0,0,0,0,0,0,0,0,0,0,0,0,0,0,0,0,0,0,1,0,0,0,0,0,0,0,0,0,0,0,0,0,0,0,0,0,0,0,0,0,0,0,1,0.0,0.0,1.0,0,0,0
5,0.0,0,39,0.0,0.95,0.03,1.0,0.0,255,0.17,0.99,0.0,0,0,1,0,0,0,0,0,0,0,0,0,0,0,0,normal,0,0,0,0,0,0,0,0,0,0,1,0,0.8,0,1.0,0.0,0,0,0,0,0,0,0,0,0,0,0,0,0,0,0,0,0,0,0,0,0,1,0,0,0,0,0,0,0,0,0,0,0,0,0,0,0,0,0,0,0,0,0,0,0,0,0,0,0,0,0,0,0,0,0,0,0,0,0,0,0,0,0,0,0,0,0,0,0,0,0,5,0.0,0.8,0.0,0,0,0
279,0.06,0,255,0.06,1.0,0.0,0.04,0.0,11,0.0,1.0,0.0,0,0,1,0,0,0,0,0,0,0,0,0,0,0,0,neptune,0,0,0,0,0,0,0,0,0,0,1,0,1.0,0,0.04,0.0,0,0,0,0,0,0,0,0,0,0,0,0,0,0,0,0,0,0,0,0,0,0,0,0,0,0,0,0,0,0,0,0,0,0,0,0,0,0,0,0,0,0,0,0,0,0,0,1,0,0,0,0,0,0,0,0,0,0,0,0,0,0,0,0,0,0,0,0,0,0,0,11,0.0,1.0,0.0,0,0,0
118,0.07,0,255,0.07,0.0,0.0,0.0,1.0,1,0.0,0.0,1.0,0,0,0,0,0,0,1,0,0,0,0,0,0,0,0,neptune,0,0,0,0,0,0,0,0,0,0,1,0,0.0,0,0.15,1.0,0,0,0,0,0,0,0,0,0,0,0,0,0,0,0,0,0,0,0,0,0,0,0,0,0,0,0,0,0,0,0,0,1,0,0,0,0,0,0,0,0,0,0,0,0,0,0,0,0,0,0,0,0,0,0,0,0,0,0,0,0,0,0,0,0,0,0,0,0,0,0,18,0.0,0.0,1.0,0,0,0
8,0.0,12072,116,0.0,0.0,0.01,1.0,0.0,255,0.03,0.0,0.0,0,0,0,0,0,0,0,0,0,0,1,0,0,0,0,normal,0,1,0,0,0,0,0,0,0,0,1,0,0.0,0,1.0,0.0,0,0,0,0,0,0,0,0,0,0,0,0,0,0,0,0,0,0,0,0,0,1,0,0,0,0,0,0,0,0,0,0,0,0,0,0,0,0,0,0,0,0,0,0,0,0,0,0,0,0,0,0,0,0,0,0,0,0,0,0,0,0,0,0,0,0,0,0,0,0,184,8,0.0,0.0,0.0,0,0,0
3,0.0,42,62,0.0,0.0,0.03,1.0,0.0,62,0.0,0.0,0.0,0,0,0,0,0,0,0,0,0,0,1,0,0,0,0,normal,0,0,0,0,0,0,0,0,0,0,0,1,0.0,0,1.0,0.0,0,0,0,0,0,0,0,0,0,1,0,0,0,0,0,0,0,0,0,0,0,0,0,0,0,0,0,0,0,0,0,0,0,0,0,0,0,0,0,0,0,0,0,0,0,0,0,0,0,0,0,0,0,0,0,0,0,0,0,0,0,0,0,0,0,0,0,0,0,0,42,4,0.5,0.0,0.0,0,0,0
2,0.0,659,23,0.0,0.0,0.04,1.0,0.0,255,0.07,0.0,0.0,0,0,0,0,0,0,0,0,0,0,1,0,0,0,0,normal,0,1,0,0,0,0,0,0,0,0,1,0,0.0,0,1.0,0.0,0,0,0,0,0,0,0,0,0,0,0,0,0,0,0,0,0,0,0,0,0,1,0,0,0,0,0,0,0,0,0,0,0,0,0,0,0,0,0,0,0,0,0,0,0,0,0,0,0,0,0,0,0,0,0,0,0,0,0,0,0,0,0,0,0,0,0,0,0,0,229,3,0.67,0.0,0.0,0,0,0
213,0.07,0,255,0.07,0.0,0.0,0.08,1.0,21,0.0,0.0,1.0,0,0,0,0,0,0,1,0,0,0,0,0,0,0,0,neptune,0,0,0,0,0,0,0,0,0,0,1,0,0.0,0,0.1,1.0,0,0,0,0,0,1,0,0,0,0,0,0,0,0,0,0,0,0,0,0,0,0,0,0,0,0,0,0,0,0,0,0,0,0,0,0,0,0,0,0,0,0,0,0,0,0,0,0,0,0,0,0,0,0,0,0,0,0,0,0,0,0,0,0,0,0,0,0,0,0,0,21,0.0,0.0,1.0,0,0,0
3,0.0,2239,255,0.01,0.0,0.0,0.98,0.0,250,0.0,0.0,0.0,0,0,0,0,0,0,0,0,0,0,1,0,0,0,0,normal,0,1,0,0,0,0,0,0,0,0,1,0,0.0,0,1.0,0.0,0,0,0,0,0,0,0,0,0,0,0,0,0,0,0,0,0,0,0,0,0,1,0,0,0,0,0,0,0,0,0,0,0,0,0,0,0,0,0,0,0,0,0,0,0,0,0,0,0,0,0,0,0,0,0,0,0,0,0,0,0,0,0,0,0,0,0,0,0,0,300,7,0.43,0.0,0.0,0,0,0
276,0.06,0,255,0.08,1.0,0.0,0.07,0.0,17,0.0,1.0,0.0,0,0,1,0,0,0,0,0,0,0,0,0,0,0,0,neptune,0,0,0,0,0,0,0,0,0,0,1,0,1.0,0,0.06,0.0,0,0,0,0,0,0,0,0,0,0,0,0,0,0,0,0,0,0,0,0,0,0,0,0,0,0,0,0,0,0,0,0,0,0,0,0,0,0,0,0,0,0,0,0,0,0,0,1,0,0,0,0,0,0,0,0,0,0,0,0,0,0,0,0,0,0,0,0,0,0,0,17,0.0,1.0,0.0,0,0,0
1,0.0,0,179,0.01,0.0,0.16,0.16,0.0,29,0.0,0.0,0.0,0,0,0,0,0,0,0,0,0,0,1,0,0,0,0,nmap,0,0,0,0,0,0,0,0,0,0,0,1,0.0,0,1.0,0.0,0,0,0,0,0,0,0,0,0,0,0,0,0,0,0,0,0,0,0,0,0,0,0,0,0,0,0,0,0,0,0,0,0,0,0,0,0,0,0,0,0,0,0,0,0,0,0,1,0,0,0,0,0,0,0,0,0,0,0,0,0,0,0,0,0,0,0,0,0,0,100,1,0.0,0.0,0.0,0,0,0
1,0.0,37895,255,0.0,0.0,0.0,1.0,0.0,255,0.0,0.0,0.0,0,0,0,0,0,0,0,0,0,0,1,0,2,0,0,normal,0,1,0,0,0,0,0,0,0,0,1,0,0.0,0,1.0,0.0,0,0,0,0,0,0,0,0,0,0,0,0,0,0,0,0,0,0,0,0,0,1,0,0,0,0,0,0,0,0,0,0,0,0,0,0,0,0,0,0,0,0,0,0,0,0,0,0,0,0,0,0,0,0,0,0,0,0,0,0,0,0,0,0,0,0,0,0,0,0,233,1,0.0,0.0,0.0,0,0,0
30,0.0,354,63,0.0,0.0,0.02,1.0,0.0,255,0.04,0.0,0.0,0,0,0,0,0,0,0,0,0,0,1,0,0,0,0,normal,0,1,0,0,0,0,0,0,0,0,1,0,0.0,0,1.0,0.0,0,0,0,0,0,0,0,0,0,0,0,0,0,0,0,0,0,0,0,0,0,1,0,0,0,0,0,0,0,0,0,0,0,0,0,0,0,0,0,0,0,0,0,0,0,0,0,0,0,0,0,0,0,0,0,0,0,0,0,0,0,0,0,0,0,0,0,0,0,0,296,30,0.0,0.0,0.0,0,0,0
115,0.07,0,255,0.08,1.0,0.0,0.04,0.0,11,0.0,1.0,0.0,0,0,1,0,0,0,0,0,0,0,0,0,0,0,0,neptune,0,0,0,0,0,0,0,0,0,0,1,0,1.0,0,0.1,0.0,0,0,0,0,0,0,0,0,0,0,0,0,0,0,0,0,0,0,0,0,0,0,0,0,0,0,0,0,0,0,0,0,0,0,0,0,0,0,0,0,0,0,0,0,0,0,0,1,0,0,0,0,0,0,0,0,0,0,0,0,0,0,0,0,0,0,0,0,0,0,0,11,0.0,1.0,0.0,0,0,0
205,0.08,0,255,0.07,0.0,0.0,0.02,1.0,6,0.0,0.0,1.0,0,0,0,0,0,0,1,0,0,0,0,0,0,0,0,neptune,0,0,0,0,0,0,0,0,0,0,1,0,0.0,0,0.0,1.0,0,0,0,0,0,0,0,0,0,0,0,0,0,0,0,0,0,0,0,0,0,0,0,0,0,0,0,0,0,0,0,0,0,0,0,0,0,0,0,0,0,0,0,0,0,0,0,1,0,0,0,0,0,0,0,0,0,0,0,0,0,0,0,0,0,0,0,0,0,0,0,1,0.0,0.0,1.0,0,0,0
72,0.0,130,255,0.0,0.0,0.0,1.0,0.0,255,0.0,0.0,0.0,0,0,0,0,0,0,0,0,0,0,1,0,0,0,0,normal,0,0,0,0,0,0,0,0,0,0,0,1,0.0,0,1.0,0.0,0,0,0,0,0,0,0,0,0,1,0,0,0,0,0,0,0,0,0,0,0,0,0,0,0,0,0,0,0,0,0,0,0,0,0,0,0,0,0,0,0,0,0,0,0,0,0,0,0,0,0,0,0,0,0,0,0,0,0,0,0,0,0,0,0,0,0,0,0,0,44,152,0.01,0.0,0.0,0,0,0
511,0.0,0,255,0.02,0.0,0.98,0.98,0.0,251,0.0,0.0,0.0,0,0,0,0,0,0,0,0,0,0,1,0,0,0,0,smurf,0,0,0,0,0,0,0,0,0,1,0,0,0.0,0,1.0,0.0,0,0,0,0,0,0,0,0,0,0,0,0,1,0,0,0,0,0,0,0,0,0,0,0,0,0,0,0,0,0,0,0,0,0,0,0,0,0,0,0,0,0,0,0,0,0,0,0,0,0,0,0,0,0,0,0,0,0,0,0,0,0,0,0,0,0,0,0,0,0,1032,511,0.0,0.0,0.0,0,0,0
16,0.0,445,255,0.0,0.0,0.0,1.0,0.0,255,0.0,0.0,0.0,0,0,0,0,0,0,0,0,0,0,1,0,0,0,0,normal,0,1,0,0,0,0,0,0,0,0,1,0,0.0,0,1.0,0.0,0,0,0,0,0,0,0,0,0,0,0,0,0,0,0,0,0,0,0,0,0,1,0,0,0,0,0,0,0,0,0,0,0,0,0,0,0,0,0,0,0,0,0,0,0,0,0,0,0,0,0,0,0,0,0,0,0,0,0,0,0,0,0,0,0,0,0,0,0,0,329,26,0.19,0.0,0.0,0,0,0
269,0.07,0,255,0.08,0.0,0.0,0.04,1.0,9,0.0,0.0,1.0,0,0,0,0,0,0,1,0,0,0,0,0,0,0,0,neptune,0,0,0,0,0,0,0,0,0,0,1,0,0.0,0,0.04,1.0,0,0,0,0,0,0,0,0,0,0,0,0,0,0,0,0,0,0,0,0,0,0,0,0,0,0,0,0,0,0,0,0,0,0,0,0,0,0,0,0,0,0,0,0,0,0,0,0,0,0,0,0,0,0,0,0,0,1,0,0,0,0,0,0,0,0,0,0,0,0,0,12,0.0,0.0,1.0,0,0,0
27,0.0,835,255,0.0,0.0,0.0,1.0,0.0,255,0.0,0.0,0.0,0,0,0,0,0,0,0,0,0,0,1,0,0,0,0,normal,0,1,0,0,0,0,0,0,0,0,1,0,0.0,0,1.0,0.0,0,0,0,0,0,0,0,0,0,0,0,0,0,0,0,0,0,0,0,0,0,1,0,0,0,0,0,0,0,0,0,0,0,0,0,0,0,0,0,0,0,0,0,0,0,0,0,0,0,0,0,0,0,0,0,0,0,0,0,0,0,0,0,0,0,0,0,0,0,0,325,28,0.07,0.0,0.0,0,0,0
10,0.0,1423,193,0.0,0.0,0.01,1.0,0.0,255,0.02,0.0,0.0,0,0,0,0,0,0,0,0,0,0,1,0,0,0,0,normal,0,1,0,0,0,0,0,0,0,0,1,0,0.0,0,1.0,0.0,0,0,0,0,0,0,0,0,0,0,0,0,0,0,0,0,0,0,0,0,0,1,0,0,0,0,0,0,0,0,0,0,0,0,0,0,0,0,0,0,0,0,0,0,0,0,0,0,0,0,0,0,0,0,0,0,0,0,0,0,0,0,0,0,0,0,0,0,0,0,352,10,0.0,0.0,0.0,0,0,0
224,0.07,0,255,0.07,0.0,0.0,0.02,1.0,6,0.0,0.0,1.0,0,0,0,0,0,0,1,0,0,0,0,0,0,0,0,neptune,0,0,0,0,0,0,0,0,0,0,1,0,0.0,0,0.03,1.0,0,0,0,0,0,0,0,0,0,0,0,0,0,0,0,0,0,0,0,0,0,0,0,0,0,0,0,0,0,0,0,0,0,0,0,0,0,0,0,0,0,0,0,0,0,0,0,1,0,0,0,0,0,0,0,0,0,0,0,0,0,0,0,0,0,0,0,0,0,0,0,6,0.0,0.0,1.0,0,0,0
1,0.0,0,2,0.0,0.0,1.0,1.0,0.0,78,0.26,0.0,0.0,0,0,0,0,0,0,0,0,0,0,1,0,0,0,0,nmap,0,0,0,0,0,0,0,0,0,1,0,0,0.0,0,1.0,0.0,0,0,0,0,0,0,0,0,0,0,0,1,0,0,0,0,0,0,0,0,0,0,0,0,0,0,0,0,0,0,0,0,0,0,0,0,0,0,0,0,0,0,0,0,0,0,0,0,0,0,0,0,0,0,0,0,0,0,0,0,0,0,0,0,0,0,0,0,0,0,8,34,1.0,0.0,0.0,0,0,0
289,0.06,0,255,0.07,1.0,0.0,0.06,0.0,16,0.0,1.0,0.0,0,0,1,0,0,0,0,0,0,0,0,0,0,0,0,neptune,0,0,0,0,0,0,0,0,0,0,1,0,1.0,0,0.06,0.0,0,0,0,0,0,0,0,0,0,0,0,0,0,0,0,0,0,0,0,0,0,0,0,0,0,0,0,0,0,0,1,0,0,0,0,0,0,0,0,0,0,0,0,0,0,0,0,0,0,0,0,0,0,0,0,0,0,0,0,0,0,0,0,0,0,0,0,0,0,0,0,16,0.0,1.0,0.0,0,0,0
326,0.52,0,255,0.52,1.0,1.0,0.0,0.0,1,0.0,1.0,0.0,0,0,1,0,0,0,0,0,0,0,0,0,0,0,0,portsweep,0,0,0,0,0,0,0,0,0,0,1,0,1.0,0,0.0,0.0,0,0,0,0,0,0,0,0,0,0,0,0,0,0,0,0,0,0,0,0,0,0,0,0,0,0,0,0,0,0,0,0,0,0,0,0,0,0,0,0,0,0,0,0,0,0,0,1,0,0,0,0,0,0,0,0,0,0,0,0,0,0,0,0,0,0,0,0,0,0,0,1,0.0,1.0,0.0,0,0,0
8,0.0,28842,205,0.0,0.0,0.0,1.0,0.0,255,0.01,0.0,0.0,0,0,0,0,0,0,0,1,0,0,0,0,0,0,0,normal,0,1,0,0,0,0,0,0,0,0,1,0,0.0,0,1.0,0.12,0,0,0,0,0,0,0,0,0,0,0,0,0,0,0,0,0,0,0,0,0,1,0,0,0,0,0,0,0,0,0,0,0,0,0,0,0,0,0,0,0,0,0,0,0,0,0,0,0,0,0,0,0,0,0,0,0,0,0,0,0,0,0,0,0,0,0,0,0,0,139,40,0.08,0.0,0.03,0,0,0
1,0.0,0,255,0.75,1.0,1.0,0.0,0.0,1,0.0,1.0,0.0,0,0,0,0,0,1,0,0,0,0,0,0,0,0,0,portsweep,0,0,0,0,0,0,0,0,0,0,1,0,1.0,0,1.0,0.0,0,0,0,0,0,0,0,0,0,0,0,0,0,1,0,0,0,0,0,0,0,0,0,0,0,0,0,0,0,0,0,0,0,0,0,0,0,0,0,0,0,0,0,0,0,0,0,0,0,0,0,0,0,0,0,0,0,0,0,0,0,0,0,0,0,0,0,0,0,0,0,1,0.0,1.0,0.0,0,0,0
510,0.0,0,255,0.02,0.0,0.38,0.38,0.0,97,0.0,0.0,0.0,0,0,0,0,0,0,0,0,0,0,1,0,0,0,0,smurf,0,0,0,0,0,0,0,0,0,1,0,0,0.0,0,1.0,0.0,0,0,0,0,0,0,0,0,0,0,0,0,1,0,0,0,0,0,0,0,0,0,0,0,0,0,0,0,0,0,0,0,0,0,0,0,0,0,0,0,0,0,0,0,0,0,0,0,0,0,0,0,0,0,0,0,0,0,0,0,0,0,0,0,0,0,0,0,0,0,1032,510,0.0,0.0,0.0,0,0,0
258,0.07,0,255,0.07,1.0,0.0,0.07,0.0,17,0.0,1.0,0.0,0,0,1,0,0,0,0,0,0,0,0,0,0,0,0,neptune,0,0,0,0,0,0,0,0,0,0,1,0,1.0,0,0.07,0.0,0,0,0,0,1,0,0,0,0,0,0,0,0,0,0,0,0,0,0,0,0,0,0,0,0,0,0,0,0,0,0,0,0,0,0,0,0,0,0,0,0,0,0,0,0,0,0,0,0,0,0,0,0,0,0,0,0,0,0,0,0,0,0,0,0,0,0,0,0,0,0,17,0.0,1.0,0.0,0,0,0
3,0.67,0,255,0.63,0.0,0.93,0.0,0.0,1,0.0,0.0,0.0,0,0,0,0,0,0,0,0,0,0,1,0,0,0,0,normal,0,0,0,0,0,0,0,0,0,0,0,1,0.0,0,0.33,0.0,0,0,0,0,0,0,0,0,0,0,0,0,0,0,0,0,0,0,0,0,0,0,0,0,0,0,0,0,0,0,0,0,0,0,0,0,0,0,0,0,0,0,1,0,0,0,0,0,0,0,0,0,0,0,0,0,0,0,0,0,0,0,0,0,0,0,0,0,0,0,147,1,0.0,0.0,0.0,0,0,0
145,0.06,0,255,0.06,1.0,0.0,0.06,0.0,16,0.0,1.0,0.0,0,0,1,0,0,0,0,0,0,0,0,0,0,0,0,neptune,0,0,0,0,0,0,0,0,0,0,1,0,1.0,0,0.11,0.0,0,0,0,0,0,0,0,0,0,0,0,0,0,0,0,0,0,0,0,0,0,0,0,0,0,0,0,0,0,0,1,0,0,0,0,0,0,0,0,0,0,0,0,0,0,0,0,0,0,0,0,0,0,0,0,0,0,0,0,0,0,0,0,0,0,0,0,0,0,0,0,16,0.0,1.0,0.0,0,0,0
247,0.06,0,255,0.08,1.0,0.0,0.07,0.0,19,0.0,1.0,0.0,0,0,1,0,0,0,0,0,0,0,0,0,0,0,0,neptune,0,0,0,0,0,0,0,0,0,0,1,0,1.0,0,0.08,0.0,0,0,0,0,0,0,0,0,0,0,0,0,0,0,0,0,0,0,0,0,0,0,0,0,0,0,0,0,0,0,0,0,0,0,0,0,0,0,0,0,0,0,0,0,0,0,0,1,0,0,0,0,0,0,0,0,0,0,0,0,0,0,0,0,0,0,0,0,0,0,0,19,0.0,1.0,0.0,0,0,0
105,0.07,0,255,0.05,0.0,0.0,0.14,1.0,36,0.0,0.0,1.0,0,0,0,0,0,0,1,0,0,0,0,0,0,0,0,neptune,0,0,0,0,0,0,0,0,0,0,1,0,0.0,0,0.15,1.0,0,0,0,0,0,0,0,0,0,0,0,0,0,0,0,0,0,0,0,0,0,0,0,0,0,0,0,0,0,0,0,0,0,0,0,0,0,0,0,0,0,0,0,0,0,0,0,1,0,0,0,0,0,0,0,0,0,0,0,0,0,0,0,0,0,0,0,0,0,0,0,16,0.0,0.0,1.0,0,0,0
208,0.06,0,255,0.07,1.0,0.0,0.02,0.0,6,0.0,1.0,0.0,0,0,1,0,0,0,0,0,0,0,0,0,0,0,0,neptune,0,0,0,0,0,0,0,0,0,0,1,0,1.0,0,0.03,0.0,0,0,0,0,0,0,0,0,0,0,0,0,0,0,0,0,0,0,0,0,0,0,0,0,0,0,0,0,0,0,0,0,0,0,0,0,0,0,0,0,0,0,0,0,0,0,0,1,0,0,0,0,0,0,0,0,0,0,0,0,0,0,0,0,0,0,0,0,0,0,0,6,0.0,1.0,0.0,0,0,0
5,0.0,2698,255,0.02,0.04,0.0,0.94,0.0,240,0.0,0.0,0.0,0,0,0,0,0,0,0,0,0,0,1,0,0,0,0,normal,0,1,1,0,0,0,0,0,0,0,1,0,0.0,0,1.0,0.0,0,0,0,0,0,0,0,0,0,0,0,0,0,0,0,0,0,0,0,0,0,1,0,0,0,0,0,0,0,0,0,0,0,0,0,0,0,0,0,0,0,0,0,0,0,0,0,0,0,0,0,0,0,0,0,0,0,0,0,0,0,0,0,0,0,0,0,0,0,0,234,5,0.0,0.0,0.0,0,0,0
7,0.0,2118,36,0.0,0.0,0.03,1.0,0.0,255,0.04,0.0,0.0,0,0,0,0,0,0,0,0,0,0,1,0,0,0,0,normal,0,1,0,0,0,0,0,0,0,0,1,0,0.0,0,1.0,0.0,0,0,0,0,0,0,0,0,0,0,0,0,0,0,0,0,0,0,0,0,0,1,0,0,0,0,0,0,0,0,0,0,0,0,0,0,0,0,0,0,0,0,0,0,0,0,0,0,0,0,0,0,0,0,0,0,0,0,0,0,0,0,0,0,0,0,0,0,0,0,313,7,0.0,0.0,0.0,0,0,0
6,0.0,575,255,0.0,0.0,0.0,1.0,0.0,255,0.0,0.0,0.0,0,0,0,0,0,0,0,0,0,0,1,0,0,0,0,normal,0,1,0,0,0,0,0,0,0,0,1,0,0.0,0,1.0,0.0,0,0,0,0,0,0,0,0,0,0,0,0,0,0,0,0,0,0,0,0,0,1,0,0,0,0,0,0,0,0,0,0,0,0,0,0,0,0,0,0,0,0,0,0,0,0,0,0,0,0,0,0,0,0,0,0,0,0,0,0,0,0,0,0,0,0,0,0,0,0,245,6,0.0,0.0,0.0,0,0,0
72,0.0,0,255,0.0,0.64,0.0,1.0,0.35,255,0.0,0.64,0.35,0,0,0,0,0,0,1,0,0,0,0,0,0,0,0,apache2,0,0,0,0,0,0,0,0,0,0,1,0,0.0,0,1.0,1.0,0,0,0,0,0,0,0,0,0,0,0,0,0,0,0,0,0,0,0,0,0,1,0,0,0,0,0,0,0,0,0,0,0,0,0,0,0,0,0,0,0,0,0,0,0,0,0,0,0,0,0,0,0,0,0,0,0,0,0,0,0,0,0,0,0,0,0,0,0,0,0,72,0.0,0.0,1.0,0,0,0
208,0.07,0,255,0.07,0.0,0.0,0.02,1.0,5,0.0,0.0,1.0,0,0,0,0,0,0,1,0,0,0,0,0,0,0,0,neptune,0,0,0,0,0,0,0,0,0,0,1,0,0.0,0,0.01,1.0,0,0,0,0,0,0,0,0,0,0,0,0,0,0,0,0,0,0,0,0,0,0,0,0,0,0,0,0,0,0,0,0,0,0,0,0,0,0,0,0,0,0,0,0,0,0,0,1,0,0,0,0,0,0,0,0,0,0,0,0,0,0,0,0,0,0,0,0,0,0,0,2,0.0,0.0,1.0,0,0,0
270,0.06,0,255,0.08,0.0,0.0,0.04,1.0,11,0.0,0.0,1.0,0,0,0,0,0,0,1,0,0,0,0,0,0,0,0,neptune,0,0,0,0,0,0,0,0,0,0,1,0,0.0,0,0.04,1.0,0,0,0,0,0,0,0,0,0,0,0,0,0,0,0,0,0,0,0,0,0,0,0,0,0,0,0,0,0,0,0,0,0,0,0,0,0,0,0,0,0,0,0,0,0,0,0,0,0,0,0,0,0,0,0,0,1,0,0,0,0,0,0,0,0,0,0,0,0,0,0,11,0.0,0.0,1.0,0,0,0
290,0.05,0,255,0.05,0.0,0.0,0.02,1.0,5,0.0,0.0,1.0,0,0,0,0,0,0,1,0,0,0,0,0,0,0,0,neptune,0,0,0,0,0,0,0,0,0,0,1,0,0.0,0,0.02,1.0,0,0,0,0,0,0,0,0,0,0,0,0,0,0,0,0,0,1,0,0,0,0,0,0,0,0,0,0,0,0,0,0,0,0,0,0,0,0,0,0,0,0,0,0,0,0,0,0,0,0,0,0,0,0,0,0,0,0,0,0,0,0,0,0,0,0,0,0,0,0,0,5,0.0,0.0,1.0,0,0,0
8,0.0,0,255,0.02,0.48,0.03,0.03,0.21,8,0.0,0.0,0.0,0,0,0,0,0,0,0,0,0,0,1,0,0,0,0,normal,0,0,0,0,0,0,0,0,0,0,0,1,0.0,0,1.0,0.0,0,0,0,0,0,0,0,0,0,0,0,0,0,0,0,0,0,0,0,0,0,0,0,0,0,0,0,0,0,0,0,0,0,0,0,0,0,0,0,0,0,0,0,0,0,0,0,1,0,0,0,0,0,0,0,0,0,0,0,0,0,0,0,0,0,0,0,0,0,0,28,8,0.0,0.0,0.0,0,0,3
95,0.0,0,255,0.0,0.0,1.0,1.0,0.0,255,0.0,0.0,0.0,0,0,0,0,0,0,0,0,0,0,1,0,0,0,0,smurf,0,0,0,0,0,0,0,0,0,1,0,0,0.0,0,1.0,0.0,0,0,0,0,0,0,0,0,0,0,0,0,1,0,0,0,0,0,0,0,0,0,0,0,0,0,0,0,0,0,0,0,0,0,0,0,0,0,0,0,0,0,0,0,0,0,0,0,0,0,0,0,0,0,0,0,0,0,0,0,0,0,0,0,0,0,0,0,0,0,520,95,0.0,0.0,0.0,0,0,0
242,0.07,0,255,0.06,0.0,0.0,0.02,1.0,6,0.0,0.0,1.0,0,0,0,0,0,0,1,0,0,0,0,0,0,0,0,neptune,0,0,0,0,0,0,0,0,0,0,1,0,0.0,0,0.02,1.0,0,0,0,0,0,0,0,0,0,0,0,0,0,0,0,0,0,0,0,0,0,0,0,0,0,0,0,0,0,0,0,0,0,0,0,0,0,0,0,0,0,0,0,0,0,0,0,1,0,0,0,0,0,0,0,0,0,0,0,0,0,0,0,0,0,0,0,0,0,0,0,6,0.0,0.0,1.0,0,0,0
1,0.0,372,255,0.02,0.0,0.0,0.55,0.0,141,0.0,0.0,0.0,4,0,0,0,0,0,0,0,0,0,1,0,0,0,0,normal,0,1,0,0,0,0,0,0,0,0,1,0,0.0,0,1.0,0.0,0,0,0,0,0,0,0,0,0,0,0,0,0,0,0,0,0,0,0,0,0,0,0,0,0,0,0,0,0,0,0,0,0,0,0,0,0,0,0,0,0,0,0,0,0,0,0,0,0,0,0,0,1,0,0,0,0,0,0,0,0,0,0,0,0,0,0,0,0,0,2006,1,0.0,0.0,0.0,0,0,0
203,0.05,0,255,0.07,0.0,0.0,0.05,1.0,14,0.0,0.0,1.0,0,0,0,0,0,0,1,0,0,0,0,0,0,0,0,neptune,0,0,0,0,0,0,0,0,0,0,1,0,0.0,0,0.08,1.0,0,0,0,0,0,0,0,0,0,0,0,0,0,0,0,0,0,0,0,0,0,0,0,0,0,0,0,0,0,0,0,0,0,0,0,0,0,0,0,0,0,0,0,0,0,0,0,0,0,0,0,0,0,0,0,0,0,0,0,0,0,0,0,0,0,0,0,0,0,1,0,17,0.0,0.0,1.0,0,0,0
2,0.0,14183,133,0.0,0.0,0.01,1.0,0.01,255,0.02,0.0,0.0,0,0,0,0,0,0,0,0,0,0,1,0,0,0,0,normal,0,1,0,0,0,0,0,0,0,0,1,0,0.0,0,1.0,0.0,0,0,0,0,0,0,0,0,0,0,0,0,0,0,0,0,0,0,0,0,0,1,0,0,0,0,0,0,0,0,0,0,0,0,0,0,0,0,0,0,0,0,0,0,0,0,0,0,0,0,0,0,0,0,0,0,0,0,0,0,0,0,0,0,0,0,0,0,0,0,201,5,0.4,0.0,0.0,0,0,0
254,0.07,0,255,0.07,0.0,0.0,0.07,1.0,18,0.0,0.0,1.0,0,0,0,0,0,0,1,0,0,0,0,0,0,0,0,neptune,0,0,0,0,0,0,0,0,0,0,1,0,0.0,0,0.07,1.0,0,0,0,0,0,0,0,0,0,0,0,0,0,0,0,0,0,0,0,0,0,0,0,0,0,0,0,0,0,0,0,0,0,1,0,0,0,0,0,0,0,0,0,0,0,0,0,0,0,0,0,0,0,0,0,0,0,0,0,0,0,0,0,0,0,0,0,0,0,0,0,18,0.0,0.0,1.0,0,0,0
7,0.0,6534,255,0.0,0.0,0.0,1.0,0.0,255,0.0,0.0,0.0,0,0,0,0,0,0,0,0,0,0,1,0,0,0,0,normal,0,1,0,0,0,0,0,0,0,0,1,0,0.0,0,1.0,0.0,0,0,0,0,0,0,0,0,0,0,0,0,0,0,0,0,0,0,0,0,0,1,0,0,0,0,0,0,0,0,0,0,0,0,0,0,0,0,0,0,0,0,0,0,0,0,0,0,0,0,0,0,0,0,0,0,0,0,0,0,0,0,0,0,0,0,0,0,0,0,324,8,0.25,0.0,0.0,0,0,0
1,0.0,329,199,0.03,0.0,0.01,0.59,0.0,118,0.0,0.0,0.0,0,0,0,0,0,0,0,0,0,0,1,0,0,0,0,normal,0,1,0,0,0,0,0,0,0,0,1,0,0.0,0,1.0,0.0,0,0,0,0,0,0,0,0,0,0,0,0,0,0,0,0,0,0,0,0,0,0,0,0,0,0,0,0,0,0,0,0,0,0,0,0,0,0,0,0,0,0,0,0,0,0,0,0,0,0,0,0,1,0,0,0,0,0,0,0,0,0,0,0,0,0,0,0,0,0,1928,1,0.0,0.0,0.0,0,0,0
185,0.05,0,255,0.08,0.0,0.0,0.05,1.0,14,0.0,0.0,1.0,0,0,0,0,0,0,1,0,0,0,0,0,0,0,0,neptune,0,0,0,0,0,0,0,0,0,0,1,0,0.0,0,0.04,1.0,0,0,0,0,0,0,0,0,0,0,0,0,0,0,0,0,0,0,0,0,0,0,0,0,0,0,0,0,0,0,0,0,0,0,0,0,0,0,0,0,0,0,0,0,0,0,0,1,0,0,0,0,0,0,0,0,0,0,0,0,0,0,0,0,0,0,0,0,0,0,0,7,0.0,0.0,1.0,0,0,0
315,0.0,71,255,0.01,0.0,0.0,0.87,0.0,221,0.0,0.0,0.0,0,0,0,0,0,0,0,0,0,0,1,0,0,0,0,normal,0,0,0,0,0,0,0,0,0,0,0,1,0.0,0,1.0,0.0,0,0,0,0,0,0,0,0,0,1,0,0,0,0,0,0,0,0,0,0,0,0,0,0,0,0,0,0,0,0,0,0,0,0,0,0,0,0,0,0,0,0,0,0,0,0,0,0,0,0,0,0,0,0,0,0,0,0,0,0,0,0,0,0,0,0,0,0,0,0,43,315,0.0,0.0,0.0,0,0,0
1,0.0,329,33,0.0,0.0,0.03,1.0,0.0,180,0.02,0.0,0.0,0,0,0,0,0,0,0,0,0,0,1,0,0,0,0,normal,0,1,0,0,0,0,0,0,0,0,1,0,0.0,0,1.0,0.0,0,0,0,0,0,0,0,0,0,0,0,0,0,0,0,0,0,0,0,0,0,0,0,0,0,0,0,0,0,0,0,0,0,0,0,0,0,0,0,0,0,0,0,0,0,0,0,0,0,0,0,0,1,0,0,0,0,0,0,0,0,0,0,0,0,0,0,0,0,0,1351,1,0.0,0.0,0.0,0,0,0
2,0.0,105,255,0.84,0.0,1.0,0.01,0.0,2,0.0,0.0,0.0,4178,0,0,0,0,0,0,0,0,0,1,0,0,0,0,normal,0,0,0,0,0,0,0,0,0,0,0,1,0.0,0,1.0,0.0,0,0,0,0,0,0,0,0,0,0,0,0,0,0,0,0,0,0,0,0,0,0,0,0,0,0,0,0,0,0,0,0,0,0,0,0,0,0,0,0,0,0,1,0,0,0,0,0,0,0,0,0,0,0,0,0,0,0,0,0,0,0,0,0,0,0,0,0,0,0,147,2,0.0,0.0,0.0,0,0,0
11,0.0,8891,80,0.0,0.0,0.01,1.0,0.0,255,0.02,0.0,0.0,0,0,0,0,0,0,0,0,0,0,1,0,0,0,0,normal,0,1,0,0,0,0,0,0,0,0,1,0,0.0,0,1.0,0.0,0,0,0,0,0,0,0,0,0,0,0,0,0,0,0,0,0,0,0,0,0,1,0,0,0,0,0,0,0,0,0,0,0,0,0,0,0,0,0,0,0,0,0,0,0,0,0,0,0,0,0,0,0,0,0,0,0,0,0,0,0,0,0,0,0,0,0,0,0,0,274,11,0.0,0.0,0.0,0,0,0
18,0.22,0,255,0.02,0.0,0.0,0.25,1.0,65,0.0,0.0,1.0,0,0,0,0,0,0,1,0,0,0,0,0,0,0,0,neptune,0,0,0,0,0,0,0,0,0,0,1,0,0.0,0,0.28,1.0,0,0,0,0,0,0,0,0,0,0,0,0,0,0,0,1,0,0,0,0,0,0,0,0,0,0,0,0,0,0,0,0,0,0,0,0,0,0,0,0,0,0,0,0,0,0,0,0,0,0,0,0,0,0,0,0,0,0,0,0,0,0,0,0,0,0,0,0,0,0,0,5,0.0,0.0,1.0,0,0,0
1,0.0,5172,32,0.0,0.0,0.03,1.0,0.0,255,0.07,0.0,0.0,0,0,0,0,0,0,0,0,0,0,1,0,0,0,0,normal,0,1,0,0,0,0,0,0,0,0,1,0,0.0,0,1.0,0.0,0,0,0,0,0,0,0,0,0,0,0,0,0,0,0,0,0,0,0,0,0,1,0,0,0,0,0,0,0,0,0,0,0,0,0,0,0,0,0,0,0,0,0,0,0,0,0,0,0,0,0,0,0,0,0,0,0,0,0,0,0,0,0,0,0,0,0,0,0,0,254,2,1.0,0.0,0.0,0,0,0
2,0.0,7693,136,0.0,0.0,0.01,1.0,0.0,172,0.01,0.0,0.0,0,0,0,0,0,0,0,0,0,0,1,0,0,0,0,normal,0,1,0,0,0,0,0,0,0,0,1,0,0.0,0,1.0,0.0,0,0,0,0,0,0,0,0,0,0,0,0,0,0,0,0,0,0,0,0,0,1,0,0,0,0,0,0,0,0,0,0,0,0,0,0,0,0,0,0,0,0,0,0,0,0,0,0,0,0,0,0,0,0,0,0,0,0,0,0,0,0,0,0,0,0,0,0,0,0,284,2,0.0,0.0,0.0,0,0,0
300,0.06,0,255,0.07,0.0,0.0,0.08,1.0,20,0.0,0.0,1.0,0,0,0,0,0,0,1,0,0,0,0,0,0,0,0,neptune,0,0,0,0,0,0,0,0,0,0,1,0,0.0,0,0.07,1.0,0,0,0,0,0,0,0,0,0,0,0,0,0,0,0,0,0,0,0,0,0,0,0,0,0,0,0,0,0,0,0,0,0,0,0,0,0,0,0,0,0,0,0,0,0,0,0,0,0,0,0,0,0,0,0,0,0,1,0,0,0,0,0,0,0,0,0,0,0,0,0,20,0.0,0.0,1.0,0,0,0
1,0.0,42,255,0.01,0.0,0.0,0.97,0.0,247,0.0,0.0,0.0,35,0,0,0,0,0,0,0,0,0,1,0,0,0,0,normal,0,0,0,0,0,0,0,0,0,0,0,1,0.0,0,1.0,0.0,0,0,0,0,0,0,0,0,0,1,0,0,0,0,0,0,0,0,0,0,0,0,0,0,0,0,0,0,0,0,0,0,0,0,0,0,0,0,0,0,0,0,0,0,0,0,0,0,0,0,0,0,0,0,0,0,0,0,0,0,0,0,0,0,0,0,0,0,0,0,42,5,0.4,0.0,0.0,0,0,0
1,0.0,117,255,0.01,0.02,0.0,0.92,0.0,234,0.0,0.0,0.0,0,0,0,0,0,0,0,0,0,0,1,0,0,0,0,normal,0,0,0,0,0,0,0,0,0,0,0,1,0.0,0,1.0,0.0,0,0,0,0,0,0,0,0,0,1,0,0,0,0,0,0,0,0,0,0,0,0,0,0,0,0,0,0,0,0,0,0,0,0,0,0,0,0,0,0,0,0,0,0,0,0,0,0,0,0,0,0,0,0,0,0,0,0,0,0,0,0,0,0,0,0,0,0,0,0,46,2,1.0,0.0,0.0,0,0,0
2,0.0,0,255,0.67,1.0,1.0,0.01,0.0,2,0.0,1.0,0.0,8337,0,0,0,0,1,0,0,0,0,0,0,0,0,0,portsweep,0,0,0,0,0,0,0,0,0,0,1,0,1.0,0,1.0,0.0,0,0,0,0,0,0,0,0,0,0,0,0,0,0,0,0,0,0,0,0,0,0,0,0,0,0,0,0,0,0,0,0,0,0,0,0,0,0,0,0,0,0,1,0,0,0,0,0,0,0,0,0,0,0,0,0,0,0,0,0,0,0,0,0,0,0,0,0,0,0,1,2,0.0,1.0,0.0,0,0,0
14,0.29,0,255,0.02,0.0,0.0,0.27,1.0,69,0.0,0.0,1.0,0,0,0,0,0,0,1,0,0,0,0,0,0,0,0,neptune,0,0,0,0,0,0,0,0,0,0,1,0,0.0,0,0.57,1.0,0,0,0,0,0,0,0,0,0,0,0,0,0,0,0,0,0,0,0,0,0,1,0,0,0,0,0,0,0,0,0,0,0,0,0,0,0,0,0,0,0,0,0,0,0,0,0,0,0,0,0,0,0,0,0,0,0,0,0,0,0,0,0,0,0,0,0,0,0,0,0,8,0.0,0.0,1.0,0,0,0
480,0.0,0,137,0.0,0.0,1.0,1.0,0.0,137,0.0,0.0,0.0,0,0,0,0,0,0,0,0,0,0,1,0,0,0,0,smurf,0,0,0,0,0,0,0,0,0,1,0,0,0.0,0,1.0,0.0,0,0,0,0,0,0,0,0,0,0,0,0,1,0,0,0,0,0,0,0,0,0,0,0,0,0,0,0,0,0,0,0,0,0,0,0,0,0,0,0,0,0,0,0,0,0,0,0,0,0,0,0,0,0,0,0,0,0,0,0,0,0,0,0,0,0,0,0,0,0,520,480,0.0,0.0,0.0,0,0,0
5,0.4,0,255,0.02,0.0,0.0,0.25,1.0,64,0.0,0.0,1.0,0,0,0,0,0,0,1,0,0,0,0,0,0,0,0,neptune,0,0,0,0,0,0,0,0,0,0,1,0,0.0,0,0.8,1.0,0,0,0,0,0,0,0,0,0,0,0,0,0,0,0,0,0,0,0,0,0,1,0,0,0,0,0,0,0,0,0,0,0,0,0,0,0,0,0,0,0,0,0,0,0,0,0,0,0,0,0,0,0,0,0,0,0,0,0,0,0,0,0,0,0,0,0,0,0,0,0,4,0.0,0.0,1.0,0,0,0
1,0.0,0,4,0.0,0.0,1.0,1.0,0.0,24,0.25,0.0,0.0,0,0,0,0,0,0,0,0,0,0,1,0,0,0,0,ipsweep,0,0,0,0,0,0,0,0,0,1,0,0,0.0,0,1.0,0.0,0,0,0,0,0,0,0,0,0,0,0,1,0,0,0,0,0,0,0,0,0,0,0,0,0,0,0,0,0,0,0,0,0,0,0,0,0,0,0,0,0,0,0,0,0,0,0,0,0,0,0,0,0,0,0,0,0,0,0,0,0,0,0,0,0,0,0,0,0,0,18,1,0.0,0.0,0.0,0,0,0
1,0.0,0,4,0.0,0.0,1.0,1.0,0.0,68,0.25,0.0,0.0,0,0,0,0,0,0,0,0,0,0,1,0,0,0,0,nmap,0,0,0,0,0,0,0,0,0,1,0,0,0.0,0,1.0,0.0,0,0,0,0,0,0,0,0,0,0,0,1,0,0,0,0,0,0,0,0,0,0,0,0,0,0,0,0,0,0,0,0,0,0,0,0,0,0,0,0,0,0,0,0,0,0,0,0,0,0,0,0,0,0,0,0,0,0,0,0,0,0,0,0,0,0,0,0,0,0,8,10,1.0,0.0,0.0,0,0,0
1,0.0,8669,255,0.01,0.0,0.0,0.01,0.0,2,0.0,0.0,0.0,76,0,0,0,0,0,0,0,0,0,1,0,0,0,0,normal,0,1,0,2,0,0,0,2,0,0,1,0,0.0,0,1.0,0.0,0,0,0,0,0,0,0,0,0,0,0,0,0,0,0,0,0,0,0,0,0,0,0,0,0,1,0,0,0,0,0,0,0,0,0,0,0,0,0,0,0,0,0,0,0,0,0,0,0,0,0,0,0,0,0,0,0,0,0,0,0,0,0,0,0,0,0,0,0,0,1418,1,0.0,0.0,0.0,0,0,0
128,0.07,0,255,0.07,0.0,0.0,0.02,1.0,5,0.0,0.0,1.0,0,0,0,0,0,0,1,0,0,0,0,0,0,0,0,neptune,0,0,0,0,0,0,0,0,0,0,1,0,0.0,0,0.04,1.0,0,0,0,0,0,0,0,1,0,0,0,0,0,0,0,0,0,0,0,0,0,0,0,0,0,0,0,0,0,0,0,0,0,0,0,0,0,0,0,0,0,0,0,0,0,0,0,0,0,0,0,0,0,0,0,0,0,0,0,0,0,0,0,0,0,0,0,0,0,0,0,5,0.0,0.0,1.0,0,0,0
1,0.0,1654,255,0.08,0.13,0.0,0.82,0.01,208,0.0,0.0,0.0,0,0,0,0,0,0,0,0,0,0,1,0,0,0,0,normal,0,1,0,0,0,0,0,0,0,0,1,0,0.0,0,1.0,0.0,0,0,0,0,0,0,0,0,0,0,0,0,0,0,0,0,0,0,0,0,0,1,0,0,0,0,0,0,0,0,0,0,0,0,0,0,0,0,0,0,0,0,0,0,0,0,0,0,0,0,0,0,0,0,0,0,0,0,0,0,0,0,0,0,0,0,0,0,0,0,194,3,1.0,0.0,0.0,0,0,0
276,0.05,0,255,0.05,0.0,0.0,0.04,1.0,10,0.0,0.0,1.0,0,0,0,0,0,0,1,0,0,0,0,0,0,0,0,neptune,0,0,0,0,0,0,0,0,0,0,1,0,0.0,0,0.04,1.0,0,0,0,0,0,0,0,0,0,0,0,0,0,0,0,0,0,0,1,0,0,0,0,0,0,0,0,0,0,0,0,0,0,0,0,0,0,0,0,0,0,0,0,0,0,0,0,0,0,0,0,0,0,0,0,0,0,0,0,0,0,0,0,0,0,0,0,0,0,0,0,10,0.0,0.0,1.0,0,0,0
2,0.0,5377,2,0.0,0.0,0.5,1.0,0.0,255,0.05,0.0,0.0,0,0,0,0,0,0,0,0,0,0,1,0,0,0,0,normal,0,1,0,0,0,0,0,0,0,0,1,0,0.0,0,1.0,0.0,0,0,0,0,0,0,0,0,0,0,0,0,0,0,0,0,0,0,0,0,0,1,0,0,0,0,0,0,0,0,0,0,0,0,0,0,0,0,0,0,0,0,0,0,0,0,0,0,0,0,0,0,0,0,0,0,0,0,0,0,0,0,0,0,0,0,0,0,0,0,167,2,0.0,0.0,0.0,0,0,0
1,0.0,0,1,0.0,1.0,1.0,1.0,0.0,87,0.31,1.0,0.0,0,0,1,0,0,0,0,0,0,0,0,0,0,0,0,normal,0,0,0,0,0,0,0,0,0,0,1,0,1.0,0,1.0,0.0,0,0,0,0,0,0,0,0,0,0,0,0,0,0,0,0,0,0,0,0,0,1,0,0,0,0,0,0,0,0,0,0,0,0,0,0,0,0,0,0,0,0,0,0,0,0,0,0,0,0,0,0,0,0,0,0,0,0,0,0,0,0,0,0,0,0,0,0,0,0,0,2,1.0,1.0,0.0,0,0,0
286,0.06,0,255,0.07,0.0,0.0,0.05,1.0,12,0.0,0.0,1.0,0,0,0,0,0,0,1,0,0,0,0,0,0,0,0,neptune,0,0,0,0,0,0,0,0,0,0,1,0,0.0,0,0.03,1.0,0,0,1,0,0,0,0,0,0,0,0,0,0,0,0,0,0,0,0,0,0,0,0,0,0,0,0,0,0,0,0,0,0,0,0,0,0,0,0,0,0,0,0,0,0,0,0,0,0,0,0,0,0,0,0,0,0,0,0,0,0,0,0,0,0,0,0,0,0,0,0,9,0.0,0.0,1.0,0,0,0
1,0.0,112,146,0.01,0.0,0.01,0.97,0.0,142,0.0,0.0,0.0,0,0,0,0,0,0,0,0,0,0,1,0,0,0,0,normal,0,0,0,0,0,0,0,0,0,0,0,1,0.0,0,1.0,0.0,0,0,0,0,0,0,0,0,0,1,0,0,0,0,0,0,0,0,0,0,0,0,0,0,0,0,0,0,0,0,0,0,0,0,0,0,0,0,0,0,0,0,0,0,0,0,0,0,0,0,0,0,0,0,0,0,0,0,0,0,0,0,0,0,0,0,0,0,0,0,44,2,1.0,0.0,0.0,0,0,0
4,0.0,42,255,0.01,0.0,0.0,0.99,0.0,252,0.0,0.0,0.0,0,0,0,0,0,0,0,0,0,0,1,0,0,0,0,normal,0,0,0,0,0,0,0,0,0,0,0,1,0.0,0,1.0,0.0,0,0,0,0,0,0,0,0,0,1,0,0,0,0,0,0,0,0,0,0,0,0,0,0,0,0,0,0,0,0,0,0,0,0,0,0,0,0,0,0,0,0,0,0,0,0,0,0,0,0,0,0,0,0,0,0,0,0,0,0,0,0,0,0,0,0,0,0,0,0,42,6,0.33,0.0,0.0,0,0,0
3,0.0,371,134,0.0,0.0,0.01,1.0,0.0,255,0.01,0.0,0.0,0,0,0,0,0,0,0,0,0,0,1,0,0,0,0,normal,0,1,0,0,0,0,0,0,0,0,1,0,0.0,0,1.0,0.0,0,0,0,0,0,0,0,0,0,0,0,0,0,0,0,0,0,0,0,0,0,1,0,0,0,0,0,0,0,0,0,0,0,0,0,0,0,0,0,0,0,0,0,0,0,0,0,0,0,0,0,0,0,0,0,0,0,0,0,0,0,0,0,0,0,0,0,0,0,0,227,5,0.6,0.0,0.0,0,0,0
1,0.0,328,72,0.06,0.0,0.01,0.69,0.0,50,0.0,0.0,0.0,0,0,0,0,0,0,0,0,0,0,1,0,0,0,0,normal,0,1,0,0,0,0,0,0,0,0,1,0,0.0,0,1.0,0.0,0,0,0,0,0,0,0,0,0,0,0,0,0,0,0,0,0,0,0,0,0,0,0,0,0,0,0,0,0,0,0,0,0,0,0,0,0,0,0,0,0,0,0,0,0,0,0,0,0,0,0,0,1,0,0,0,0,0,0,0,0,0,0,0,0,0,0,0,0,0,949,2,1.0,0.0,0.0,0,0,0
1,0.0,1629,50,0.06,0.04,0.02,0.22,0.0,11,0.0,0.18,0.0,236,0,0,0,0,0,0,0,0,0,1,0,0,0,0,normal,0,1,0,6,0,0,0,0,0,0,1,0,0.0,0,1.0,0.0,0,0,0,0,0,0,0,0,0,0,0,0,0,0,0,0,0,0,0,0,0,0,0,0,0,0,0,0,0,0,0,0,0,0,0,0,0,0,0,0,0,0,0,0,0,0,0,0,0,0,0,0,0,0,0,0,0,0,1,0,0,0,0,0,0,0,0,0,0,0,270,1,0.0,0.0,0.0,0,0,0
196,0.07,0,255,0.08,0.0,0.0,0.03,1.0,8,0.0,0.0,1.0,0,0,0,0,0,0,1,0,0,0,0,0,0,0,0,neptune,0,0,0,0,0,0,0,0,0,0,1,0,0.0,0,0.03,1.0,0,0,0,0,0,0,0,0,0,0,1,0,0,0,0,0,0,0,0,0,0,0,0,0,0,0,0,0,0,0,0,0,0,0,0,0,0,0,0,0,0,0,0,0,0,0,0,0,0,0,0,0,0,0,0,0,0,0,0,0,0,0,0,0,0,0,0,0,0,0,0,6,0.0,0.0,1.0,0,0,0
511,1.0,0,255,1.0,0.86,0.0,0.0,0.14,1,0.0,1.0,0.0,0,0,1,0,0,0,0,0,0,0,0,0,0,0,0,satan,0,0,0,0,0,0,0,0,0,0,1,0,0.89,0,0.0,0.1,0,0,0,0,0,0,0,0,0,0,0,0,0,0,0,0,0,0,0,0,0,0,0,0,0,0,0,0,0,0,0,0,0,0,0,0,0,0,0,0,0,0,1,0,0,0,0,0,0,0,0,0,0,0,0,0,0,0,0,0,0,0,0,0,0,0,0,0,0,0,0,1,0.0,1.0,0.0,0,0,0
1,0.0,333,66,0.06,0.0,0.02,0.55,0.0,129,0.02,0.0,0.13,1,0,0,0,0,0,0,0,0,0,1,0,0,0,0,normal,0,1,0,0,0,0,0,0,0,0,1,0,0.0,0,1.0,0.0,0,0,0,0,0,0,0,0,0,0,0,0,0,0,0,0,0,0,0,0,0,0,0,0,0,0,0,0,0,0,0,0,0,0,0,0,0,0,0,0,0,0,0,0,0,0,0,0,0,0,0,0,1,0,0,0,0,0,0,0,0,0,0,0,0,0,0,0,0,0,772,1,0.0,0.0,0.0,0,0,0
510,0.0,0,255,0.17,0.0,0.56,0.56,0.0,142,0.0,0.0,0.0,0,0,0,0,0,0,0,0,0,0,1,0,0,0,0,smurf,0,0,0,0,0,0,0,0,0,1,0,0,0.0,0,1.0,0.0,0,0,0,0,0,0,0,0,0,0,0,0,1,0,0,0,0,0,0,0,0,0,0,0,0,0,0,0,0,0,0,0,0,0,0,0,0,0,0,0,0,0,0,0,0,0,0,0,0,0,0,0,0,0,0,0,0,0,0,0,0,0,0,0,0,0,0,0,0,0,1032,510,0.0,0.0,0.0,0,0,0
484,1.0,0,255,1.0,0.92,0.0,0.0,0.08,1,0.0,1.0,0.0,0,0,1,0,0,0,0,0,0,0,0,0,0,0,0,satan,0,0,0,0,0,0,0,0,0,0,1,0,0.93,0,0.0,0.06,0,0,0,0,0,0,0,0,0,0,0,0,0,0,0,0,0,0,0,0,0,0,0,0,0,0,0,0,0,0,0,0,0,0,0,0,0,0,0,0,0,0,0,0,0,0,0,1,0,0,0,0,0,0,0,0,0,0,0,0,0,0,0,0,0,0,0,0,0,0,0,1,0.0,1.0,0.0,0,0,0
117,0.07,0,255,0.07,1.0,0.0,0.04,0.0,11,0.0,1.0,0.0,0,0,1,0,0,0,0,0,0,0,0,0,0,0,0,neptune,0,0,0,0,0,0,0,0,0,0,1,0,1.0,0,0.09,0.0,0,0,0,0,0,0,0,0,0,0,0,0,0,0,0,0,0,0,0,0,0,0,0,1,0,0,0,0,0,0,0,0,0,0,0,0,0,0,0,0,0,0,0,0,0,0,0,0,0,0,0,0,0,0,0,0,0,0,0,0,0,0,0,0,0,0,0,0,0,0,0,11,0.0,1.0,0.0,0,0,0
3,0.0,3502,162,0.0,0.0,0.01,1.0,0.0,255,0.02,0.0,0.0,0,0,0,0,0,0,0,0,0,0,1,0,0,0,0,normal,0,1,0,0,0,0,0,0,0,0,1,0,0.0,0,1.0,0.0,0,0,0,0,0,0,0,0,0,0,0,0,0,0,0,0,0,0,0,0,0,1,0,0,0,0,0,0,0,0,0,0,0,0,0,0,0,0,0,0,0,0,0,0,0,0,0,0,0,0,0,0,0,0,0,0,0,0,0,0,0,0,0,0,0,0,0,0,0,0,327,34,0.12,0.0,0.0,0,0,0
51,0.08,0,255,0.06,0.0,1.0,0.35,0.0,90,0.0,0.0,0.0,0,0,0,0,0,0,0,0,0,0,1,0,0,0,0,satan,0,0,0,0,0,0,0,0,0,0,0,1,0.0,0,0.47,0.0,0,0,0,0,0,0,0,0,0,0,0,0,0,0,0,0,0,0,0,0,0,0,0,0,0,0,0,0,0,0,0,0,0,0,0,0,0,0,0,0,0,0,0,0,0,0,0,1,0,0,0,0,0,0,0,0,0,0,0,0,0,0,0,0,0,0,0,0,0,0,1,24,0.0,0.0,0.0,0,0,0
254,0.06,0,255,0.08,0.0,0.0,0.01,1.0,2,0.0,0.0,1.0,0,0,0,0,0,0,1,0,0,0,0,0,0,0,0,neptune,0,0,0,0,0,0,0,0,0,0,1,0,0.0,0,0.02,1.0,0,0,0,0,0,0,0,0,0,0,0,0,0,0,0,0,0,0,0,0,0,0,0,0,0,0,0,0,0,0,0,0,0,0,0,0,0,0,0,0,0,0,0,0,0,0,0,1,0,0,0,0,0,0,0,0,0,0,0,0,0,0,0,0,0,0,0,0,0,0,0,5,0.0,0.0,1.0,0,0,0
2,0.0,15351,25,0.0,0.0,0.04,1.0,0.0,255,0.04,0.0,0.0,0,0,0,0,0,0,0,0,0,0,1,0,0,0,0,normal,0,1,0,0,0,0,0,0,0,0,1,0,0.0,0,1.0,0.0,0,0,0,0,0,0,0,0,0,0,0,0,0,0,0,0,0,0,0,0,0,1,0,0,0,0,0,0,0,0,0,0,0,0,0,0,0,0,0,0,0,0,0,0,0,0,0,0,0,0,0,0,0,0,0,0,0,0,0,0,0,0,0,0,0,0,0,0,0,0,206,2,0.0,0.0,0.0,0,0,0
135,0.07,0,255,0.06,1.0,0.0,0.07,0.0,18,0.0,1.0,0.0,0,0,0,1,0,0,0,0,0,0,0,0,0,0,0,neptune,0,0,0,0,0,0,0,0,0,0,1,0,1.0,0,0.13,0.0,0,0,0,0,0,0,0,0,0,0,0,0,0,0,0,0,0,0,0,0,0,0,0,0,0,0,0,0,0,0,0,0,1,0,0,0,0,0,0,0,0,0,0,0,0,0,0,0,0,0,0,0,0,0,0,0,0,0,0,0,0,0,0,0,0,0,0,0,0,0,0,18,0.0,1.0,0.0,0,0,0
1,0.0,0,107,0.0,0.02,0.01,1.0,0.0,255,0.09,0.48,0.0,0,0,1,0,0,0,0,0,0,0,0,0,0,0,0,normal,0,0,0,0,0,0,0,0,0,0,1,0,1.0,0,1.0,0.0,0,0,0,0,0,0,0,0,0,0,0,0,0,0,0,0,0,0,0,0,0,1,0,0,0,0,0,0,0,0,0,0,0,0,0,0,0,0,0,0,0,0,0,0,0,0,0,0,0,0,0,0,0,0,0,0,0,0,0,0,0,0,0,0,0,0,0,0,0,0,0,35,0.11,0.89,0.0,0,0,0
5,0.0,3983,5,0.0,0.0,0.2,1.0,0.0,255,0.03,0.0,0.0,0,0,0,0,0,0,0,0,0,0,1,0,0,0,0,normal,0,1,0,0,0,0,0,0,0,0,1,0,0.0,0,1.0,0.0,0,0,0,0,0,0,0,0,0,0,0,0,0,0,0,0,0,0,0,0,0,1,0,0,0,0,0,0,0,0,0,0,0,0,0,0,0,0,0,0,0,0,0,0,0,0,0,0,0,0,0,0,0,0,0,0,0,0,0,0,0,0,0,0,0,0,0,0,0,0,216,5,0.0,0.0,0.0,0,0,0
236,0.0,0,255,0.0,0.0,1.0,1.0,0.0,255,0.0,0.0,0.0,0,0,0,0,0,0,0,0,0,0,1,0,0,0,0,smurf,0,0,0,0,0,0,0,0,0,1,0,0,0.0,0,1.0,0.0,0,0,0,0,0,0,0,0,0,0,0,0,1,0,0,0,0,0,0,0,0,0,0,0,0,0,0,0,0,0,0,0,0,0,0,0,0,0,0,0,0,0,0,0,0,0,0,0,0,0,0,0,0,0,0,0,0,0,0,0,0,0,0,0,0,0,0,0,0,0,1032,236,0.0,0.0,0.0,0,0,0
2,0.0,3373,233,0.03,0.0,0.0,0.27,0.0,62,0.0,0.0,0.0,32,0,0,0,0,0,0,0,0,0,1,0,24,1,0,normal,0,1,0,0,0,0,0,0,0,0,1,0,0.0,0,1.0,0.0,0,0,0,0,0,0,0,0,0,0,0,0,0,0,0,0,1,0,0,0,0,0,0,0,0,0,0,0,0,0,0,0,0,0,0,0,0,0,0,0,0,0,0,0,0,0,0,0,0,0,0,0,0,0,0,0,0,0,0,0,0,0,0,0,0,0,0,0,0,0,1141,2,0.0,0.0,0.0,0,0,0
157,0.05,0,255,0.07,0.0,0.0,0.02,1.0,4,0.0,0.0,1.0,0,0,0,0,0,0,1,0,0,0,0,0,0,0,0,neptune,0,0,0,0,0,0,0,0,0,0,1,0,0.0,0,0.13,1.0,0,0,0,0,0,0,0,0,0,0,0,0,0,0,0,0,0,0,0,0,0,0,0,0,0,0,0,0,0,0,0,0,0,0,0,0,0,0,0,0,0,0,0,0,0,0,0,1,0,0,0,0,0,0,0,0,0,0,0,0,0,0,0,0,0,0,0,0,0,0,0,20,0.0,0.0,1.0,0,0,0
181,0.07,0,220,0.08,0.0,0.0,0.01,0.94,3,0.0,0.0,1.0,0,0,0,0,0,0,1,0,0,0,0,0,0,0,0,neptune,0,0,0,0,0,0,0,0,0,0,1,0,0.0,0,0.02,1.0,0,0,0,0,0,0,0,0,0,0,0,0,0,0,0,0,0,0,0,0,0,0,0,0,0,0,0,0,0,0,0,0,0,0,0,0,0,0,0,0,0,0,0,0,0,0,0,1,0,0,0,0,0,0,0,0,0,0,0,0,0,0,0,0,0,0,0,0,0,0,0,3,0.0,0.0,1.0,0,0,0
282,0.06,0,255,0.07,0.0,0.0,0.07,1.0,19,0.0,0.0,1.0,0,0,0,0,0,0,1,0,0,0,0,0,0,0,0,neptune,0,0,0,0,0,0,0,0,0,0,1,0,0.0,0,0.02,1.0,0,0,0,0,0,0,0,0,0,0,0,0,0,0,0,0,0,0,0,0,1,0,0,0,0,0,0,0,0,0,0,0,0,0,0,0,0,0,0,0,0,0,0,0,0,0,0,0,0,0,0,0,0,0,0,0,0,0,0,0,0,0,0,0,0,0,0,0,0,0,0,6,0.0,0.0,1.0,0,0,0
284,0.06,0,255,0.06,0.0,0.0,0.03,1.0,7,0.0,0.0,1.0,0,0,0,0,0,0,1,0,0,0,0,0,0,0,0,neptune,0,0,0,0,0,0,0,0,0,0,1,0,0.0,0,0.06,1.0,0,0,0,0,0,0,0,0,0,0,0,0,0,0,0,0,0,0,0,0,0,0,0,0,0,0,0,0,0,0,0,0,0,0,0,0,0,0,0,0,0,0,0,0,0,0,0,1,0,0,0,0,0,0,0,0,0,0,0,0,0,0,0,0,0,0,0,0,0,0,0,17,0.0,0.0,1.0,0,0,0
1,0.0,338,227,0.03,0.0,0.0,0.4,0.0,111,0.02,0.0,0.01,0,0,0,0,0,0,0,0,0,0,1,0,0,0,0,normal,0,1,0,0,0,0,0,0,0,0,1,0,0.0,0,1.0,0.0,0,0,0,0,0,0,0,0,0,0,0,0,0,0,0,0,0,0,0,0,0,0,0,0,0,0,0,0,0,0,0,0,0,0,0,0,0,0,0,0,0,0,0,0,0,0,0,0,0,0,0,0,1,0,0,0,0,0,0,0,0,0,0,0,0,0,0,0,0,0,2971,1,0.0,0.0,0.0,0,0,0
2,0.0,105,255,0.54,0.0,0.74,0.01,0.0,2,0.0,0.0,0.0,9866,0,0,0,0,0,0,0,0,0,1,0,0,0,0,normal,0,0,0,0,0,0,0,0,0,0,0,1,0.0,0,1.0,0.0,0,0,0,0,0,0,0,0,0,0,0,0,0,0,0,0,0,0,0,0,0,0,0,0,0,0,0,0,0,0,0,0,0,0,0,0,0,0,0,0,0,0,1,0,0,0,0,0,0,0,0,0,0,0,0,0,0,0,0,0,0,0,0,0,0,0,0,0,0,0,146,2,0.0,0.0,0.0,0,0,0
13,0.0,6163,217,0.0,0.0,0.0,1.0,0.0,255,0.01,0.0,0.0,0,0,0,0,0,0,0,0,0,0,1,0,0,0,0,normal,0,1,0,0,0,0,0,0,0,0,1,0,0.0,0,1.0,0.0,0,0,0,0,0,0,0,0,0,0,0,0,0,0,0,0,0,0,0,0,0,1,0,0,0,0,0,0,0,0,0,0,0,0,0,0,0,0,0,0,0,0,0,0,0,0,0,0,0,0,0,0,0,0,0,0,0,0,0,0,0,0,0,0,0,0,0,0,0,0,285,13,0.0,0.0,0.0,0,0,0
17,0.0,133,255,0.01,0.0,0.0,0.99,0.0,253,0.0,0.0,0.0,0,0,0,0,0,0,0,0,0,0,1,0,0,0,0,normal,0,0,0,0,0,0,0,0,0,0,0,1,0.0,0,1.0,0.0,0,0,0,0,0,0,0,0,0,1,0,0,0,0,0,0,0,0,0,0,0,0,0,0,0,0,0,0,0,0,0,0,0,0,0,0,0,0,0,0,0,0,0,0,0,0,0,0,0,0,0,0,0,0,0,0,0,0,0,0,0,0,0,0,0,0,0,0,0,0,43,97,0.02,0.0,0.0,0,0,0
148,0.05,0,255,0.06,1.0,0.0,0.07,0.0,19,0.0,1.0,0.0,0,0,1,0,0,0,0,0,0,0,0,0,0,0,0,neptune,0,0,0,0,0,0,0,0,0,0,1,0,1.0,0,0.13,0.0,0,0,0,0,0,0,0,0,0,0,0,0,0,0,0,0,0,0,0,0,0,0,0,1,0,0,0,0,0,0,0,0,0,0,0,0,0,0,0,0,0,0,0,0,0,0,0,0,0,0,0,0,0,0,0,0,0,0,0,0,0,0,0,0,0,0,0,0,0,0,0,19,0.0,1.0,0.0,0,0,0
1,0.0,0,9,0.0,1.0,0.11,1.0,0.0,79,0.14,1.0,0.0,0,0,1,0,0,0,0,0,0,0,0,0,0,0,0,normal,0,0,0,0,0,0,0,0,0,0,1,0,1.0,0,1.0,0.0,0,0,0,0,0,0,0,0,0,0,0,0,0,0,0,0,0,0,0,0,0,1,0,0,0,0,0,0,0,0,0,0,0,0,0,0,0,0,0,0,0,0,0,0,0,0,0,0,0,0,0,0,0,0,0,0,0,0,0,0,0,0,0,0,0,0,0,0,0,0,0,1,0.0,1.0,0.0,0,0,0
1,0.0,1391,4,0.0,0.0,0.25,1.0,0.0,34,0.06,0.0,0.0,12,0,0,0,0,0,0,0,0,0,1,0,0,0,0,normal,0,1,0,0,0,0,0,0,0,0,1,0,0.0,0,1.0,0.0,0,0,0,0,0,0,0,0,0,0,0,0,0,0,0,0,0,0,0,0,0,0,0,0,0,0,0,0,0,0,0,0,0,0,0,0,0,0,0,0,0,0,0,0,0,0,0,0,0,0,0,0,1,0,0,0,0,0,0,0,0,0,0,0,0,0,0,0,0,0,11438,1,0.0,0.0,0.0,0,0,0
2,0.0,1380,255,0.01,0.0,0.0,0.97,0.0,247,0.0,0.0,0.0,0,0,0,0,0,0,0,0,0,0,1,0,0,0,0,normal,0,1,0,0,0,0,0,0,0,0,1,0,0.0,0,1.0,0.0,0,0,0,0,0,0,0,0,0,0,0,0,0,0,0,0,0,0,0,0,0,1,0,0,0,0,0,0,0,0,0,0,0,0,0,0,0,0,0,0,0,0,0,0,0,0,0,0,0,0,0,0,0,0,0,0,0,0,0,0,0,0,0,0,0,0,0,0,0,0,300,34,0.06,0.0,0.0,0,0,0
15,0.0,304,117,0.0,0.0,0.01,1.0,0.0,255,0.02,0.0,0.0,0,0,0,0,0,0,0,0,0,0,1,0,0,0,0,normal,0,1,0,0,0,0,0,0,0,0,1,0,0.0,0,1.0,0.0,0,0,0,0,0,0,0,0,0,0,0,0,0,0,0,0,0,0,0,0,0,1,0,0,0,0,0,0,0,0,0,0,0,0,0,0,0,0,0,0,0,0,0,0,0,0,0,0,0,0,0,0,0,0,0,0,0,0,0,0,0,0,0,0,0,0,0,0,0,0,327,15,0.0,0.0,0.0,0,0,0
1,0.0,597,36,0.08,0.0,0.03,0.64,0.0,23,0.0,0.0,0.0,281,0,0,0,0,0,0,0,0,0,1,0,2,1,0,warezmaster,0,1,0,0,0,0,0,0,0,0,1,0,0.0,0,1.0,0.0,0,0,0,0,0,0,0,0,0,0,0,0,0,0,0,0,1,0,0,0,0,0,0,0,0,0,0,0,0,0,0,0,0,0,0,0,0,0,0,0,0,0,0,0,0,0,0,0,0,0,0,0,0,0,0,0,0,0,0,0,0,0,0,0,0,0,0,0,0,0,158,1,0.0,0.0,0.0,0,0,0
1,0.0,0,207,0.03,0.0,0.32,0.32,0.0,67,0.0,0.0,0.0,0,0,0,0,0,0,0,0,0,0,1,0,0,0,0,normal,0,1,0,0,0,0,0,0,0,0,1,0,0.0,0,1.0,0.0,0,0,0,0,0,0,0,0,0,0,0,0,0,0,0,0,0,1,0,0,0,0,0,0,0,0,0,0,0,0,0,0,0,0,0,0,0,0,0,0,0,0,0,0,0,0,0,0,0,0,0,0,0,0,0,0,0,0,0,0,0,0,0,0,0,0,0,0,0,0,2881,1,0.0,0.0,0.0,0,0,0
3,0.67,0,1,0.0,0.0,1.0,1.0,0.0,1,0.0,0.0,0.0,0,0,0,0,0,0,0,0,0,0,1,0,0,0,0,normal,0,1,0,0,0,0,0,6,0,0,1,0,0.0,0,0.33,0.0,0,0,0,0,0,0,0,0,0,0,0,0,0,0,0,0,0,1,0,0,0,0,0,0,0,0,0,0,0,0,0,0,0,0,0,0,0,0,0,0,0,0,0,0,0,0,0,0,0,0,0,0,0,0,0,0,0,0,0,0,0,0,0,0,0,0,0,0,0,0,567,1,0.0,0.0,0.0,0,0,0
281,0.01,137,246,0.01,0.0,0.0,0.86,0.0,211,0.0,0.0,0.0,0,0,0,0,0,0,0,0,0,0,1,0,0,0,0,normal,0,0,0,0,0,0,0,0,0,0,0,1,0.0,0,1.0,0.0,0,0,0,0,0,0,0,0,0,1,0,0,0,0,0,0,0,0,0,0,0,0,0,0,0,0,0,0,0,0,0,0,0,0,0,0,0,0,0,0,0,0,0,0,0,0,0,0,0,0,0,0,0,0,0,0,0,0,0,0,0,0,0,0,0,0,0,0,0,0,45,280,0.0,0.0,0.0,0,0,0
1,0.0,0,65,0.03,0.0,0.88,0.88,0.0,57,0.0,0.0,0.0,0,0,0,0,0,0,0,0,0,0,1,0,0,0,0,nmap,0,0,0,0,0,0,0,0,0,0,0,1,0.0,0,1.0,0.0,0,0,0,0,0,0,0,0,0,0,0,0,0,0,0,0,0,0,0,0,0,0,0,0,0,0,0,0,0,0,0,0,0,0,0,0,0,0,0,0,0,0,0,0,0,0,0,1,0,0,0,0,0,0,0,0,0,0,0,0,0,0,0,0,0,0,0,0,0,0,215,1,0.0,0.0,0.0,0,0,0
222,0.05,0,255,0.06,0.0,0.0,0.01,1.0,3,0.0,0.0,1.0,0,0,0,0,0,0,1,0,0,0,0,0,0,0,0,neptune,0,0,0,0,0,0,0,0,0,0,1,0,0.0,0,0.01,1.0,0,0,0,0,0,0,0,0,0,0,0,0,0,0,0,0,0,0,0,0,0,0,0,1,0,0,0,0,0,0,0,0,0,0,0,0,0,0,0,0,0,0,0,0,0,0,0,0,0,0,0,0,0,0,0,0,0,0,0,0,0,0,0,0,0,0,0,0,0,0,0,3,0.0,0.0,1.0,0,0,0
1,0.0,0,255,0.07,0.0,0.03,0.03,0.91,7,0.0,0.0,0.0,0,0,0,0,0,0,0,0,0,0,1,0,0,0,0,normal,0,1,0,0,0,0,0,0,0,0,1,0,0.0,0,1.0,0.0,0,0,0,0,0,0,0,0,0,0,0,0,0,0,0,0,0,1,0,0,0,0,0,0,0,0,0,0,0,0,0,0,0,0,0,0,0,0,0,0,0,0,0,0,0,0,0,0,0,0,0,0,0,0,0,0,0,0,0,0,0,0,0,0,0,0,0,0,0,0,8766,1,0.0,0.0,0.0,0,0,0
511,0.0,54,255,0.0,0.0,0.89,1.0,0.0,255,0.0,0.0,0.0,0,0,0,0,0,0,0,0,0,0,1,0,0,0,0,normal,0,0,0,0,0,0,0,0,0,0,0,1,0.0,0,1.0,0.0,0,0,0,0,0,0,0,0,0,0,0,0,0,0,0,0,0,0,0,0,0,0,0,0,0,0,0,0,0,0,0,0,0,0,0,0,0,0,0,0,0,0,0,0,0,0,0,1,0,0,0,0,0,0,0,0,0,0,0,0,0,0,0,0,0,0,0,0,0,0,54,511,0.0,0.0,0.0,0,0,0
62,0.06,0,255,0.07,0.0,0.0,0.02,1.0,6,0.0,0.0,1.0,0,0,0,0,0,0,1,0,0,0,0,0,0,0,0,neptune,0,0,0,0,0,0,0,0,0,0,1,0,0.0,0,0.1,1.0,0,0,0,0,0,0,0,0,0,0,0,0,0,0,0,0,0,0,0,0,0,0,0,0,0,0,0,0,0,0,0,0,0,0,0,0,0,0,0,0,0,0,0,0,0,0,0,1,0,0,0,0,0,0,0,0,0,0,0,0,0,0,0,0,0,0,0,0,0,0,0,6,0.0,0.0,1.0,0,0,0
1,0.0,597,255,0.03,0.0,0.0,0.4,0.0,102,0.0,0.0,0.0,282,0,0,0,0,0,0,0,0,0,1,0,2,1,0,warezmaster,0,1,0,0,0,0,0,0,0,0,1,0,0.0,0,1.0,0.0,0,0,0,0,0,0,0,0,0,0,0,0,0,0,0,0,1,0,0,0,0,0,0,0,0,0,0,0,0,0,0,0,0,0,0,0,0,0,0,0,0,0,0,0,0,0,0,0,0,0,0,0,0,0,0,0,0,0,0,0,0,0,0,0,0,0,0,0,0,0,162,1,0.0,0.0,0.0,0,0,0
155,0.0,68,255,0.01,0.0,0.0,0.65,0.0,166,0.0,0.0,0.0,0,0,0,0,0,0,0,0,0,0,1,0,0,0,0,normal,0,0,0,0,0,0,0,0,0,0,0,1,0.0,0,1.0,0.0,0,0,0,0,0,0,0,0,0,1,0,0,0,0,0,0,0,0,0,0,0,0,0,0,0,0,0,0,0,0,0,0,0,0,0,0,0,0,0,0,0,0,0,0,0,0,0,0,0,0,0,0,0,0,0,0,0,0,0,0,0,0,0,0,0,0,0,0,0,0,44,155,0.0,0.0,0.0,0,0,0
21,0.0,0,255,0.45,0.0,0.11,0.11,0.0,27,0.0,0.0,0.0,0,0,0,0,0,0,0,0,0,0,1,0,0,0,0,normal,0,0,0,0,0,0,0,0,0,0,1,0,0.0,0,1.0,0.0,0,0,0,0,0,0,0,0,0,0,0,0,0,0,0,0,0,1,0,0,0,0,0,0,0,0,0,0,0,0,0,0,0,0,0,0,0,0,0,0,0,0,0,0,0,0,0,0,0,0,0,0,0,0,0,0,0,0,0,0,0,0,0,0,0,0,0,0,0,0,3888,21,0.0,0.0,0.0,0,0,0
145,0.0,45,255,0.01,0.0,0.0,0.88,0.0,224,0.0,0.0,0.0,0,0,0,0,0,0,0,0,0,0,1,0,0,0,0,normal,0,0,0,0,0,0,0,0,0,0,0,1,0.0,0,1.0,0.0,0,0,0,0,0,0,0,0,0,1,0,0,0,0,0,0,0,0,0,0,0,0,0,0,0,0,0,0,0,0,0,0,0,0,0,0,0,0,0,0,0,0,0,0,0,0,0,0,0,0,0,0,0,0,0,0,0,0,0,0,0,0,0,0,0,0,0,0,0,0,45,145,0.0,0.0,0.0,0,0,0
1,0.0,334,100,0.03,0.0,0.01,0.71,0.0,205,0.01,0.0,0.0,1,0,0,0,0,0,0,0,0,0,1,0,0,0,0,normal,0,1,0,0,0,0,0,0,0,0,1,0,0.0,0,1.0,0.0,0,0,0,0,0,0,0,0,0,0,0,0,0,0,0,0,0,0,0,0,0,0,0,0,0,0,0,0,0,0,0,0,0,0,0,0,0,0,0,0,0,0,0,0,0,0,0,0,0,0,0,0,1,0,0,0,0,0,0,0,0,0,0,0,0,0,0,0,0,0,1703,2,1.0,0.0,0.0,0,0,0
14,0.0,8487,76,0.0,0.0,0.01,1.0,0.0,255,0.01,0.0,0.0,0,0,0,0,0,0,0,0,0,0,1,0,0,0,0,normal,0,1,0,0,0,0,0,0,0,0,1,0,0.0,0,1.0,0.07,0,0,0,0,0,0,0,0,0,0,0,0,0,0,0,0,0,0,0,0,0,1,0,0,0,0,0,0,0,0,0,0,0,0,0,0,0,0,0,0,0,0,0,0,0,0,0,0,0,0,0,0,0,0,0,0,0,0,0,0,0,0,0,0,0,0,0,0,0,0,214,14,0.0,0.0,0.07,0,0,0
1,0.0,0,137,0.52,0.48,0.15,0.16,0.0,49,0.04,0.02,0.0,0,0,0,0,0,0,0,0,0,0,1,0,0,0,0,normal,0,1,0,0,0,0,0,0,0,0,1,0,0.0,0,1.0,0.0,0,0,0,0,0,0,0,0,0,0,0,0,0,0,0,0,0,1,0,0,0,0,0,0,0,0,0,0,0,0,0,0,0,0,0,0,0,0,0,0,0,0,0,0,0,0,0,0,0,0,0,0,0,0,0,0,0,0,0,0,0,0,0,0,0,0,0,0,0,0,960,1,0.0,0.0,0.0,0,0,0
137,0.06,0,255,0.07,0.0,0.0,0.0,1.0,1,0.0,0.0,1.0,0,0,0,0,0,0,1,0,0,0,0,0,0,0,0,neptune,0,0,0,0,0,0,0,0,0,0,1,0,0.0,0,0.13,1.0,0,0,0,0,0,0,0,0,0,0,0,0,0,0,0,0,0,0,0,0,0,0,0,0,0,0,0,0,0,0,0,0,0,0,0,0,0,0,0,0,0,0,0,0,0,0,0,1,0,0,0,0,0,0,0,0,0,0,0,0,0,0,0,0,0,0,0,0,0,0,0,18,0.0,0.0,1.0,0,0,0
6,0.0,2549,255,0.0,0.0,0.0,1.0,0.0,255,0.0,0.0,0.0,0,0,0,0,0,0,0,0,0,0,1,0,0,0,0,normal,0,1,0,0,0,0,0,0,0,0,1,0,0.0,0,1.0,0.0,0,0,0,0,0,0,0,0,0,0,0,0,0,0,0,0,0,0,0,0,0,1,0,0,0,0,0,0,0,0,0,0,0,0,0,0,0,0,0,0,0,0,0,0,0,0,0,0,0,0,0,0,0,0,0,0,0,0,0,0,0,0,0,0,0,0,0,0,0,0,239,11,0.27,0.0,0.0,0,0,0
58,0.07,0,255,0.02,0.0,0.02,0.23,1.0,58,0.0,0.0,1.0,0,0,0,0,0,0,1,0,0,0,0,0,0,0,0,neptune,0,0,0,0,0,0,0,0,0,0,1,0,0.0,0,0.21,1.0,0,0,0,0,0,0,0,0,0,0,0,0,0,0,0,0,0,0,0,0,0,0,0,0,0,0,0,0,0,0,0,0,0,0,0,0,0,0,0,0,0,0,0,0,0,0,0,0,0,0,0,0,0,0,0,0,0,0,1,0,0,0,0,0,0,0,0,0,0,0,0,12,0.0,0.0,1.0,0,0,0
1,0.0,0,1,0.0,0.0,1.0,1.0,0.0,22,0.55,0.0,0.0,0,0,0,0,0,0,0,0,0,0,1,0,0,0,0,ipsweep,0,0,0,0,0,0,0,0,0,1,0,0,0.0,0,1.0,0.0,0,0,0,0,0,0,0,0,0,0,0,1,0,0,0,0,0,0,0,0,0,0,0,0,0,0,0,0,0,0,0,0,0,0,0,0,0,0,0,0,0,0,0,0,0,0,0,0,0,0,0,0,0,0,0,0,0,0,0,0,0,0,0,0,0,0,0,0,0,0,8,17,1.0,0.0,0.0,0,0,0
